:020000040800F2
:100000000040022011AE0008F1930008F5930008AB
:1000100000000000000000000000000000000000E0
:1000200000000000000000000000000055990008DA
:100030000000000000000000C1990008C9960008F7
:1000400061AE00080000000061AE000861AE00086B
:1000500061AE000861AE000861AE000861AE000844
:100060001D9400082D9400083D94000861AE00081E
:1000700061AE000861AE000861AE0008000000003B
:1000800061AE000861AE000861AE000861AE000814
:100090004D94000861AE000861AE000861AE000832
:1000A00061AE000861AE000861AE000861AE0008F4
:0800B00061AE000861AE00081A
:1000C00010B5064C2378002B07D1054B002B02D02E
:1000D000044800E000BF0123237010BD600400202D
:1000E00000000000F0E40308044B10B5002B03D01F
:1000F0000349044800E000BF10BDC04600000000F6
:1001000064040020F0E4030802B471464908490081
:10011000095649008E4402BC7047C04602B471467D
:1001200049084900095C49008E4402BC7047C0463A
:1001300003B47146490840004900095E49008E44F5
:1001400003BC704703B47146490840004900095A8E
:1001500049008E4403BC7047002243088B4274D38D
:1001600003098B425FD3030A8B4244D3030B8B42B8
:1001700028D3030C8B420DD3FF22090212BA030CC1
:100180008B4202D31212090265D0030B8B4219D3A2
:1001900000E0090AC30B8B4201D3CB03C01A5241C2
:1001A000830B8B4201D38B03C01A5241430B8B420A
:1001B00001D34B03C01A5241030B8B4201D30B03F3
:1001C000C01A5241C30A8B4201D3CB02C01A52411A
:1001D000830A8B4201D38B02C01A5241430A8B42DD
:1001E00001D34B02C01A5241030A8B4201D30B02C6
:1001F000C01A5241CDD2C3098B4201D3CB01C01AE0
:10020000524183098B4201D38B01C01A52414309E9
:100210008B4201D34B01C01A524103098B4201D3D7
:100220000B01C01A5241C3088B4201D3CB00C01A44
:10023000524183088B4201D38B00C01A52414308BC
:100240008B4201D34B00C01A5241411A00D20146E1
:10025000524110467047FFE701B5002000F0F0F86A
:1002600002BDC0460029F7D076E7704703460B432E
:100270007FD4002243088B4274D303098B425FD39F
:10028000030A8B4244D3030B8B4228D3030C8B42CB
:100290000DD3FF22090212BA030C8B4202D31212B1
:1002A000090265D0030B8B4219D300E0090AC30B86
:1002B0008B4201D3CB03C01A5241830B8B4201D333
:1002C0008B03C01A5241430B8B4201D34B03C01A1C
:1002D0005241030B8B4201D30B03C01A5241C30A94
:1002E0008B4201D3CB02C01A5241830A8B4201D305
:1002F0008B02C01A5241430A8B4201D34B02C01AEF
:100300005241030A8B4201D30B02C01A5241CDD293
:10031000C3098B4201D3CB01C01A524183098B42DE
:1003200001D38B01C01A524143098B4201D34B01C7
:10033000C01A524103098B4201D30B01C01A52412A
:10034000C3088B4201D3CB00C01A524183088B42B1
:1003500001D38B00C01A524143088B4201D34B009A
:10036000C01A5241411A00D201465241104670470C
:100370005DE0CA0F00D04942031000D34042534011
:1003800000229C4603098B422DD3030A8B4212D3D1
:10039000FC22890112BA030A8B420CD38901921103
:1003A0008B4208D3890192118B4204D389013AD040
:1003B000921100E08909C3098B4201D3CB01C01A15
:1003C000524183098B4201D38B01C01A5241430928
:1003D0008B4201D34B01C01A524103098B4201D316
:1003E0000B01C01A5241C3088B4201D3CB00C01A83
:1003F000524183088B4201D38B00C01A5241D9D29B
:1004000043088B4201D34B00C01A5241411A00D21B
:100410000146634652415B10104601D34042002B17
:1004200000D54942704763465B1000D3404201B596
:10043000002000F005F802BD0029F8D016E770474B
:100440007047C0468446101C62468C46191C6346A1
:1004500000E0C0461FB501F073FE002801D4002162
:10046000C8421FBD10B501F0CBFD4042013010BDA8
:1004700010B501F065FE002801DB002010BD012051
:1004800010BDC04610B501F05BFE002801DD002064
:1004900010BD012010BDC04610B501F0EDFD0028D3
:1004A00001DC002010BD012010BDC04610B501F0D8
:1004B000E3FD002801DA002010BD012010BDC04678
:1004C0008446081C6146FFE71FB500F08BFB00283F
:1004D00001D40021C8421FBD10B500F00DFB404201
:1004E000013010BD10B500F07DFB002801DB0020BD
:1004F00010BD012010BDC04610B500F073FB0028F0
:1005000001DD002010BD012010BDC04610B500F077
:100510001BFB002801DC002010BD012010BDC046DF
:1005200010B500F011FB002801DA002010BD0120F9
:1005300010BDC0469E2110B5C905041CFFF7F0FF91
:10054000002803D1201C00F093FE10BD9E21201C2A
:10055000C90500F0C9FC00F08BFE80231B069C46F9
:100560006044F2E770B500220C4B04000D00FFF769
:100570009DFF002804D12000290002F003FC70BD7B
:10058000064B00222000290002F0B4F802F0FAFB2A
:1005900080231B069C466044F1E7C0460000E04112
:1005A000F8B54746CE4643025B0A4400C20F9C465C
:1005B0004800DD004B02240E5B0A000E80B5984611
:1005C00026009146C90FDB00271A8A4229D0002F46
:1005D00015DD00284AD1002B00D095E0ED08FF2C56
:1005E00000D188E06B025B0AE6B25B02F605580AAE
:1005F0003043D20710430CBC90469946F8BD002FFB
:1006000000D087E0601CC0B2012800DCB6E0EE1A22
:10061000720100D5C5E0002E3DD100220026002346
:10062000E3E7002F00DC96E000285DD0FF2C60D0CF
:100630008022D20413431B2F00DDECE02022D21BCA
:1006400018009340F8405A1E93410343ED186B0184
:100650007BD50134FF2C00D1B7E0012207262A40C8
:100660006B089A4D1D4015432E4029E0FF2CB5D054
:100670008022D20413431B2F00DDB2E02022D21BC4
:1006800019009340F9405A1E93410B43ED1A6B0138
:100690005BD5AD01AE09300002F0ECFC05388640B8
:1006A000844265DC041B330020200134E340041B3A
:1006B000A640751EAE41334307261D0000241E4090
:1006C00001224B461A40002E04D00F232B40042B4E
:1006D00000D004356B0100D480E70134E6B2FF2C72
:1006E0002FD1FF26002380E7002B52D1FF2C00D012
:1006F00074E70A00ED08002DF3D08023DB032B43C1
:100700005B025B0AFF2670E7013F002FBED0FF2C83
:10071000B1D163E7002C47D0FF2869D08024E404DE
:100720007A4225431B2A00DDC5E02C002026D44058
:10073000B21A95406A1E954125435D1B0400894607
:10074000A5E7AB015B0A50E7002401224B461A40A3
:100750006B07BAD142E7002F3BD10134E0B2012848
:100760004ADDFF2CBDD00726ED186D082E40A7E707
:100770000723574D241A35401E40A1E7002C1BD1FA
:10078000002D6ED1002B00D19AE00A001D003C0024
:1007900024E7013F002F00D158E7FF2C00D04AE7A3
:1007A000A7E75E1B894676E7002D1CD10A00FF28CB
:1007B0001FD004001D0011E7002D5DD1002B17D1C3
:1007C00080230022DB03FF260FE70A00FF26002319
:1007D0000BE7002C21D1002D66D1FF28E9D11D00A7
:1007E00087E7012352E77A1CA7D0FA43FF2899D163
:1007F0000A001D00FF24F1E6002E21D1002D4FD06C
:10080000002B4CD0ED186B019ED5314B07362E4096
:1008100001241D4054E7012318E7FF28DFD080247E
:10082000E4047F4225431B2F4DDC2026F61B2C00C1
:10083000B540FC406A1E95412543ED18040006E7CB
:10084000002DCCD0002B00D153E780216046C90396
:10085000084203D04046084200D11D00012111404A
:1008600047E7002B00D1B9E6EA1A500125D5072643
:100870005D1B2E40894623E7FF24002B00D1ADE607
:1008800080226046D203104204D04046104201D17B
:100890001D00894601224B46FF241A409EE62B008C
:1008A000DD080A0000249DE67A1CC6D0FF43FF281D
:1008B000B9D11D001DE701253FE7151E00D044E713
:1008C0000022002391E60125B7E7C046FFFFFF7D28
:1008D000FFFFFFFBF8B557464E464546DE4644024D
:1008E000E0B546008846640A360EC70F002E63D076
:1008F000FF2E24D08023E400DB041C430023994610
:100900009B467F3E434642465D02D20F5B006D0A26
:100910001B0E9046924665D0FF2B55D080220021B9
:10092000ED00D2047F3B1543F61A43464A467B400E
:100930000F2A00D98DE06D48920082589746002C0E
:1009400054D108239946063BFF269B46DAE700254B
:10095000534602291BD0032900D1BFE0012928D02A
:1009600030007F30002820DD6A0704D00F222A40A3
:10097000042A00D004352A0103D530005C4A8030B7
:100980001540FE2803DCAC01640AC2B201E0FF227C
:1009900000246402D205600ADB07104318433CBC04
:1009A00090469946A246AB46F8BD0122101A1B2874
:1009B0007CDD00220024ECE7002C1DD104239946A5
:1009C000033B00269B469DE7FF3E002D20D10221E0
:1009D00043464A467B400A430F2AD8D845489200EE
:1009E00082589746002D19D10121F1E70C23994631
:1009F000093BFF269B4685E7200002F03BFB76265D
:100A0000431F9C4000237642361A99469B4679E75D
:100A10004A4603231A439146032186E7280002F041
:100A200029FB431F36189D40763600217DE7802440
:100A30000023E403FF22ACE700258023DB031C42F4
:100A400028D01D4226D12B435C02640A4346FF2274
:100A50009FE762016C01A24224D21B210025013EC6
:100A6000012710006D005200002801DB944201D8DC
:100A7000121B3D4301390029F3D11400621E944139
:100A800025436DE7BA46594625005346022900D052
:100A900061E77CE78023DB031C436402640A3B00BC
:100AA000FF2276E7121B1A210125D9E79E362A007C
:100AB000B5402C00C240651EAC411443620704D00F
:100AC0000F222240042A00D00434620103D4A4017E
:100AD000640A00225DE7012200245AE78024E4032F
:100AE0002C436402640AFF2253E7C04608E503086A
:100AF000FFFFFFF748E5030870B542004E024C00C7
:100B000045026D0A120EC30F760A240EC90FFF2A82
:100B10000FD0FF2C11D00120A24200D070BDB542F1
:100B2000FCD18B420DD0002AF8D12800451EA841E7
:100B3000F4E70120002DF1D1EBE70120002EEDD1EB
:100B4000E9E70020EAE7C04670B54A004E024502D8
:100B500044006D0A240EC30F760A120EC90FFF2C33
:100B600015D0FF2A0ED0002C15D1002A01D1002E5D
:100B70001CD0002D14D08B4227D00220013B1840FE
:100B8000013870BD002EEED002204042F9E7002D62
:100B9000FAD1FF2A0ED0002A0ED1002EEDD00BE0A4
:100BA00001230139994308000130EAE70020002DB4
:100BB000E7D0E2E7002EE7D18B42DED1944205DD9B
:100BC0000221581E08400138DBE70024A24204DC61
:100BD000B542D2D80020B542D3D2581E0123984343
:100BE0000130CEE730B5420044024D02C30F480049
:100BF000640A120E6D0A000EC90FFF2A12D0FF28D8
:100C00000CD0002A12D1002819D1002D17D1002CA8
:100C10002BD00220013B1840013826E0002DF0D0F7
:100C2000022022E0002CFBD1FF281FD000281FD17A
:100C3000002D1DD10220013B1840013815E0002C89
:100C40000ED08B42E5D10022904204DCAC42E0D8C9
:100C50000020AC4209D2581E01239843013004E021
:100C60000123013999430800013030BD002DD7D14F
:100C70008B42CED18242E7DD0221581E0840013866
:100C8000F3E7C046F0B54E4657464546DE46E0B56A
:100C900043025B0A450083B00F1C99462D0EC60F18
:100CA000002D57D0FF2D24D08020DB00C004184336
:100CB000002381469A469B467F3D7C027A00FB0FCB
:100CC000640A120E984623D0FF2A4BD0E3008024FA
:100CD0000020E4047F3A1C43AD186B1C4746019387
:100CE000534677403A000F2B48D87D499B00CB589C
:100CF0009F46002B00D085E008339A46063B9B4672
:100D00007C027A00FB0FFF25640A120E9846DBD1A5
:100D1000002C00D090E0524601231A439246012055
:100D2000DBE74C4658461700022824D0032800D1A0
:100D3000CFE00022002301284DD15802D205400AFD
:100D4000FF071043384303B03CBC90469946A24687
:100D5000AB46F0BD002B5BD104239A46033B002534
:100D60009B46AAE7FF35002C60D1524602231A4366
:100D700092460220B1E7FF220023DEE74B461B0C20
:100D80009C464B462604360C180461463300220C60
:100D90006446000C43434E435043544380191A0C9D
:100DA0001218964203D9802149028C4664441B04E0
:100DB0001B0C1004C01883015E1EB341800E184343
:100DC000130C1B199B0103431C00230179D501233C
:100DD00062081C401443019A7F32002A4DDD6307EC
:100DE00004D00F232340042B00D00434230103D567
:100DF0003C4B019A1C408032FE2ABCDCA3015B0AFA
:100E0000D2B29AE70C239A46093BFF259B4654E74A
:100E1000180002F02FF94A46431F76259A40002316
:100E20006D4291462D1A9A469B4646E75246032349
:100E30001A439246032050E7200002F01BF9431F9B
:100E40002D1A9C40763D002047E780230027DB03D6
:100E5000FF2272E7424666E74C463200584662E798
:100E600080234A46DB031A4222D01C4220D123436E
:100E70005B025B0A4746FF225FE701239A1A1B2A9F
:100E800021DC23000199D3409E318C401A002300BD
:100E90005C1EA34113435A0704D00F221A40042AB0
:100EA00000D004335A0111D49B015B0A002244E7AD
:100EB00080234A46DB0313435B025B0A3700FF22B1
:100EC0003BE7019587E70022002336E70122002354
:100ED00033E78023DB0323435B025B0AFF222CE71B
:100EE00088E50308FFFFFFF7F8B54746CE46440004
:100EF000C20F80B547024802400A84466646480051
:100F00007F0A240EF60025009046FB00000EC90F54
:100F1000B146FF2800D185E001267140261A914292
:100F200057D0002E43DD002800D07FE0494600293D
:100F300000D1AAE0013E002E00D0F7E05B1A5A0172
:100F400000D48BE09B019C09200002F093F8053847
:100F50008440854200DDD3E0451B2300202001357D
:100F6000EB40451BAC40621E9441234307240025FF
:100F70001C40012241460A40002C04D00F21194098
:100F8000042900D00433590100D480E00135ECB2CB
:100F9000FF2D00D0A3E0FF2400235B02E405580AE4
:100FA000D207204310430CBC90469946F8BD002E52
:100FB00074D1601CC0B2012800DCA7E04A469C1A2C
:100FC000620100D5B6E0002CBED10022002400232F
:100FD000E3E7002E00DC85E0002846D0FF2C49D056
:100FE00080224846D2041043814601221B2E09DC90
:100FF00020204C46801B84404A462000F240441E7C
:10100000A04102439B185A0128D50135FF2D00D17C
:10101000A8E00122072494491A405B080B401343BF
:101020001C40A6E7002E00D078E775E7FF2C54D0CF
:1010300080224946D2041143894601221B2E09DC35
:1010400020214846891B88404A460100F240481E3C
:1010500081410A439B1A5A0100D573E70122414698
:101060000A40590700D089E711E04846002858D1C6
:10107000FF2C0CD1DB08002B00D18CE78020C003B3
:1010800003435B025B0AFF2487E7FF2C25D0DB08C4
:10109000FF2DF0D05B025B0AECB27EE7002C4DD056
:1010A000FF2818D08024E404724223431B2A00DD69
:1010B000C4E01C002025D440AA1A93405A1E934134
:1010C00023434A460500D31A884638E7721CF8D0F5
:1010D000F243FF28EAD10A004B46FF25D7E79B01E0
:1010E0005B0A5AE7002E41D1651CE9B2012945DDB2
:1010F000FF2D00D14FE707244B445B081C4038E725
:1011000007225A4B2D1A2340144032E7002C1DD1E0
:10111000002B7AD14B46002B00D191E00A0000252C
:10112000B5E7013E002E19D14B446CE7FF2C84D16A
:10113000FF25ACE74A468846D41A05E7002BC5D1FF
:101140000A00FF28C8D005004B46A0E7002B49D174
:101150004B46002B77D00A00FF2598E7FF2C00D0E4
:1011600043E787E70A00FF24002316E7002C15D188
:10117000002B57D1FF28E6D14B467BE7002C20D12E
:10118000002B57D04946002953D04B445A0168D50B
:101190000724364A1C4001251340EAE6FF28EBD01D
:1011A0008022D204764213431B2E53DC2025AD1B34
:1011B0001A00AB40F2405C1EA34113434B440500B0
:1011C00021E7002BD8D04946002900D152E78021E1
:1011D000C9030F4200D14DE76046084200D049E7FD
:1011E0004B4647E74846FF25002800D14FE78022BD
:1011F000D203174204D06046104201D14B468846C4
:1012000001224146FF250A4041E7484600281FD0F9
:101210001A1A500120D54A460724D31A1C40884682
:101220000025A6E6741CC9D0F643FF28BCD14B4666
:1012300020E799464B460025DB082BE7012340E7D2
:1012400000220023A9E680230022DB03FF24A4E67A
:1012500000251CE70123B1E7002AF1D01300002587
:10126000FCE60025FAE6C046FFFFFF7DFFFFFFFB1F
:1012700041024200C30F490A120E00207E2A0DD9F6
:101280009D2A0CD8802000040143952A0ADC962070
:10129000821AD1404842002B00D108007047034A0F
:1012A0009818FBE7963A9140F4E7C046FFFFFF7FAE
:1012B00070B500283DD0C317C5185D40C40F280085
:1012C00001F0D8FE9E22121A962A07DCD2B2082814
:1012D00033DD083885406802400A23E0992A0BDD97
:1012E000052329001B1AD94003001B339D402B0006
:1012F0005D1EAB4119430D00052801DD431F9D40D4
:101300002B000F490B406E0709D00F263540042DE6
:1013100005D004335D0102D59F220B40121A9B01B8
:10132000580AD2B24002D205400AE40710432043D3
:1013300070BD002400220020F4E76802400AF1E7B3
:10134000FFFFFFFB70B5041E34D001F093FE9E2218
:10135000121A962A07DCD2B208282EDD08388440FB
:101360006002400A21E0992A09DD030021001B33B5
:1013700099404B1E994105231B1ADC400C4305285C
:1013800001DD431F9C4023000D490B40650709D038
:101390000F252C40042C05D004335C0102D59F227C
:1013A0000B40121A9B01580AD2B24002D205400AE1
:1013B000104370BD00220020F7E76002400AF4E706
:1013C000FFFFFFFBF0B54F464646D6460C0009032B
:1013D000C0B5490A470F5E0039431F03DB0F9C4627
:1013E00065007B0A570F1F436D0DE40F760DA14674
:1013F000C000B846D200AB1B64457BD0002B5FDD3C
:10140000002E00D0A4E03E00164300D112E15E1E83
:10141000002E00D09EE1871A4346B8428041012544
:10142000C91A4042091A0B0200D431E149024E0A9E
:10143000002E00D16EE1300001F01CFE0300083BDD
:101440001F2B00DD61E120223900D21A9E40D140DD
:101450009F400E439D4200DD51E15D1B6B1C1F2B25
:1014600000DD7CE12021C91A3D0030008F4088401A
:10147000DD40791E8F41310007222843D9400025E5
:1014800007433A40002A09D00F233B40042B05D0E4
:101490003B1DBB42BF417F42C9191F000B0200D454
:1014A00026E26A1CC64B55056D0D9A4200D106E135
:1014B000C44AFF080A40530752023B43120B8EE016
:1014C000002B00D0B8E06B1C5B055B0D012B00DC32
:1014D00030E1871A4346B842B641CB1A76429E1B8A
:1014E000330200D54CE13B003343A1D1002200245C
:1014F000002570E0002B00DCE5E0002E00D183E049
:10150000AF4EB54260D0802636043743B846382BFC
:1015100000DC3EE1434613431F007A1E97413F180B
:1015200087428041404209180B0200D4B0E0A44B2E
:1015300001359D4200D1C3E0A24A7B080A40012147
:101540000F401F435108D30707221F433A4099E732
:101550009B4EB54238D0802636043743B846382BE8
:1015600000DDDCE01F2B00DC30E11E004746203EA2
:10157000F740BC46202B04D04026F31A46469E4036
:101580003243170063467A1E97411F43CCE0002B7D
:1015900000D104E24346134300D159E14B07C00890
:1015A00018438023C9081B03194208D04546ED089B
:1015B0001D4204D14346D008590708432900420F71
:1015C000C9007F4D1143C0004B07CA087C49C008C1
:1015D00003438D4268D012036D05120B6D0D00217F
:1015E00012031800130B0A0D12051A43764B2D0532
:1015F00013402B435B00E4075B08234319001CBC2A
:1016000090469946A246F0BD3E00164312D05E1E9B
:10161000002E00D000E187188742804141444042BB
:10162000091801250B0233D5022585E764463300EE
:10163000414610001D00C7E7002D00D0DAE00C0085
:101640000443F3D05C1C00D19FE15D4CA64200D165
:101650002FE1DB43382B00DD66E11F2B00DD83E14A
:1016600020240500E41A0F00DD40D940A040434685
:10167000A7405B1A441EA04198462F433843171ACF
:10168000BA42924143465242991A64463500CAE62C
:1016900007223A40002A00D0F6E64B07CA0848491C
:1016A000FF083B438D4296D11900114300D19EE1C2
:1016B000802109030A431203120B414D8FE71500E5
:1016C000002200238BE7002B00D0C7E06B1C5F05D6
:1016D0007F0D012F00DCF1E0394DAB4200D1B9E0C4
:1016E00085180A008542894142444942511807221F
:1016F000CF076D082F4349083A401D00C2E6072274
:101700003049ED1A31403A40BCE63E002838864068
:1017100000279FE6380001F0ADFC20308EE64346FE
:1017200013431F007A1E9741C71BB84280414042B5
:10173000091A78E60E003B0006431343002D61D1E1
:10174000002E00D0F4E0002B00D11BE164463900EC
:10175000100039E71A4FBB427AD03300FFE6300061
:101760001F3DE840202B03D04021CB1A9E40374339
:101770007B1E9F41072207433A400021002589E74D
:10178000171A4346BA42B641591A76428E1B64462E
:101790004EE61F2B00DDADE020264746F61AB74087
:1017A000B9461700B246DF404E463E433700564624
:1017B000B240561EB24117434246DA408918AEE69F
:1017C000FF070000FFFF7FFFFFFF0F802026474637
:1017D000F61AB740B9461700B246DF404E463E43C0
:1017E00037005646B240561EB24117434246DA40D1
:1017F000891A99E77F4CA6425BD0802424045B427F
:10180000214327E7002E0CD1002B00D1CBE064460A
:1018100039001000774DD7E6764FBB4218D0330021
:1018200075E6002B14D04B07C00818438023C90865
:101830001B03194207D0FC081C4204D17907D008C9
:101840000843E14621004C46420FC9001143C00045
:10185000684DB9E61D0000220023C0E6002D5BD1D3
:101860000D00054300D1E2E65D1C00D1B0E0614D02
:10187000AE421FD0DB43382B71DC1F2B00DD96E01E
:1018800020250F00ED1AAF40B9460700AA46DF40F9
:101890004D463D432F005546A840D940451EA8411E
:1018A00088440743BF189742924151424144350052
:1018B0003AE6644635004146100085E60B000343D6
:1018C000002D00D063E6002BF5D04346134300D132
:1018D0007AE687188742804107224144404209182E
:1018E0003A400B0200D4D5E6434B01351940C9E517
:1018F000380069E61E004746203EF740BC46202BD4
:1019000004D04026F31A46469E40324317006346F1
:101910007A1E97411F4302E6364DAE42CAD080255B
:101920002D045B422943A6E70843411E8841A6E6F1
:10193000002B00D148E6871A4346B842B641CB1A7D
:1019400076429E1B33024BD5171A4346BA42924148
:10195000591A5242891A072264463A4092E50143D5
:101960000F00791E8F419DE71C000F00203CE740CF
:10197000202B03D04024E31A99400843411E88419C
:1019800038437CE60022002425E6171A4346BA4273
:101990009241591A5242891A6446350043E541463C
:1019A0001000144D10E680220024120380E61D0072
:1019B0000F00203DEF40BC46202B03D04025EB1A02
:1019C0009940084307006346781E87411F4369E733
:1019D000871897429B4141445B42C9183500A3E5F3
:1019E0003B003343CED0072231003A4052E6002379
:1019F0001A00F4E5FF070000FFFF7FFFF0B5574630
:101A0000DE464E464546E0B5834607000E034800D5
:101A100085B092461C00360B400DCD0F002800D13A
:101A20009DE0954B984239D08023F6001B041E435D
:101A3000924A7B0F334399469446030063440093D4
:101A400000230026FF00029323031B0B984663002C
:101A5000E40F52465B0D019400D1B3E086498B42FE
:101A600000D19EE04246D100802212040A43514632
:101A7000490F11438B46814952468C460099634475
:101A8000CB1A0021D20000932B0063409A460F2E00
:101A900000D905E17A4BB6009B599F465B4633431C
:101AA000994600D0B8E00223082600270090029350
:101AB000CAE7CB463A0002990195019B9A46022952
:101AC00027D0032900D180E2012944D06D49009B31
:101AD0008C4663441C00002C38DD530700D013E211
:101AE000D2085B46DB0109D55946674B19408B4646
:101AF0008021C9008C46009B63441C00634B9C42C0
:101B000007DC5B4664055F075B0217431B0B620D36
:101B100002E000230027584A00211B031C0B0B0D79
:101B20001B05234314055A4A380013401C435346EF
:101B30006400DB0764081C43210005B03CBC9046F0
:101B40009946A246AB46F0BD0122524201231B1B1F
:101B5000382B00DCADE1002200230027DCE75B46E8
:101B6000334399465ED0002E00D18AE1300001F067
:101B700081FA03000B3B1C2B00DD7BE11D22D31AF5
:101B80005A460100DA4008398E4013005F4633435D
:101B900099468F403F4B00261B1A00930023029367
:101BA00052E7414653460B433B499B468C46009BBC
:101BB000634400935B46002B3BD1022300221E436B
:101BC000022161E7434613439B4637D04346002B2F
:101BD00000D162E1404601F04DFA03000B3B1C2BA3
:101BE00000DD53E102004146083A914088461D213C
:101BF000CB1A5146D9400B0041460B439B465346F6
:101C000093401A00009B25499C46604403008C4683
:101C100063440093002137E70323B14600900C266C
:101C2000029311E700230093013304260027029357
:101C30000AE70323C3461E43032125E701331E435E
:101C40000022012120E700239A46802300271B035E
:101C5000094A61E7802349461B03194200D1E2E0AB
:101C60005946194200D0DEE00B431B0317001B0B43
:101C7000A246014A50E7C046FF07000001FCFFFFF3
:101C8000C8E50308FF030000FFFFFFFEFE0700009A
:101C9000FFFF0F800DFCFFFF01F8FFFFF3030000C3
:101CA000D94500D9CBE000D1C6E03C00484600272A
:101CB000009B013B00935B46160E1B021E43130262
:101CC000984633041B0C9946310C0191FEF7CAFA71
:101CD0004A4642430B04210C050019438A4207D9A6
:101CE0008919013D8E4203D88A4201D9851E89197E
:101CF000881A0199FEF7B6FA09048C464A4621046F
:101D000064464243090C030021438A4204D98919DD
:101D1000013B8E4200D8F1E02D041D43AB46434603
:101D2000891A4246280C12041D0C5B46140C220032
:101D30001B041B0C5A4303946B43444302956843B2
:101D40001B19150CEB189C4203D980246402A4468D
:101D500060441C0C15041B042D0C20185D198142D5
:101D600077D373D00C1AA24A7D1BAF42BF41944671
:101D7000009B7F426344E01B1C00864200D1DBE0F5
:101D80000199FEF76FFA4A4642430B04290C0700FB
:101D900019438A4207D98919013F8E4203D88A42E2
:101DA00001D9871E8919881A0199FEF75BFA09047F
:101DB0004A46894629044D464243090C03002943FB
:101DC0008A4207D98919013B8E4203D88A4201D938
:101DD000831E89193F04891A3A00039F1A43380069
:101DE00013041B0C584381460298150C6F43434360
:101DF00045434846000C8446DB1963449F4203D99F
:101E0000802040028446654448461F0C00041B04A1
:101E1000000C7D191818A94200D284E000D17FE09F
:101E200001231A4357E680234A461B0313431B032F
:101E30001B0BAA466F4A6FE6BA4200D935E74B46FC
:101E4000DC0758087B081C43FF0734E70024AF4237
:101E500089D247444745A4415B466442A4196418AB
:101E6000013BA6421ED2A0426DD800D1B6E0241A92
:101E70009B4678E703005A46283B9A400027914644
:101E800088E6584601F0F6F8203072E60300524624
:101E9000283B9A4093460022B4E6504601F0EAF807
:101EA00020309AE6A642E2D1B845DCD9341A9B46E6
:101EB00059E71F2B65DC504C0099A4465C466144F1
:101EC00008008C4011008240D940501E82410C43D2
:101ED00014435A46DA401300620709D00F22224009
:101EE000042A05D02200141D9442894149425B18FE
:101EF0001A0262D50122002300270DE68A4200D88B
:101F00000AE7831E891907E70F231340042B00D12A
:101F1000E6E5171D9742924153429B44FA08E0E5DB
:101F2000002800D1D7E57118531EB14227D3A9422A
:101F300015D358D01A0073E7002B00DC04E6012308
:101F400000229B44CDE502234744474589415B423B
:101F50009C46494289190C19E344241A03E7434675
:101F60005F0047459B41B8465B429E19023A89197A
:101F7000A94200D054E7404500D051E7ABE51A0034
:101F8000F6E71F215F4649420C1BE740202B07D094
:101F90001A49009B8C46634418005B4683401A43F1
:101FA000501E82413A4307270023174009D00F21D2
:101FB000002311401400042995D122005F075B0221
:101FC0001B0BD20817430022A6E5802359461B03AA
:101FD0000B431B0317001B0B064A9DE5BD42B2D8FD
:101FE0009B460024BFE68045B9D31A00C3E7C0462C
:101FF000FF030000FF0700001E0400003E04000075
:10200000F0B54F464646D6468446C0B58046194E82
:1020100018030F034D00000B5C0082463F0B6D0D53
:10202000C90F9146640DDB0F0120B5420AD0B442BE
:1020300003D0A54201D157450CD01CBC904699460F
:10204000A246F0BD66463E43F7D1AC42F5D15446B8
:102050001443F2D10120C845EFD1994207D0002D99
:10206000EBD163461F433800471EB841E5E7002027
:10207000E3E7C046FF070000F0B54F464646D646A8
:102080004D00C0B50E03C90F8A462C491F035C00E2
:102090008046360B6D0D91463F0B640DDB0F8D4274
:1020A0001ED08C4216D0002D1ED130438446002C09
:1020B00001D13A4323D06246002A1AD09A4529D04A
:1020C000514602200139084001381CBC904699460F
:1020D000A246F0BD39001143E5D002204042F4E7AA
:1020E0003043FAD1AC420FD0002C0FD13A43E7D0A5
:1020F0000CE00122013B934318000130E5E7634601
:102100000020002BE1D0DBE73A43E6D19A45D7D156
:10211000A542D5DCA54205DBBE42D1D808D00020BF
:10212000BE42D2D250460123013898430130CCE759
:10213000C845C5D80020C845F4D3C6E7FF0700004E
:10214000F0B54F464646D6464D00C0B50E03C90F02
:102150008A462E491F035C008046360B6D0D914662
:102160003F0B640DDB0F8D4218D08C4211D0002D37
:1021700018D130438446002C1ED13A431CD163460B
:102180000020002B30D05146022001390840013890
:102190002AE039001143EAD0022025E03043FBD188
:1021A000AC4226D0002C26D13A4324D151460220FD
:1021B00001390840013817E06246002A0FD09A45DD
:1021C000E1D1A54205DBBE42DDD819D00020BE42D8
:1021D0000AD25046012301389843013004E001221D
:1021E000013B9343180001301CBC90469946A2461F
:1021F000F0BD3A43D0D19A45C5D1A542C3DCE0E752
:10220000C845C0D80020C845E3D3EDE7FF0700006C
:10221000F0B55746DE464E464546E0B583460600D5
:102220000F03480087B092461D003F0B400DCC0FB6
:10223000002800D16FE0DE4B984238D08023FF00A9
:102240001B041F43730F3B430193DA4B002799464E
:1022500000239B46F60081442B0369001B0B52466A
:102260009846490DED0F002900D185E0D04B9942E9
:1022700000D173E04346DA0080231B041343524627
:10228000CC48520F84461343524600206144D2008A
:1022900089442100694000918C46012149448A46C5
:1022A0000F2F00D990E0C449BF00CF59BF465B460D
:1022B0003B43019300D06AE10223082700268146B0
:1022C0009B46C9E732005846019B614600910228AF
:1022D00000D175E0032800D1FEE1012800D02CE1F7
:1022E00000230027002600253F032A0D3F0BB3489B
:1022F00012053A4302401B051343009A5B00D107C5
:102300005B080B433000190007B03CBC904699466F
:10231000A246AB46F0BD5B463B43019300D12FE1A3
:10232000002F00D1A5E1380000F0A4FE03000B3B14
:102330001C2B00DD96E11D22D31A5A460100DA401B
:102340005E4608398F4013008E403B4301939C4BFF
:1023500000271B1A994600239B467DE741465346BA
:102360000B4393498C46E144002B00D01AE1022232
:102370000220174300228CE7134300D10DE14346AE
:10238000002B00D181E1404600F074FE02000B3AC0
:102390001C2A00DD72E10100434608398B40984653
:1023A0001D239A1A5346D3401A00434613435246FC
:1023B0008A404946081A824989468144002068E7D4
:1023C0007B4B002700268EE7140C1204120C110020
:1023D000370C3604350C794328008C462E006043B8
:1023E0006044834656432100300C8046584679436A
:1023F00040440291844506D98846802149028C4692
:10240000E044414602913604010C360C00048B4630
:1024100081191E0C1B041B0C0391190079438C4677
:10242000280075436544A8465843050C4544774346
:10243000A94203D9802149028C466744290C8C4665
:1024400039000004000C2D042D186144AB440591A3
:102450005946049101990F043F0C080C390051436F
:102460004243904602008C46090C8B4662437C43F3
:1024700044445C44A04503D9802149028846424433
:10248000210C884661460904090C8C4639005943E1
:10249000434370437E430F0CF6182404BE19644472
:1024A00042448C46B34203D980235B0298464044A1
:1024B000029B61469846049B370443449B46AB45C8
:1024C000AD416B420D0405992D0C8C467F19674474
:1024D000FD18A8465D462D19A542A44193466442C5
:1024E000A446C344DC448F42BF4198459B41934579
:1024F0009241A445A4415B427F421F43360C5242A5
:102500006442BF192243BF18624638184302D20DF5
:10251000039913436A020A43501E82416146ED0D3E
:102520002A434E023243D90100D4B3E001265008B9
:1025300032400243DE0732435B08224C5444002CF5
:1025400062DD510709D00F201040042805D0101D6E
:102550009042924152429B180200D90104D5802436
:102560001948E400034054441848844200DD27E73A
:102570005E075B02D2081F0B630516435B0DB2E6D4
:10258000002399460133042700269B4664E6032373
:10259000019781460C279B465EE6012201201743E6
:1025A000002276E6032303201F43434671E6C0461C
:1025B000FF07000001FCFFFF08E60308FFFF0F8094
:1025C0000DFCFFFFFF030000FFFFFFFEFE07000002
:1025D0000023802700933F030026434B83E6019BA3
:1025E0003200A446584670E6AC466EE68027019954
:1025F0003F0339422DD03B422BD11F433F033F0BBA
:1026000000951600384B6EE601252D1B382D00DD98
:1026100066E61F2D40DC35481C0050441600824001
:102620008440EE40501E824134431443EB40620725
:1026300009D00F222240042A05D02200141D944202
:10264000804140421B181A023ED501230027002674
:1026500049E68027019B3F031F433F033F0B009444
:10266000214B40E603005A46283B9A40002601923F
:102670006DE6584600F0FEFC203057E60300524657
:10268000283B9A401300002293E6504600F0F2FCEB
:1026900020307BE6CA4650E71F201E004042041B44
:1026A000E640202D03D0124C5444A3401A43501E40
:1026B0008241324307260027164009D00F2000230D
:1026C000104014000428B9D122005E075B021F0BE2
:1026D000D2081643002306E680273F031F433F032B
:1026E0003F0B1600004BFEE5FF0700001E04000034
:1026F0003E040000F8B557464E464546DE460C00FF
:102700000903E0B5490A460F5F0031431E03DB0FA2
:10271000760A9B46530F3343C84E6500C000E40F52
:10272000D2006D0DA24681467F0D9C469046B74271
:1027300000D1B9E05B46012673409B46EE1BA345E2
:1027400000D183E0002E63DD002F00D0B1E06346AE
:10275000134300D123E1731E002B00D0BAE1861A87
:102760006346B04280410125C91A4042091A0B0252
:1027700000D447E149024B0A98464346002B00D15A
:1027800089E1404600F076FC0300083B1F2B00DD8A
:102790007CE120223000D21A4146D040994002000C
:1027A0009E400A439D4200DD6AE15D1B6B1C1F2BAE
:1027B00000DD94E1202110003500C91A8E40DA4076
:1027C0008840DD40711E8E411100072228430025FC
:1027D00006433240002A09D00F233340042B05D092
:1027E000331DB342B641764289191E000B0200D454
:1027F0003DE26A1C914B55056D0D9A4200D119E1DD
:102800008F4AF6080A40570752023743120B9BE0E3
:10281000002E00D0C5E06E1C7605760D012E00DC82
:1028200048E16746861ACB1BB042BF417F42B8469B
:102830001F004346FF1A3B00B8461B0200D55FE16C
:1028400037439AD100220024002579E0002E00DCD5
:10285000FAE0002F00D18DE0784B9D4267D08023B5
:1028600067461B041F43BC46382E00DC52E163461A
:1028700013435A1E93411E18864280414042091854
:102880000B0200D4BEE06D4B01359D4200D1D2E079
:102890006B4A73080A4001210E401E435108D307BA
:1028A00007221E43324095E71E00164300D045E73D
:1028B00040E7624B9D423AD0802367461B041F438A
:1028C000BC46382E00DDEBE01F2E00DC3AE1330081
:1028D0006746203BDF403B00202E05D04027BF1B32
:1028E0006646BE40324390464646721E964133438A
:1028F000DAE0002B00D114E26346134300D168E113
:1029000080234E07C008C9081B030643194208D09C
:102910006046C008184204D163460100D2085E0731
:102920001643F3009946C900720F444D11434B46BC
:10293000DE08424B4F073743CA089D4200D16EE084
:1029400012036D05120B6D0D00211203130B0A0DFE
:1029500012051A433B4B2D0513402B435B00E40744
:102960005B082343380019003CBC90469946A246B8
:10297000AB46F8BD6346134311D0731E002B00D045
:1029800007E18618864280416144404209180125CA
:102990000B0237D502257BE73E00614691463500A4
:1029A000C5E75C46002D00D0E1E00B000343F3D007
:1029B000731C00D1ACE1214B9F4200D13AE1F343BB
:1029C000382B00DD6FE11F2B00DD8CE120250E0090
:1029D000ED1AAE40B0460600AA46DE4045463543F5
:1029E0002E005546D940A8406346451EA8415B1AB3
:1029F0009C463043161AB242924163465242991A9B
:102A00003D00B4E607223240002A00D0E4E60B4B3A
:102A1000F6084F073743CA089D4200D090E73B00B5
:102A2000134300D1A6E180231B031A431203120BA8
:102A3000024D89E715000022002785E7FF07000007
:102A4000FFFF7FFFFFFF0F80002E00D0C7E06B1C51
:102A50005E05760D012E00DCF0E0C84DAB4200D1E2
:102A6000B9E085180A0085428941624449425118FB
:102A70000722CE076D082E43490832401D00A9E603
:102A8000BF49ED1A114007223240A3E63200283830
:102A90008240002686E6300000F0ECFA203073E633
:102AA000634613435A1E9341C61AB04280414042C6
:102AB000091A5CE60E00674606431743002D5ED1F7
:102AC000002E00D0F3E0002F00D11EE15C466146ED
:102AD00091462CE7A94FBE427BD01E00F1E61000C4
:102AE0001F3DE840202B03D04021CB1A9A401643CB
:102AF000731E9E410722064332400021002583E7D2
:102B0000161A6346B2428041591A40420B1A98463F
:102B10005C4632E61F2E00DDABE02027BB1B9A4649
:102B200063465746BB40994613004F46F3401F4348
:102B30003B005746BA40571EBA4113436246F24023
:102B4000891898E62027BB1B9A4663465746BB4028
:102B5000994613004F46F3401F433B005746BA4087
:102B6000571EBA4113436246F240891A9CE7834BD1
:102B70009F425FD080252D047342294320E7002E19
:102B80000CD1002F00D1D0E05C46614691467B4DD0
:102B9000CDE67A4FBE421CD01E0065E6002F18D04D
:102BA000C0084E0706438020C9080003014208D030
:102BB0006346DC08044204D12100DA46D2085E07ED
:102BC0001643F300994601245346C900720F11437E
:102BD0001C406A4DABE61D0000220027B4E6002D24
:102BE00059D10B00034300D1D6E6731C00D1B2E0EB
:102BF000624B9F421ED0F343382B6FDC1F2B00DD4E
:102C000097E020250E00ED1AAE40B0460600AA4619
:102C1000DE40454635432E005546A840D940451E66
:102C2000A8418C440643B6189642924151426144F1
:102C30003D0025E63D006146914678E60B000343E2
:102C4000002D00D055E6002BF5D06346134300D18C
:102C50006DE6861886428041614440420918002290
:102C60000B0200D4D0E6464B01351940B2E5B1461F
:102C70005DE633006746203BDF403B00202E05D059
:102C80004027BF1B6646BE40324390464646721EF2
:102C900096413343EFE5394B9F42CBD080252D043D
:102CA00073422943A8E70843411E8841A2E6002F4A
:102CB00000D13CE66346861ACF1AB0429B415B4284
:102CC000FB1A98461B024ED5161A6346B242924131
:102CD000591A5242891A5C4600227BE501430E00D4
:102CE000711E8E419FE71D000E00203DEE40B04654
:102CF000202B04D04025EB1A9940084381464846D2
:102D00004346411E8841184374E60022002417E61A
:102D1000161A6346B2429241591A5242891A3D002C
:102D200025E561469146154D01E6802200241203F7
:102D300079E61D000E00203DEE40B046202B04D069
:102D40004025EB1A9940084381464E464346711E82
:102D50008E411E4367E7861896429B4161445B4261
:102D6000C9183D008CE547463743CED0072241467F
:102D7000324049E600273A00E6E5C046FF0700007A
:102D8000FFFF7FFF30B5144D0A034B00120B5B0DA4
:102D9000C90F0024AB4211DD104CA34210DC80248B
:102DA000640322430E4CE41A1F2C0CDD0D48C31A99
:102DB000DA4013005C42002900D11C00200030BD25
:102DC000094BCC18FAE7094DE040AC4663449A4001
:102DD00013000343EEE7C046FE0300001D0400009D
:102DE0003304000013040000FFFFFF7FEDFBFFFF33
:102DF00070B500282DD0C317C5185D40C40F28003A
:102E000000F038F9154B1B1A5B055B0D0A2815DD20
:102E10000B38854000222D032D0B002110002D03BF
:102E20000A0D2D0B12052A430D4D1B052A40134395
:102E30005B00E4075B082343190070BD0200290012
:102E4000153291400A000B21081AC5402D032D0BA5
:102E5000E3E70024002300250022DEE71E04000033
:102E6000FFFF0F8010B5041E25D000F003F9144BAE
:102E70001B1A5B055B0D0A2812DD0B38844000220B
:102E80002403240B0021100024030A0D240B120537
:102E900022430C4C1B05224013435B00590810BD14
:102EA00002002100153291400A000B21081AC4408B
:102EB0002403240BE6E7002300240022E2E7C046B7
:102EC0001E040000FFFF0F804100090E4B1C70B56F
:102ED000DBB24602750AC40F012B14DDE0239B0010
:102EE0006D07360BCB1800210A0D280012051C4D6A
:102EF00032435B052A405B0813435B00E4075B0831
:102F00002343190070BD002914D1002D1ED02800C4
:102F100000F0B0F80A281CDC0B232A001B1ADA4048
:102F2000030015339D400F4B12031B1A5B05160B54
:102F30005B0DD8E7002D06D0320B802636036D07D7
:102F40001643094BCFE7084B0026CCE700230026A9
:102F5000C9E703002A000B3B9A400025E3E7C0467F
:102F6000FFFF0F8089030000FF070000F0B54C0051
:102F7000640D0B03621C5B0A460F5205C90F1E430A
:102F8000C500520D012A29DD374BE718FE2F1CDC46
:102F9000002F3BDD8001431E98410722F3006D0F97
:102FA00003432B431A40002A04D00F221A40042A5C
:102FB00000D004338022D2041A4024D00137FAB260
:102FC000FF2F02D09B01580A01E0FF22002040029F
:102FD000D205400AC90710430843F0BD3543002C11
:102FE00004D1002D0AD100220020F0E7002DECD002
:102FF0008020C0033043FF22E9E7002400235B0266
:10300000580AE2B2E3E7DB083C00F8E73B0017337D
:10301000F3DB80231B0433431E26F61B1F2E14DD17
:1030200002225242D71B1A00FA401700202E04D069
:103030000E4A94466444A3401D432B005D1EAB41E1
:1030400007223B431A400027ADE7094A2800A2188F
:10305000954093406C1EA541F04007222B4303434B
:103060001A4000279FE7C04680FCFFFFA2FCFFFF3D
:1030700082FCFFFF1C2101231B04984201D3000C9A
:1030800010391B0A984201D3000A08391B099842DB
:1030900001D30009043902A2105C40187047C046F1
:1030A0000403020201010101000000000000000011
:1030B000002B11D1002A0FD1002900D1002802D005
:1030C0000021C943081C07B4024802A1401802901D
:1030D00003BDC0466DD3FFFF03B4684601B5029837
:1030E00000F030F8019B9E4602B00CBC7047C04611
:1030F000F0B5CE46474615042D0C2E0080B50704CA
:10310000140C3F0C9946030C7E435D4367436343B5
:103110007F19340CE4199C46A54203D980235B0235
:103120009846C4444B4643435143250C36046544FA
:10313000360C2404A4195B19591820000CBC9046C5
:103140009946F0BDF0B54F464646D646C0B5040098
:1031500082B00D00914698468B422FD82CD0414624
:10316000484600F0B1F829000600200000F0ACF855
:10317000331A9C46203B9A4600D576E04B46524691
:1031800093401F004B46624693401E00AF4228D832
:1031900025D05346A41BBD41002B00DA7BE0002262
:1031A000002300920193012352469340019301238F
:1031B00062469340009318E08242D0D90022002357
:1031C000009201930A9B002B01D01C605D60009867
:1031D000019902B01CBC90469946A246F0BDA3429C
:1031E000D7D900220023009201936346002BE9D037
:1031F000FB079846414672080A437B0866460EE084
:10320000AB4201D1A2420CD8A41A9D41012024193D
:103210006D410021013E24184D41002E06D0AB42E5
:10322000EED9013E24196D41002EF8D10098019984
:10323000534600196941002B23DB2B005246D34033
:103240002A006446E2401C0053461500002B2DDB8B
:1032500026005746BE40330026006746BE40320077
:10326000801A994100900191ACE7624620239B1A95
:103270004A46DA406146130042468A4017001F431F
:1032800080E7624620239B1A2A0066469A40230064
:10329000F3401343D4E76246202300219B1A002207
:1032A000009101920122DA40019280E720236246D8
:1032B00026009B1ADE402F00B0466646B7404646C1
:1032C0003B003343C8E7C04610B5002903D1FFF7E0
:1032D000D1FE203002E0081CFFF7CCFE10BDC04636
:1032E00002780B78002A03D0013001319A42F7D0DE
:1032F000D01A70470023C25C0133002AFBD1581E4C
:103300007047000042024B0240004900520A5B0A2B
:10331000090E000EFF2806D00020FF2902D1180058
:10332000431E98417047FE38002AFBD1F4E7C0469F
:1033300070B50C4E0D031C0349005B002D0B490DAD
:10334000240B5B0DB14208D0064900208B4203D10B
:1033500014432000441EA04170BD05430120002DF0
:10336000FAD1F1E7FF0700008023084A5B001168EB
:1033700010B50B431360032005F0EAFF041E03D1D0
:1033800005F0C6FF200010BD0124FBE7002002402D
:10339000034A044B11681B785B1813607047C046E2
:1033A0001C89012004000020014B18687047C046AA
:1033B0001C890120034A044913680B40184310601C
:1033C0007047C04600000140FFF9FFFF80684007DA
:1033D000C00F70470023F0B587B005930133041E7A
:1033E000019300D1BBE0856D002D05D105F0ECFB0C
:1033F00023005433E5651D70802326685B05B268A1
:103400001A4200D1AEE00022B3680192DB0000D482
:10341000BDE03000FFF7DAFF1023A16D194000D0A6
:10342000F7E0002800D0F4E0A36D7D4A08001A40C0
:1034300002231343A36523689A68D2072ED426007B
:10344000DA6818308243A0683C360243DA6062686A
:10345000E56C900F367880072843012E06D1656C05
:10346000276C2F43A56C3E432E4330431E696D4F9E
:103470003E40802706431E6156007608FF05BE4287
:103480000CD080263606B24208D0674E674F3568AA
:103490002F40F025AD032A403A433260267E627EFB
:1034A000B603D2031643A27E57030292226B551E27
:1034B000AA4112031500E268164322693E430396AF
:1034C0009446002A00DB6CE05600760822002C327D
:1034D0001778039A7F0017432F433A003243661C44
:1034E000F67F012E05D1029D002D5DD1802676024A
:1034F0003243666A002E05D0E027A56A7F003E4071
:103500002E433243DE684A4F656B3E401643DE6011
:103510001E69484F3E40304307267027186158699E
:10352000B043284358615E69A06BBE43000130433D
:103530005861604600283FD11021986A49420143F2
:103540009962DB683C490B40934255D1002303222A
:10355000E365A36D93431A0001231343A365019808
:1035600007B0F0BDB26835490A401343B360344B2D
:1035700034491868FCF7F0FD013040000590059BC8
:10358000002B00D13FE7059B013B0593F7E7102394
:103590000125A26D01951343A365E36D2B43E365FC
:1035A00037E78026B60391E72027A56D2F43A7654F
:1035B000E76D3E43E6659CE7802080038445C0D1EB
:1035C0000F27206E05008E00F5402E003E400F2E86
:1035D0000DD001310829F5D11C26996A1A4DE169EF
:1035E0004919890031402C3E8E403100A7E701295E
:1035F000F2D1986A1139A2E71222A36D01259343F3
:103600001A0010231343A365E36D01952B43E36573
:10361000A5E7A26D1343A365012301939FE7C0466D
:10362000FDFEFFFF02FCFF1F08270140FFFFC3FF55
:103630001902FEFF02FCFFDFE7FF3F83E8FFFF6F99
:103640000C000020400D0300FFFFFF3F0023F0B5FA
:1036500087B00593030054331A7805000E0002204A
:10366000012A00D1C0E0012428681C70FFF7AEFEDB
:103670000290002800D0EBE08022736812060193CC
:1036800004232F699446019A9F433368022A00D18C
:10369000B3E059032A68490B67450FD1906A01438B
:1036A0009162B1686D485469084060401902014058
:1036B00061405161002B63DB002092E01F20019FDD
:1036C0000740BC460F2760468740FF43286E3840BE
:1036D0000390002916D1980E1F310840614688409A
:1036E00003990843019928668908E86901318142F4
:1036F000D7D864469900090FA140906A07400F434C
:103700009762CEE702982342E8D1022120000B42C3
:10371000E4D1080049180B42E0D101301907DDD48B
:103720000130D906DAD401309906D7D401305906D0
:10373000D4D401301906D1D40130D905CED401300A
:103740009905CBD401305905C8D401301905C5D429
:103750000130D904C2D401309904BFD401305904D6
:10376000BCD401301904B9D40130D903B6D4013026
:103770009903B3D48020C0021840AFD01220ADE727
:10378000E021374A374C106849040140A3421AD15E
:103790008024240420428FD11368334803400B4314
:1037A00023431360314B32491868FCF7D5FC431CA6
:1037B0000C2058430590059B002B00D17CE7059B0E
:1037C000013B0593F7E72B4CA3420FD180246404FF
:1037D000204000D070E71368234E33400B4323434F
:1037E0001360002354352B7007B0F0BD224CA34268
:1037F00000D061E78024E403EAE7674505D1286843
:103800005903826A490B8A438262002B00DB53E72B
:10381000134A144910688B4208D1A02314685B0432
:103820001149034021400B43136045E711498B4286
:1038300003D1C02314681B04F2E70F498B4200D068
:103840003AE7C0235B041168034007480140EAE7F8
:103850002023AA6D20001343AB65C2E700FFFF07DA
:1038600008270140001000B0FFFF3FFE0C000020C1
:10387000400D0300004000B8002000B470B5040003
:103880000068FFF7A3FD002801D1002070BD236868
:103890009A68920705D49A680F49114010220A438A
:1038A0009A60FFF781FD0425060023689B682B4280
:1038B000EBD0FFF779FD801B0228F6D923689B68BF
:1038C0002B42F2D010230120A26D1343A365E36DB8
:1038D0000343E365DAE7C046E8FFFF7F0023F7B55F
:1038E00004000193036801209A68024201D000207D
:1038F000FEBD9968224A114207D01023A26D1343DE
:10390000A365E36D0343E365F2E79A681D4E324019
:10391000104398601C4B1B681B0223D4637E012B51
:10392000E5D0FFF741FD01250700226813682B420F
:10393000DDD193682B4203D1936833402B439360CE
:10394000FFF732FDC01B0228EFD923681B682B420A
:10395000EBD11023A26D01201343A365E36D1D433A
:10396000E565C5E7094B0A491868FCF7F5FB013026
:103970000190019B002BD1D0019B013B0193F8E703
:1039800017000080E8FFFF7F082701400C0000209F
:10399000400D030070B504000068FFF717FD060036
:1039A0000220002E1DD1250054352B78012B18D074
:1039B000012320002B70FFF791FF002812D1A36D87
:1039C000094A0A491A4080235B0013431C22A3655D
:1039D0002368E0651A609A682870114004220A433F
:1039E0009A6070BD2E70FCE7FEF0FFFFE8FFFF7FDE
:1039F000036870B502220400012099689D68114097
:103A0000054201D1002070BD0029FBD19D68053120
:103A10000D40012D1FD19968134801400A439A6057
:103A200003221A60FFF7C0FC060023689B682B4244
:103A3000E8D0FFF7B9FC801B0228F6D923689B6801
:103A40002B42F2D01023A26D01201343A365E36D36
:103A50001D43E565D7E71023A26D1343A365E36D0E
:103A60000343E365CFE7C046E8FFFF7F70B506007C
:103A70005436337804000220012B12D00125200097
:103A80003570FFF7FBFE002809D12000FFF7B0FFDB
:103A9000002804D1A36D034A13401D43A5650023EC
:103AA000337070BDFEFEFFFF73B500230500019368
:103AB00054352B7804000220012B33D0012620003E
:103AC0002E70FFF795FF23689A68324206D01023C4
:103AD000A26D1343A36500232B7023E0A26D16494A
:103AE0000326114002220A43A265DA68D968B1436D
:103AF000D96080219E6809063143104E996099680B
:103B0000002910DA0199013101910199B142F6D9E8
:103B10001222A36D012093431A0010231343A365BF
:103B200000232B7076BD0321DE680A403243DA6041
:103B3000A26D01238A43CCE7FDFEFFFFFFF10200E7
:103B400030B5FF2503242A00C3B21C40E400A24084
:103B500089012940D243A14000280ADBC0240B4B35
:103B600080088000C018A40003591A401143015175
:103B700030BD0F200340083B05489B089B001B18E5
:103B8000D86902401143D961F2E7C04600E100E084
:103B900000ED00E0002805DB1F2318401E3B83409A
:103BA000014A13607047C04600E100E0BFF34F8F49
:103BB000034B044ADA60BFF34F8FC046FDE7C046AF
:103BC00000ED00E00400FA0570B5C46C056D656099
:103BD000446D002C02D0846DC56D65601C25446C5D
:103BE000066C25400124AC407460046863608368FF
:103BF000102B02D1A260E16070BDA160E260FBE722
:103C000070B50668436C0500F0B2083814219C08B2
:103C1000FCF7A2FA094BA4009E420AD8084BE4180C
:103C2000AC64084BEB641F2318401E3B83402B659C
:103C300070BD054B0730E418AC64F2E7070402409E
:103C400000080240800802401C08024070B50400D1
:103C50000120002C4ED025682D4B14219D424AD8BE
:103C60002C4BE818FCF778FA2B4B80006064236437
:103C70000223A61DF3772B68284AE16813402B60C6
:103C8000A3682A680B43216920000B4361690B4339
:103C9000A1690B43E1690B43216A0B4313432B607A
:103CA000FFF7AEFF8023A268DB019A4201D1002317
:103CB00063607F236268A16C13400B60206DE16C30
:103CC000013A4860032A1ED8154A1648991803225B
:103CD000013B1340023A9A40E2651300002289003A
:103CE0006165A0650A60436000200123E06305343C
:103CF000F377E07770BD0C4BE818FCF72DFA8000E5
:103D000060640A4BB3E700236365A365E365EBE7F3
:103D100007040240F8FFFDBF000002400F80FFFFD4
:103D20003F82001040090240F8FBFDBF0004024042
:103D3000F8B5461DF57F04000220012D31D0013871
:103D4000A51DF077AC46ED7F0027EDB2854230D15E
:103D500066460130F0772668E7633068A843306034
:103D60002000FFF731FF226B2368BA421AD00E22DF
:103D700019680A431A60A26C1168C90304D580212E
:103D80001068490001431160626D002A04D080214F
:103D900010684900014311600122002019680A439C
:103DA0001A60F8BD04211A688A431A6019680A2249
:103DB000DFE78023E363F777F3E700000300F0B564
:103DC0000120002B09D0981DC27F5C1D022A05D05E
:103DD0000422DA6300230120E377F0BD0E25196881
:103DE0009E6C0A685F6CAA430A6032680E4D2A40D6
:103DF000326001220E6896430E601C2139408A40D1
:103E00001E6C196D7260DA6C51605A6D002A05D013
:103E10001168294011609A6DDB6D53600123C377EF
:103E20000020E077D9E7C046FFFEFFFFF8B51C226F
:103E30000427466C016C32403E0096400D680368D2
:103E40001C6835420DD03C420BD01A68920602D451
:103E50001A68BA431A60036B4E60002B1DD0984756
:103E60001BE002273E009640354219D03C4217D055
:103E70001A68920606D40A211A688A431A60093918
:103E8000821DD177124A934208D9124B00225E60FC
:103E9000431DDA77C36A9342E1D1F8BD0E4BF5E7D3
:103EA0000826370097403D42F7D03442F5D00E2522
:103EB0001C68AC431C6001231C009440821D4C60B4
:103EC000C363D3770022431DDA77436BE3E7C04631
:103ED000800002400004024000000240F0B5564A53
:103EE0000B688218541EA24187B00393002304324A
:103EF0000592039ADA4001D107B0F0BD01273A00DC
:103F00009A4094466446039A2240019200D190E080
:103F100003244A685E0000922240B440E4430294C5
:103F2000541EBC4229D88568029C2540CC68B44008
:103F30002C43846064464568A543009C24093C40AA
:103F40009C402C434460C568029C25408C68B4406A
:103F50002C43C460022A12D1DC08A40007250419EE
:103F6000276A04940F241D40AD00AC40A7430C69A0
:103F7000AC402743049C276201E0032AE3D1046894
:103F8000029DB24025402C001443C0220460009CD6
:103F9000920214424DD003271D00284A9C08A40019
:103FA0003D40A418BD400F22AA40266E9643A02291
:103FB000D2059446002260450FD0214A9446012242
:103FC00060450AD01F4A94460222604505D01E4A29
:103FD00094463A00604500D0059AAA4032432266D2
:103FE0001A4A019CD66F019D009FE4433543FF03AD
:103FF00001D435002540D567154D019EEA6F009F1D
:104000001643BF0301D4224016000C4AEE6716681F
:10401000019D009F3543FF0201D435002540156006
:104020005568019E009F2E43BF0201D425402E00FB
:10403000566001335DE7C04600F0FFAF0018024054
:104040000004005000080050000C0050041802400A
:104050000818024000690840411E8841C0B27047FC
:10406000002A01D0816170478162FCE703689A6988
:10407000920701D500229A6201229969114202D168
:1040800099690A439A61704730B5039C120400682D
:1040900022431343054A45688905640D890D14437D
:1040A000A5430B432B43436030BDC046FF63FF0372
:1040B000F8B5036816009A6904000D000020D206C6
:1040C00036D55A68920104D480225968D2010A4335
:1040D0005A60202723689A693A4212D010222000A1
:1040E000DA61DF61FFF7C2FF2268124953680B40B3
:1040F00053600423626C13436364230041331F70D5
:104100000FE06A1CE7D0FFF74FF9801B854201D30F
:10411000002DDFD12022636C1343636423004133FD
:104120001A702200002301204232403413702370A1
:10413000F8BDC04600E800FEF8B504000D0016000A
:10414000022723689B693B4201D00020F8BD320062
:1041500029002000FFF7ACFF002815D16B1CF0D020
:10416000FFF722F9801BA84201D8002DE9D12022B7
:10417000636C13436364230041331A7022000023ED
:1041800042324034137023700120DFE7F8B5040099
:104190000D001600202723689B693B4201D00020B8
:1041A000F8BD320029002000FFF782FF002813D15C
:1041B000FFF7FAF8801BA84201D8002DEBD120228E
:1041C000636C13436364230041331A70220000239D
:1041D00042324034137023700120E1E7F8B5040047
:1041E0000E0017001D002268936933409B1B594243
:1041F0004B41BB4201D0002017E06B1CF4D0FFF70D
:10420000D3F8069BC01AA84201D8002DEBD120227A
:10421000636C012013436364230041331A7022004E
:1042200000234232403413702370F8BD73B514007C
:104230001E00DAB2154B0500009380235B04FFF7E4
:1042400023FF079A06992800FFF776FF002801D080
:10425000012076BD2B68012E0DD1E4B29C62079B34
:10426000002200938021069B2800FFF7B7FF431E22
:104270009841C0B2EDE7220A9A620699079A28008F
:10428000FFF75AFF0028E3D12B68E6E70020008003
:1042900073B5050014001E00DAB2154B009300231D
:1042A000FFF7F2FE079A06992800FFF745FF00285E
:1042B00001D0012076BD2B68012E0DD1E4B29C62A5
:1042C000079B002200934021069B2800FFF786FFF2
:1042D000431E9841C0B2EDE7220A9A620699079AF6
:1042E0002800FFF729FF0028E3D12B68E6E7C04646
:1042F0000020008070B504000120002C3FD0250074
:1043000041352B78DBB2002B05D1220040321370EF
:10431000200004F05DFE242301212B702368E06857
:104320001A68A6688A431A6061681A4A0A401A61C4
:104330009968194A11409960012821D18021090208
:10434000314399605868154901435960D968002084
:104350000A40DA60616922690A43A16909020A43D5
:10436000DA60216AE2690A431A60012219680A4385
:104370001A60202360642B7020634234207070BD6B
:1043800084210902314399600228DBD1802109018F
:104390005960D7E7FFFFFFF0FF7FFFFF00800002BB
:1043A000F0B5050087B003910492059341352B7851
:1043B00004000220202B14D1230040331A78012A54
:1043C0000FD001261E70FEF7EFFF8021070000903E
:1043D0001923320009022000FFF700FF002802D055
:1043E000012007B0F0BD21232B702500113B423581
:1043F0002B70049B606463626B469B8A6063638579
:10440000628D304BFF2A21D9FF2222850093802321
:104410005B0403992000FFF737FEFF26638D3A0007
:104420000C992000002B19D1FFF7B0FE0028D7D13E
:1044300020212368244ED9615A6832405A602300F3
:1044400040344133197028702070CAE7628D92B2EF
:10445000228500938023D2B29B04DAE7FFF76CFE3B
:104460000028BDD1636A22681978013391626362C2
:10447000638D228D013B9BB26385013A638D92B2BD
:104480002285002BCAD0002AC8D100970C9B80211E
:104490002000FFF7A3FE0028A2D1638DFF2B09D9CE
:1044A0008023FF2226855B04009003992000FFF7FC
:1044B000EBFDB3E78023628D9B0492B22285D2B2DA
:1044C0000090F2E70020008000E800FEF0B5070051
:1044D00089B007930EAB069204CB41371B88049238
:1044E00005933B7804000D000220202B08D1002A00
:1044F00002D0059B002B05D180239B006364012023
:1045000009B0F0BD2300403303931B78012BF7D093
:104510000122039B1A70FEF747FF80210290009052
:104520001923012209022000FFF758FE061EE6D1DA
:1045300021233B7027001F3342373B70049B60648C
:1045400063626B469B8A60636385029B069A019354
:10455000109B290000932000079BFFF767FE0028AF
:1045600002D0039B1E70CAE7638DFF2B54D9FF2234
:10457000802322855B040090290020008026FFF71D
:1045800083FDB604029A10992000FFF7D5FD00289C
:10459000B5D1636A22681978013391626362638DD1
:1045A000228D013B9BB26385013A638D92B22285D5
:1045B000002B18D0002A16D1029B802100932000E6
:1045C000109BFFF70BFE002800D098E7638DFF2BB0
:1045D0002AD9FF2323858023FF2200905B04290032
:1045E0002000FFF751FD638D002BCBD1029A10996B
:1045F0002000FFF7CBFD002800D080E720212368B2
:104600000D4DD9615A682A405A6023004034413325
:1046100019703870207073E78023628D9B0492B20A
:104620002285D2B20090A7E7628D330092B2228534
:10463000D2B20090D3E7C04600E800FEF0B5070014
:1046400089B007930EAB069204CB41371B880492C6
:1046500005933B7804000D000220202B08D1002A8E
:1046600002D0059B002B05D180239B0063640120B1
:1046700009B0F0BD2300403303931B78012BF7D022
:104680000122039B1A70FEF78FFE8021029000909A
:104690001923012209022000FFF7A0FD061EE6D122
:1046A00022233B7027001E3342373B70049B60641B
:1046B00063626B469B8A60636385029B069A0193E3
:1046C000109B290000932000079BFFF7E1FD0028C5
:1046D00002D0039B1E70CAE7628D354BFF2A58D962
:1046E000FF222285009380235B042900200080267E
:1046F000FFF7CAFCB604029B002200930421109B22
:104700002000FFF76BFD0028B1D12368626A5B6A65
:104710001370636A228D01336362638D013A013B3A
:104720009BB26385638D92B22285002B18D0002A3C
:1047300016D1029B802100932000109BFFF74EFDB5
:10474000002800D093E7638DFF2B2AD9FF23238510
:104750008023FF2200905B0429002000FFF794FCD7
:10476000638D002BC7D1029A10992000FFF70EFD30
:10477000002800D07BE7202123680E4DD9615A68BC
:104780002A405A6023004034413319703870207039
:104790006EE7628D92B2228500938023D2B29B0491
:1047A000A3E7628D330092B22285D2B20090D3E7A4
:1047B0000024008000E800FEF0B5040041342278B7
:1047C0000300D2B20220202A18D11D0040352E78D5
:1047D000012E13D01B68223020701E6823388643B8
:1047E0001E601E68064F3E401E601E683143196001
:1047F000196808431860002022702870F0BDC04678
:10480000FFEFFFFFF0B5050041352A780300D2B273
:104810000220202A17D11C0040342678012E12D005
:104820001B68223028701E68233886431E601E686D
:10483000054F09023E40314319601968084318606A
:1048400000202A702070F0BDFFF0FFFF0A2382B025
:104850000193019B002B07D1054BC000C018406895
:104860008001800D02B07047019B013BF0E7C0461C
:10487000009800400A2382B00193019B002B07D1CE
:10488000054BC000C01800688001800D02B0704761
:10489000019B013BF0E7C04600980040F0B50400E2
:1048A0008BB00125002835D0324D435DDBB2002BA3
:1048B00004D1AE229200835406F0CEFB032320687D
:1048C000635503F04DF80023012719006068834207
:1048D00023D3002228261100904238D823006A46AC
:1048E000103343CB43C243CB43C243CB43C2A26842
:1048F000E3686168206803F03BF82200002334324B
:104900001370012262551D00236A934202D12000D8
:1049100000F0FCFD28000BB0F0BD39262822B4467B
:104920005A43A2189444664637703826B4469444D5
:1049300066463370961DF3873B26B446944466461C
:1049400001333170DBB29164D1641165BFE733008C
:104950005343E3181F007A37FF3739709133013F13
:104960003A70F970FF331037013239607960D2B292
:104970001960B1E7B902000070B5AE25AD00435D26
:1049800004000220012B09D001232068635502F0A6
:10499000DFFF206803F014FA0020605570BD70B589
:1049A000AE25AD00435D04000220012B09D0012398
:1049B0006355230034331970206803F0FBF900209D
:1049C000605570BDF0B5C04B85B01B6804005B0737
:1049D00000D4A3E0006803F0FAF980231B02184218
:1049E00006D00293236802995A6C0A4200D097E0DD
:1049F000206803F0ECF943050BD52268B349536CEA
:104A000020000B40536406F07FFB00212000FFF7DD
:104A1000C6FF206803F0DBF9430404D52268AC49E3
:104A2000536C0B405364206803F0D1F9830404D520
:104A30002268A849536C0B405364206803F0C7F9FF
:104A4000C3041AD5042123681A6C8A431A641A6CA9
:104A500049188A431A64BC239B00E25C012A04D1F2
:104A600000212000E15400F064FD200006F070FBFE
:104A700022689949536C0B405364206803F0A7F9EE
:104A800003050FD5082322682000116C0B43136423
:104A9000536C92490B4053640423116C0B43136411
:104AA00006F044FB206803F092F903061FD5BC20F2
:104AB00022688B49536C80000B405364235C002BAD
:104AC00001D000F006FC116C04330B43136408237F
:104AD000116C0B431364536D3C229B081340BD22A1
:104AE000012192002154A350200000F022FD2068F3
:104AF00003F06DF9830507D522687A49536C2000CD
:104B00000B40536406F0F9FA206803F060F9C3051E
:104B100004D522687449536C0B40536405B0F0BD52
:104B20000F27596C0F4000D0A2E0102211401A68E4
:104B300025D16E480240029802431A6023003833A0
:104B40001B786B4ADB009B181B68E26C9B019B0D7A
:104B50006365D318E364200006F0C4FA23003433FD
:104B60001A78002A00D13DE7216D002900D039E7ED
:104B700080251A7820682A43C264197032E780269B
:104B8000360116401BD0BC235B00E05CFFF75EFEE5
:104B90002200B0217932FF3289000300D061611810
:104BA0002068928803F09CFC2168524A0B68200020
:104BB0001A40802313430B6006F07EFA12E71204BA
:104BC00000D40FE71A684B492500114080220A43A0
:104BD0001A60BC235B00E05CFFF738FE7935FF35D7
:104BE000031EE8610ED0696900290BD0AA882068ED
:104BF00003F076FC6B69EA6931009B186B61200059
:104C000006F063FA21680B681B0500D5EAE6384A0E
:104C100053689BB253602B69002B12D153683648FE
:104C200003405360802350681B06034353600A68A7
:104C3000324B1A40C0239B015A40314B13430B6047
:104C4000D0E63E2B08D8012558082B40C0185368E1
:104C5000800618435060EAE71F2558092B405D4243
:104C60006B41C01A802355681B0680062B43F0E772
:104C7000BA0000929A1811680191694689880091DA
:104C80000199090400D4B4E02825116819487D432E
:104C9000084080216519014311602A008332FF32E8
:104CA00011780A3A107800292CD1FFF7CFFD061EA3
:104CB00000D17CE02B007D338D35FF33FF351A8822
:104CC0002968330070E0C046A0000140FFFB0000EF
:104CD000FFBF0000FFDF0000FFEF0000FFF7000054
:104CE0007FFF0000FFFD0000FFFE00000F8F7F0729
:104CF000009800408F0F7F07FFFFFF838FBF7F0764
:104D00008080000029007C31FF310978022900D021
:104D1000E9E08023009ADB011A40913580B20392CA
:104D2000FF35002A00D1A0E0FFF7A4FD2A680300A8
:104D30000600824200D296E0121A2A6028227A43A4
:104D4000A21811009131FF31096800290ED1793282
:104D5000FF321278216892008A181068D8490840FA
:104D6000802189014840D74901431160009A5206C9
:104D70000ED528227A43A2187932FF3212782168A0
:104D800092008A181168D0480840D0490143116048
:104D9000002B0CD02821794361180A007F328D3115
:104DA000FF32FF3112880968206803F099FB28233D
:104DB00019007943621815009535FF352868083DBC
:104DC0008019A86028688019286010009130FF3091
:104DD0000068002805D08932FF321268964200D35D
:104DE000A0E07B43E3187933FF331978200006F005
:104DF0006CF9019B1B0600D4F4E52068BB00C218C7
:104E00001368B3490B4002990B43136028237B437B
:104E1000E3183B331B78032B08D0002B06D0022B62
:104E200000D093E0019BDB0500D58FE028210B002B
:104E30007B43E3181A0038321278A64DD20052197B
:104E400012681D6D9201920D954272D9AD1A794387
:104E50001D6563181D6D002D6DD138331978200044
:104E600006F040F9BEE5002267E7FFF7EFFC2A688D
:104E700003000600824234D3121A2A6028227A43A1
:104E8000A21811009131FF31096800290ED1793241
:104E9000FF321278216892008A1810688849084009
:104EA000802189014840874901431160009A5206D8
:104EB0000ED428227A43A2187932FF321278216860
:104EC00092008A18116880480840804901431160A7
:104ED000002B00D16BE72821794361180A00813249
:104EE0005DE7039AC9E7800018180168764E0E4006
:104EF000764931430160107882009B181B6880B2AC
:104F00005B0407D5FFF7B6FC061E00D14FE72B0068
:104F10007F33D1E6FFF79AFC061E00D147E72B004E
:104F20008133C9E67931FF316118206802F08AFFC8
:104F30005FE700258BE7DD6C3831AD18DD645D6D12
:104F40006118AA185A6502F07DFF4BE528257D43BC
:104F500065192B00402638331878009B1E4000D17D
:104F6000EEE0FFF787FC2B6D060083424FD91B1A3A
:104F70002B658025009BED012B401D0028237B43E2
:104F8000E3181A6D002A53D11A00393212783833D7
:104F90001978002A3DD14F4ACB009B181A684E4E13
:104FA00092B21A601A6832401A608022186812069B
:104FB00010431860586880B2586058683040586094
:104FC000586802435A60200006F08CF8002D0DD07E
:104FD00028237B43E31838331B7822689B00D318BF
:104FE0001A68394911403D4A0A431A6028237B4315
:104FF000E31838331B7822689B00D3181968384AA5
:105000001140302251402F4A0A431A60EAE400233B
:10501000AEE7012AD7D12F4ACB009B181A6892B26B
:105020001A601A681A605A6892B25A605A68C9E7D8
:105030002068002D09D038331B7823499B00C31802
:105040001A681140254A0A431A605C2328229C46AC
:105050007A43A218944463461B78012BC6D1D36CC3
:10506000956D9B190093D364536D9B195365936C95
:105070009D4237D3ED1A956528227A43A218150070
:1050800039352D78002D4ED138321278114DD2009D
:1050900052191568ADB21560002B2FD115680E4E50
:1050A00035401560802516682D0635431560282289
:1050B0007A43A218D28F00999BB202F08BFE95E73B
:1050C0008FBF7F07808000008F8F7F07C080000028
:1050D0000F8F7F0700980040FFFFFF8380C0000014
:1050E000BF8F7F07002D03D163461D703300C3E7D8
:1050F00000236646337093652B00BDE73E2B06D830
:1051000001265D081E40AD19AD061668CDE71F26C5
:105110001E40714271415D096D1A802116680906B1
:10512000AD060E43C1E7012DC1D1383212786B496B
:10513000D20052181568ADB2156016681D04B4E7A8
:10514000FFF784FB2B6D834240D31B1A2B65802510
:10515000009BED012B401D0028237B43E3181A6DB3
:10516000002A44D11A003932127838331978002ACB
:105170002ED15A4ACB009B181A68594E92B21A6027
:105180001A6832401A6080221868120610431860AC
:10519000586880B258605868304058605868024378
:1051A0005A60200005F09EFF002D00D01EE7282346
:1051B0007B43E31838331B7822689B00D1180B68B7
:1051C000484A1A40484B13430B600FE72E65BEE771
:1051D000012AE6D1414ACB009B181A6892B21A60A4
:1051E0001A681A605A6892B25A605A68D8E72268F8
:1051F0009446002D09D138331B783A499B0063440B
:105200001A681140384A0A431A6028227A43A218C1
:1052100016005C363378012B00D0E7E6D36C956D31
:105220001918536DD1641B185365936C9D4224D398
:10523000ED1A956528227A43A218150039352D7884
:10524000002D39D1383212782448D200121855680E
:10525000ADB25560002B1AD15568214E35405560CE
:10526000802556682D063543556028227A43A218BA
:1052700002329BB2D28F60461FE7002D02D13570FB
:105280000300D7E70023936533702B00D2E73E2B52
:1052900006D801265D081E40AD19AD065668E2E746
:1052A0001F261E407042464180205D09AD1B566896
:1052B0000006AD060643D6E7012DD6D13832127866
:1052C0000648D20012185568ADB2556056681D04E4
:1052D000C9E7200005F02AFFFFF709FC009800400D
:1052E000FFFFFF838F8F7F0780C0000070B5072509
:1052F000040028200D40684349B2261800291EDA10
:105300000100012038316118393630700A614A785D
:105310000D70CB70002A00D08D81022B01D10023AB
:10532000CB72AE25AD00635D0220012B06D00123B8
:105330002068635502F02EFB0020605570BD01000F
:105340007931FF317A366118FF360020DDE770B51C
:105350000400072028230840434349B2E2180029EB
:1053600013DA3833E11801233932AE251370AD005A
:105370000870635D0220012B06D00123206863556D
:1053800002F02EFC0020605570BD7933FF337A3275
:10539000E118FF320023E8E770B5072421402134EB
:1053A0004C4305192E008D36FF3632602A009132AB
:1053B000FF3213602B0000269533FF3379351E60D2
:1053C000FF351B3B1E70297021007931FF314118D8
:1053D000006802F037FD300070BD07230B40282124
:1053E000594340189530FF300068704770B5072466
:1053F000282521404D4344192600E26401225C36F1
:1054000023653270A365002623006665393338347E
:105410001A702170290038314118006802F012FD1D
:10542000300070BD70B50400072263680A40012097
:105430009A4219D84DB22823002D16DA5343190089
:10544000E3183831611839331870AE2501230A701A
:105450008B70AD00625D02209A4205D063552068D2
:1054600002F04AFC0020605570BD4B431900E31860
:105470007931FF317A336118FF330020E4E770B5EA
:1054800004000F2362680B40012093421BD80722BF
:1054900028230A40534349B2E518002914DA383367
:1054A0003935E11828700025AE268D700A70B600D7
:1054B000A35D0220012B06D001232068A35502F032
:1054C00037FC2800A55570BD7933FF33E118002360
:1054D0007A35FF352B70E6E730B528240D060BD55D
:1054E0000725294061433831411898B2002A07D175
:1054F0008A728880002030BD61437931FF31F3E743
:1055000001221B0C8A72C8800B81F3E7036801003B
:10551000BE20012210B58000BC240A500020A40047
:105520000855596D0A435A650222596D0A435A6556
:1055300010BD704710B5104C1049236802000B4095
:1055400003432360802300209B009A420CD10C4B24
:105550000C49186806235843FAF7FEFD8022431CC5
:10556000D2006069104000D110BD002B01D0013B7A
:10557000F7E70320F8E7C04600700040FFF9FFFF9F
:105580000C00002040420F00F0B5040085B0002858
:1055900002D1012005B0F0BD0368DB0710D42368F9
:1055A0009B075CD423681B0700D5C2E023685B0718
:1055B00000D5F4E0E269002A00D07BE10020E9E7B1
:1055C0003822B04DAB681340EA68102B09D1D243A2
:1055D000930708D12B689B03E1D56368002BDED1CC
:1055E000D7E7082BF6D0802263685202934211D18C
:1055F0002A6813432B60FDF7D7FE80260700B6020A
:105600002B683342CBD1FDF7CFFEC01B6428F7D9FE
:105610000320BFE7A021C9028B4208D1802329685B
:10562000DB020B432B602B681A432A60E3E72A68EE
:1056300095490A402A602A6894490A402A60002B4A
:10564000D9D1FDF7B1FE80260700B6022B683342A0
:10565000A5D0FDF7A9FEC01B6428F7D9D8E73823E9
:10566000884DAA681340EA68102B29D103210A400B
:10567000022A27D12A68520503D5E268002A00D100
:1056800087E7696862698248120201400A436A60DA
:10569000002B0DD12B687F4A1340226913432B60E6
:1056A0002B687D4A9B045B0FDA4013007B4A136032
:1056B0007B4B186803F04CFE002800D172E768E7C6
:1056C000002BD7D0E368002B20D02B68714A8026AE
:1056D00013402269F60013432B6080232A685B0085
:1056E00013432B60FDF760FE07002B68334207D0A1
:1056F0006A68636966491B020A4013436B6051E79D
:10570000FDF752FEC01B0228EFD981E72B68654ADE
:10571000802613402B60FDF747FE0700F6002B683C
:10572000334200D13EE7FDF73FFEC01B0228F6D909
:105730006EE73821534B9A681D000A40182A08D199
:105740001B6E9B0700D431E7A369002B00D02DE727
:105750001FE7A2690123002A10D02A6E02261343F4
:105760002B66FDF721FE07002B6E334200D01DE7AC
:10577000FDF71AFEC01B0228F6D949E72A6E022659
:105780009A432A66FDF710FE07002B6E334200D1C4
:105790000CE7FDF709FEC01B0228F6D938E73821CF
:1057A000384B9A681D000A40202A08D1DB6D9B0700
:1057B00000D4FFE6A368002B00D0FBE6E9E68022D8
:1057C0000021DB6B52050091134208D1EB6B1343B0
:1057D000EB63EB6B13400393039B01230093802740
:1057E000314E7F0033683B4215D0A368012B22D194
:1057F000EA6D1343EB65FDF7D7FD02270600EB6D5D
:105800003B4238D0009B012B00D0D3E6EB6B274AFC
:105810001340EB63CEE633683B433360FDF7C4FDD2
:10582000019033683B42E0D1FDF7BEFD019BC01AF9
:105830000228F6D9ECE6EA6D052B05D1013B1343AE
:10584000EB65EA6D0123D4E701218A43EA65EA6D3D
:1058500003318A43EA65002BCDD1FDF7A5FD022770
:105860000600EB6D3B42CDD0FDF79EFD104B801B3B
:105870009842F6D9CCE6FDF797FD0D4B801B984278
:10588000BDD9C5E600100240FFFFFEFFFFFFFBFF92
:10589000FF80FFFFFFC7FFFF0024F4000C00002083
:1058A00008000020FFFEFFFF00700040FFFFFFEF39
:1058B000881300003820444B99681D0001401029CE
:1058C00054D01B6841490B402B60022A37D1FDF7A9
:1058D0006BFD80260700B6042B68334229D1616A2C
:1058E000236AEA680B433A490A401343E26A1343C6
:1058F000226B1343626B1343A26A80241202134388
:10590000EB6080232A685B0413432B608023EA68E2
:105910005B051343EB60FDF747FD0600A4042B680D
:10592000234200D04AE6FDF73FFD801B0228F6D94E
:105930006EE6FDF739FDC01B0228CDD968E60322CB
:10594000EB6880249343EB60EB68224AA404134085
:10595000EB60FDF729FD06002B68234200D12DE600
:10596000FDF722FD801B0228F6D951E6012A00D15D
:105970000FE6D8680323226A0340934200D008E66A
:105980007023626A0340934200D002E6FE22A36ABB
:10599000D20102401B029A4200D0FAE5F823E26AE3
:1059A0009B030340934200D0F3E5E023226B1B05E9
:1059B0000340934200D0ECE5636B400F4007C01AF0
:1059C000431E9841C0B2E5E500100240FFFFFFFE14
:1059D0008C80C111FFFFFEEE022370B588B0160067
:1059E0000493032200230D0006920593984219D1D7
:1059F0000121184C626B0A436263636B07900B4092
:105A00000193019BA020802303A95B00C0050393A1
:105A1000FEF764FAA1680902090A31432943A1602B
:105A200008B070BD0128FBD10A4C03A9636B034386
:105A30006363636B079218400290029BA02080234F
:105A4000C005DB000393FEF749FAA168024B194039
:105A5000E3E7C04600100240FFFF00FF38231F4A63
:105A600070B591681400194208D1012113681C48CF
:105A70009B045B0F9940FAF76FFB70BD916819406A
:105A8000082925D091681940102915D1D368D1680B
:105A9000DB437F22E5684906490F2D0A0131154095
:105AA0009B0707D10F48FAF757FBE1686843490F96
:105AB0000131E0E70A48F6E791681940202909D04A
:105AC000926800201340182BD7D1FA20C001D4E7E8
:105AD0000448D2E780200002CFE7C0460010024011
:105AE0000024F40000127A00F7B505000E0000282B
:105AF00001D10120FEBD07274A4C23683B408B4261
:105B00002AD329688B073BD4CB0748D407272368BF
:105B10003B40B3420AD92368BB4333432360FDF7BC
:105B200043FC019023683B40B3426BD12B683E4C51
:105B30005B076FD4FFF792FFA3683C4A1B051B0F5E
:105B40009B009B581F221340D840394B1860394B9B
:105B5000186803F0FDFBCDE72368BB430B432360CC
:105B6000FDF722FC019023683B40B342C9D0FDF70A
:105B70001BFC019BC01A304B9842F4D90320B9E7B3
:105B8000294A4B0704D5E0239068DB010343936067
:105B900093682A480340A86803439360B4E76A689F
:105BA000214F012A19D13B689B03A2D50721BB686D
:105BB0008B431343BB60FDF7F7FB01903823BA68B2
:105BC0001A406B68DB009A42A0D0FDF7EDFB019B09
:105BD000C01A194B9842F1D9D0E7022A03D13B6889
:105BE0009B01E3D485E7002A03D13B685B05DDD444
:105BF0007FE70223032A03D1396E1942D6D178E711
:105C0000F96DFAE7FDF7D0FB019BC01A0A4B9842E9
:105C100088D9B3E7A3680A4A1340EA681343A3602C
:105C200088E7C0460020024000100240E4E7030875
:105C30000C0000200800002088130000FFF0FFFF88
:105C4000FF8FFFFF064B074A9B685B045B0F9B00BF
:105C50009B581F221340044A1068D8407047C04622
:105C60000010024024E803080C000020072230B591
:105C7000F025094B02609C682D01144044609C682B
:105C80002C408460E0249B68E4012340C360034B04
:105C90001B6813400B6030BD001002400020024022
:105CA000F0B505002B6885B000209B0349D5802204
:105CB000654C5205E36B0090134208D1E36B13432C
:105CC000E363E36B13400393039B0123009380275B
:105CD0005E4E7F0033683B433360FDF765FB019008
:105CE00033683B421FD0C023E26D9B0013400FD0AE
:105CF0006A6A9A420CD0E26D554BE16D13408022E6
:105D000052020A43E265E26D52490A40E265E365E8
:105D1000DB0700D589E0E36D4D4A002013406A6A35
:105D20001343E36506E0FDF73FFB019BC01A022821
:105D3000D6D90320009B012B03D1E36B464A1340C5
:105D4000E3632B68DA0706D503243F494A6DA24373
:105D50006C6822434A659A0706D50C243A494A6D75
:105D6000A243AC6822434A655A0706D53024364917
:105D70004A6DA243EC6822434A659A0606D5324929
:105D8000364C4A6D22402C6922434A655A0606D594
:105D90002D49334C4A6D22406C6922434A655A04AE
:105DA0000FD529492C6A4A6D9200920822434A6510
:105DB0008022D205944204D18022CC685202224330
:105DC000CA601A050DD503261F49AC698A6DB24316
:105DD00022438A65012C04D18022CC6852022243DE
:105DE000CA609A040DD50C261749EC698A6DB24336
:105DF00022438A65042C04D18022CC6852022243BB
:105E0000CA608024640423420DD00F49AA6A8B6DB6
:105E1000124D2B4013438B6580239B019A4202D184
:105E2000CB682343CB6005B0F0BDFDF7BDFA022778
:105E30000600E36D3B4200D06DE7FDF7B5FA094B74
:105E4000801B9842F5D974E70010024000700040B2
:105E5000FFFCFFFFFFFFFEFFFFFFFFEFFFCFFFFF96
:105E6000FF3FFFFF88130000F0B51700002287B046
:105E70001E0004ABDA7004000191FDF795FA0C9B4B
:105E80009D192D1AFDF790FA23222368039002939F
:105E90002C4B1B6853431B0D6B430593216804ABCC
:105EA000DA1C8B6801980340BB4201D100203FE01F
:105EB000019B1800C023DB00984206D1002F04D1BB
:105EC000029B1B7BDBB213701378731CE9D0FDF7C8
:105ED0006BFA039BC01AA8422CD3E02123685A68AE
:105EE0008A435A6082226168520091420CD180211B
:105EF000A26809028A4203D08021C9008A4203D1E4
:105F000040211A688A431A608021A26A89018A4264
:105F100006D119680C480140196019680A431A60D3
:105F2000230001225D331A70002303205C342370A8
:105F300007B0F0BD059B5A1E93415B421D40059B77
:105F4000013BAAE70C000020FFDFFFFFF0B51E00B9
:105F500085B00F0001920400FDF726FA0A9B9D19F7
:105F60002D1AFDF721FA274B00901B685B011B0DD2
:105F70006B432268039393683B40DB1B59424B41C0
:105F800001998B4201D1002032E0731CF3D0FDF760
:105F90000BFA009BC01AA8422CD3E02123685A6850
:105FA0008A435A6082226168520091420CD180215A
:105FB000A26809028A4203D08021C9008A4203D123
:105FC00040211A688A431A608021A26A89018A42A4
:105FD00006D119680C480140196019680A431A6013
:105FE000230001225D331A70002303205C342370E8
:105FF00005B0F0BD039B5A1E93415B421D40039BBD
:10600000013BB6E70C000020FFDFFFFF8223F7B55E
:106010001700426804000E005B009A420DD18022F6
:1060200083681202934203D08022D200934204D1AB
:106030004021226813688B431360009733000022CD
:1060400080212000FFF782FF051E05D02023226E4D
:1060500003251343236617E0822362685B009A429C
:1060600012D18022A3681202934203D08022D20070
:10607000934209D1C021009733000022C9002000BB
:10608000FFF7F2FE0028E1D12800FEBD73B50B003A
:106090000D00C02100921600490100220400FFF704
:1060A000E3FE021E05D02023226E03201343236645
:1060B00010E000962B0080212000FFF747FF021E12
:1060C000F1D1C02100962B00C9002000FFF7CCFEC3
:1060D0000028E8D176BD0000F8B504000120002CAE
:1060E0007ED0636A002B00D07BE082226168520080
:1060F000914200D0E36125005D352B78DBB2002BA7
:1061000005D122005C321370200003F06FF80223E7
:10611000402122682B701368E0688B43E0211360F4
:10612000C9000023884262D880267601884200D0C8
:10613000A362A36A61689C4682235B000B408421B2
:10614000A7680902394002270B432169A569394034
:106150000B436169013F39400B438021890029408D
:1061600019433823E7692D0C3B4019438023276AE4
:106170003B40802719436346BF013B4019431160F0
:10618000636B616ABC4536D1276B002F05D1E027D0
:10619000FF00B84229D902272763276B022F39D184
:1061A000802317681B013B4313601023676B194062
:1061B000083B3B401943F0231B01184008430421CE
:1061C0000D4005432E435660E36A9BB21361D369C9
:1061D000164900200B40D361012320665D342370F3
:1061E000F8BD00232361636185E70127D4E7F0212F
:1061F0001E0009019AE708273B40FF19394019435F
:10620000F0231B011840042308431D4005432E437F
:106210005660DCE708273B40FF1939401943F0235B
:106220001B011840042308431D40CAE7FFF7FFFF86
:10623000F0B51E0003005C3317001A78040085B027
:106240000D000220012A00D19AE001221A70FDF708
:10625000ABF8220001905D3213780220DBB2012BF3
:1062600000D086E01800002D00D182E0002F00D180
:106270007FE0023313700023A21D23662364A5630D
:10628000A787E78702329387D3878022A168236597
:10629000E36412022368914208D140211A688A43BC
:1062A0001A6080221968D2010A431A608021A26A0A
:1062B00089018A4206D11968474801401960196866
:1062C0000A431A6040221968114202D119680A4330
:1062D0001A60E021E0686268C900884252D9002A49
:1062E00001D0012F07D12A880235DA60E38FA56338
:1062F000013B9BB2E38702250CE0226893682B42A6
:106300002ED0A36B19880233D160A363E38F013BC6
:106310009BB2E387E38F002BEFD18023A26A9B011E
:106320009A4205D1802322685B0111680B431360F8
:10633000019A31002000FFF7A9FE002801D0202398
:106340002366A368002B06D103932368DA680392BF
:106350009B680393039B206E431E9841C0B208E0E4
:10636000FDF722F8019BC01AB042D3D3731CD1D0E1
:106370000320230001225D331A7000235C34237054
:1063800005B0F0BD002A01D0012F08D12A781A7378
:10639000A36B0133A363E38F013B9BB2E387022529
:1063A0000DE023689A682A420DD0A26B12781A7306
:1063B000A36B0133A363E38F013B9BB2E387E38FBE
:1063C000002BEED1A9E7FCF7EFFF019BC01AB0420A
:1063D000F5D3731CF3D0CBE7FFDFFFFFF0B589B037
:1063E00005920B221E0000230F0004A952180793E8
:1063F000137003005C331A7804000225012A00D1CF
:10640000BEE001221A70FCF7CFFF230002905D333B
:106410001A782368D2B218686168039058680490AB
:10642000012A0BD082204000814200D0A1E0A06868
:10643000002800D09DE0042A00D09AE00125002F1A
:1064400000D196E0059A002A00D192E0002E00D1FA
:106450008FE022005D321078042801D005201070F2
:10646000059800222064200008302266C687A01DFF
:10647000C6878020E2642265A26AA763E687A687B2
:106480008001824206D11868A04D28401860186823
:1064900002431A60E022E068D20090423DD95A6877
:1064A0009B4D2A405A6040221D68154202D11D684A
:1064B0002A431A60E022D200904200D883E00029EB
:1064C00001D0012E07D13A880237DA60E38FA76343
:1064D000013B9BB2E387802701250226BF01E38FA2
:1064E000002B1FD123000833DB8F002B1AD1802310
:1064F000A26A9B019A4200D0D3E00122029B1100C4
:10650000009320000E9BFFF721FD002800D1BFE083
:106510000223226E134323662AE080225D68520123
:106520002A43BFE723689A68324205D0E28F002AE7
:1065300002D0012D27D0002501219A680A420ED0F1
:1065400022000832D08F002809D00D00D868236CB3
:10655000188002332364D38F013B9BB2D387FCF7AF
:1065600023FF029BC01A0E9B9842B8D30133B6D0CA
:106570000325230001225D331A7000235C3423704D
:10658000280009B0F0BDA26B11880232D960A26365
:10659000E28F013A92B2E287E28F002ACBD1A26A5F
:1065A000BA42C8D1039A520707D4049A120704D5F5
:1065B0008022196892000A431A60802219685201E9
:1065C0000A431A60B7E7002901D0012E08D13A78B2
:1065D0001A73A36B0133A363E38F013B9BB2E38781
:1065E000802701250226BF01E38F002B05D1230060
:1065F0000833DB8F002B00D179E723689A68324299
:1066000005D0E28F002A02D0012D1FD000250121E4
:1066100023689A680A420FD022000832D08F0028DF
:106620000AD00D001B7B206C0370236C5B18236465
:10663000D38F013B9BB2D387FCF7B6FE029BC01AF7
:106640000E9B9842D0D30133CED091E7A26B127843
:106650001A73A36B0133A363E38F013B9BB2E38700
:10666000E38F002BD2D1A36ABB42CFD1039A236818
:10667000520707D4049A120704D5802219689200A1
:106680000A431A608022196852010A431A60BDE762
:10669000F023E26827681B019A421AD1FB6807932E
:1066A000079B226800259368DB0606D50223216E2E
:1066B00001350B432366174B9360029A0E99200015
:1066C000FFF7E4FC002800D153E7202301252366CF
:1066D0004FE70B253B7B04AADBB2AD18266B2B7072
:1066E0002B78022EDDD10122029B110000932000A5
:1066F0000E9BFFF72BFC002803D0236E1E4326665B
:1067000036E73B7BDBB22B702B78CAE7FFDFFFFF5E
:10671000FFEFFFFFEFFF0000F0B51D00002387B083
:10672000160002AA0593D37205334268FF330400B2
:106730000F009A420DD18368002B0AD10300042276
:106740005D331A70009533000A00FFF747FE07B06B
:10675000F0BD23005C331A780220012AF7D0012211
:106760001A70FCF721FE220003905D32137802209C
:10677000DBB2012B00D097E01800002F00D193E08E
:10678000002E00D190E003331370002321008020FD
:10679000A21D23662764D687A26A0831CE878001AE
:1067A000A363A387E387E3642365236882420AD156
:1067B0001868714E30401860186802431A60CA8F1A
:1067C000013A92B2CA87E022E168D20091424ED9E2
:1067D0005A686A4802405A608022A06812029042B9
:1067E00007D140201A6882431A601A686448024040
:1067F0001A6040221868104202D1186802431A60D9
:10680000E0232600DB0008360127994261D8F38F88
:10681000002B31D18023A26A9B019A4272D180233E
:1068200022685B01116820000B4313600122039B67
:10683000110000932B00FFF789FB002833D1E021E2
:10684000E0682268236CC90088424FD9D2681A8058
:106850000122039B1100009320002B00FFF776FB21
:10686000002846D00223226E134323661BE08022B9
:10687000586852010243AEE723689A683A420AD048
:106880001B7B226C1370236C01332364F38F013B59
:106890009BB2F387BBE7FCF787FD039BC01AA842B6
:1068A000B5D36B1CB3D00320230001225D331A70D3
:1068B00000235C3423704AE723689A683A420CD07C
:1068C000DA68236C1A8002332364F38F013B9BB296
:1068D000F387F38F002BEFD19CE7FCF765FD039B5B
:1068E000C01AA842F5D36B1CF3D0DCE7127B1A70F8
:1068F000AEE7F023E26826681B019A421AD1F368DA
:106900000593059B039A29002000FFF77FFB0028D1
:1069100001D02023236622689368DB0605D5022375
:10692000216E0B432366174B9360206E431E9841E4
:10693000C0B2B9E7337B02A9DBB2CB720B00DB7AC2
:10694000E023DB009A42DDD1276B022FDAD101224E
:10695000039B1100009320002B00FFF7F7FA00289B
:1069600003D0236E1F4327669DE7337B02AADBB269
:10697000D3721300DB7AC5E7FFDFFFFFFFEFFFFFF6
:10698000FFBFFFFFEFFF0000F7B506005C36019682
:10699000357804000220012D63D0350001383070B5
:1069A00001352F78FFB287420CD00430FF30844687
:1069B00066680338FF38664550D1A668002E4DD171
:1069C000042F4BD10120002948D0002A46D0002BAB
:1069D00044D02878042801D0052028700020802782
:1069E0002264A21D2066A163A387E38702329387F6
:1069F000D387E0642065A06A2168BF01B84206D150
:106A00000F684D4E37400F600F6838430860486884
:106A10004A4FE66838404860E020C000864221D9ED
:106A20004B68474803404B602B78A06D042B54D132
:106A3000444B0363444BC362444B0C314363002318
:106A40008363D38F226C9BB2FDF772F9031E48D08B
:106A500010230120226E1343236628700023019A1D
:106A60001370FEBD80204F6840013843486080208D
:106A7000676DC000BF69874208D1DB071BD44B6834
:106A8000334803404B60E38F5B08E3878023A06DAE
:106A9000DB0080699842C7D14B68294803404B60AE
:106AA000D38FDB0710D44B68234803404B60D38F50
:106AB0005B08D387B8E780234868DB0103434B605A
:106AC000E38F5B080133E0E7802348689B010343C1
:106AD0004B60D38F5B080133EBE71E4B03631E4B08
:106AE000A9E701272268606D51683943516003634B
:106AF000C36243638363E38F0C329BB2A16BFDF7E8
:106B000017F9002806D01023226E3800134323669D
:106B10002F70A3E7402223681968114202D1196837
:106B20000A431A60202259680A435A6002225968AF
:106B30000A435A6092E7C046FFDFFFFFFF9FFFFF57
:106B4000FFEFFFFFAD6B0008E96B0008C36B0008A7
:106B5000FFBFFFFFB76B0008F16C000870B50400C1
:106B6000406D002816D10025A06D002808D0FDF743
:106B700025F9002804D010230125226E1343236633
:106B8000032122685D34536828008B43536001233E
:106B9000237070BDFDF712F90028E4D01023226E97
:106BA000012513432366DFE77047704710B5806AFD
:106BB000FFF7FBFF10BD10B5806A0FF0ADFB10BDF5
:106BC00070470321806A10B5026853688B43536095
:106BD0001023026E13430366030001225D331A7013
:106BE000FFF7EEFF10BD0000F0B50B2500230700F6
:106BF00087B002AAAD180593846A2B70FCF7D4FB0A
:106C000020213B6806001B680B426AD1226853684A
:106C10008B4353608023A26A9B019A4215D10122C3
:106C20000090642311002000FFF790F9002803D0A2
:106C30000223226E13432366E023E2682768DB0009
:106C40009A4231D9FB680593059BA2682368002A04
:106C500044D105326168FF3291423FD103215A6825
:106C60008A435A60642132002000FFF7CFF90028E0
:106C700001D020232366230000220833DA87013263
:106C800055331A7022689368DB0605D50223216EFE
:106C90000B432366154B9360236E002B21D02000FD
:106CA000FFF78EFF07B0F0BD3B7BDBB22B702B787C
:106CB000236B0393022BC8D101220096623311008B
:106CC0002000FFF743F9002803D0236E039A1A43EC
:106CD00022663B7BDBB22B702B78B6E75A6801212A
:106CE000BEE72000FFF760FFDCE7C046EFFF0000D3
:106CF000F0B50B260023070085B06E440393846A29
:106D00003370FCF751FB20213B6805001B680B42E8
:106D100062D1226853688B4353608023A26A9B012F
:106D20009A421BD1E023E268DB009A4240D1236BF8
:106D3000012B3DD18022C021009063339200C90015
:106D40002000FFF791F8002803D00223226E13439E
:106D5000236623681B7BDBB2337033782A006421FF
:106D60002000FFF793F9002803D02023226E13435D
:106D70002366032123685A688A4321005A6000224F
:106D80000831E287CA87220001215D3211709A68BA
:106D9000D20605D50222216E0A432266104A9A6065
:106DA000236E002B18D02000FFF70AFF05B0F0BDBE
:106DB0008022C02100956423D200C9002000FFF783
:106DC00053F8002803D00223226E1343236623685E
:106DD000DB680393039BC1E720000FF0AFFAE5E700
:106DE000EFFF00000122036A70B593430362036A58
:106DF000194A4468856915400A681543022293437D
:106E00008A681343154A904208D0154EB04205D007
:106E1000144EB04202D0144EB04216D10826B343ED
:106E2000CE6833430426B343904208D00C4A9042C4
:106E300005D00C4A904202D00B4A904205D10B4A31
:106E40008E6922404C69344314434A68446085612A
:106E50004263036270BDC0468CFFFEFF002C014000
:106E6000004001400044014000480140FFFCFFFF9A
:106E7000036A184A70B513400362036A164D4268EC
:106E8000C4692C400D682C43144D2B408D682D0295
:106E90002B43134DA8420ED1124D1D40CB681B024F
:106EA0002B43114D2B40114D4E6915408A693243D9
:106EB00012012A4308E00E4DA842F4D00D4DA8421D
:106EC000F1D00D4DA842EED042604A68C461C26361
:106ED000036270BDFFFEFFFF8CFFFEFFFFFDFFFFA3
:106EE000002C0140FFF7FFFFFFFBFFFFFFCFFFFF7D
:106EF000004001400044014000480140036A144A38
:106F000030B513400362026A124C4368C5692540DC
:106F10000C6824022543104C22408C682403224331
:106F20000E4CA04208D00E4CA04205D00D4CA04201
:106F300002D00D4CA04204D10C4C23404C69A4015A
:106F4000234343604B68C5610364026230BDC046A1
:106F5000FFEFFFFFFF8CFFFEFFDFFFFF002C014074
:106F6000004001400044014000480140FFBFFFFFD6
:106F7000036A134A70B513400362046A114E4368F2
:106F8000456D35400E6835430F4E34408E683604EB
:106F900034430E4EB04208D00D4EB04205D00D4ED7
:106FA000B04202D00C4EB04203D113404A691202E3
:106FB000134343604B6845658365046270BDC046FA
:106FC000FFFFFEFF8FFFFEFFFFFFFDFF002C0140D4
:106FD000004001400044014000480140036A144A57
:106FE00030B513400362026A124C4368456D254078
:106FF0000C6824022543104C22408C68240522434F
:107000000E4CA04208D00E4CA04205D00D4CA04220
:1070100002D00D4CA04204D10C4C23404C69A40278
:10702000234343604B684565C365026230BDC0467B
:10703000FFFFEFFFFF8FFFFEFFFFDFFF002C014090
:10704000004001400044014000480140FFFFFBFFB9
:10705000030001223D331978914220D10221197099
:107060000368D9681143D9600F498B4208D00F4992
:107070008B4205D00E498B4202D00E498B4210D173
:107080000D4A996811400022062908D0802040024C
:10709000814204D0196801320A431A6000221000AC
:1070A000704718680243F8E7002C014000040040D4
:1070B0000008004000400140070001000121036872
:1070C00010B5DA688A43DA601C6A074A144206D1AE
:1070D0001C6A064A144202D11A688A431A600123C4
:1070E0003D300370002010BD111100004404000069
:1070F000704770477047704770470000022203686E
:1071000010B51969040011420ED0D96811420BD094
:10711000053A1A619B69043202779B0700D186E029
:10712000FFF7E8FF0023237704222368196911423F
:1071300011D0D96811420ED0093A1A61073222776C
:107140009A69C0239B0020001A4200D175E0FFF726
:10715000D1FF0023237708222368196911420ED03A
:10716000D96811420BD0113A1A61DB690D322277CE
:1071700020009B0767D0FFF7BDFF00232377102275
:1071800023681969114210D0D96811420DD0213AF3
:107190001A6119322277DA69C0239B0020001A4253
:1071A00057D0FFF7A7FF002323770122236819692F
:1071B000114207D0D968114204D0033A1A61200065
:1071C00001F036FF802223681969114208D0D9687E
:1071D000114205D0023AFF3A1A61200000F0B5FBD7
:1071E00023681A69D20507D5DA68120604D51C4A45
:1071F00020001A6100F0AAFB40222368196911429D
:1072000007D0D968114204D0813A1A612000FFF7F3
:1072100073FF202223681969114207D0D9681142EF
:1072200004D0413A1A61200000F08EFB10BDFFF738
:1072300060FF2000FFF75FFF74E7FFF75AFF2000B1
:10724000FFF759FF85E7FFF754FF2000FFF753FFD3
:1072500093E7FFF74EFF2000FFF74DFFA3E7C0467F
:10726000FFFEFFFF1F4A10B50368904205D01E4C79
:10727000A04202D01D4CA0420BD17024A3434C6805
:107280002343904211D0184CA0420ED0174CA0427C
:107290000BD0174CA04208D0164CA04205D0164C7B
:1072A000A04202D0154CA04203D1154C2340CC681B
:1072B00023438024A3434C69234303608B68C36248
:1072C0000B688362904208D00A4B984205D00A4B63
:1072D000984202D0094B984201D10B690363012304
:1072E000436110BD002C0140000400400008004034
:1072F000002000400040014000440140004801409F
:10730000FFFCFFFF70B504000120002C23D02500F6
:107310003D352B78DBB2002B05D122003C321370B7
:10732000200002F041F9022320682B70211DFFF795
:1073300099FF2200012300204832137047340A3A93
:10734000137053709370D370137153719371D37121
:10735000137223702B7070BD70B504000120002CD7
:1073600023D025003D352B78DBB2002B05D1220040
:107370003C3213702000FFF7BBFE022320682B7005
:10738000211DFFF76FFF22000123002048321370F8
:1073900047340A3A137053709370D370137153715A
:1073A0009371D371137223702B7070BD1022036A16
:1073B00070B593430362026A164D436884692C409A
:1073C0000D682D022C432025AA438D682D012A43E8
:1073D000114DA8420FD18025AA431500CA68120199
:1073E0002A434025AA430D4D4E691D408B69334306
:1073F0009B002B4308E00A4DA842F4D0094DA84257
:10740000F1D0094DA842EED043604B68846183639C
:10741000026270BDFF8CFFFE002C0140FFF3FFFFF6
:10742000004001400044014000480140F8B5070019
:107430003C373B7804000D0016000220012B0AD0D7
:1074400001233B70082A40D006D8002A1BD0042A0A
:107450002AD000203870F8BD102A46D0142A55D002
:107460000C2AF6D12068FFF749FD8022236812011B
:10747000D9690A43DA61DA692D490A40DA612A6971
:10748000D96912022EE02068FFF7ACFC08222368BD
:1074900099690A4304219A619A698A439A619A69AF
:1074A00029690A439A61D4E72068FFF77FFF8022A9
:1074B0002368120199690A439A619A691C490A4032
:1074C0009A612A6999691202EBE72068FFF7D0FCFC
:1074D00004212368DA691643DE61DA698A43DA61D6
:1074E000DA6929690A43DA61B3E72068FFF740FDEA
:1074F00008222368596D0A4304215A655A6D8A434C
:107500005A655A6D29690A435A65A2E72068FFF750
:1075100065FD802223681201596D0A435A655A6D30
:1075200003490A405A652A69596D1202EBE7C046C1
:10753000FFFBFFFF30B58468034D0A431B022C405C
:1075400013432343836030BDFF00FFFFF8B5050000
:1075500002233C352A7804001800012A16D02600A0
:10756000012720683D362F70337083683F4A1340EF
:1075700083600B68402B63D014D8102B0BD006D837
:10758000002B08D00123002033702870F8BD202B79
:1075900001D0302BF6D1364A8168114007221343BF
:1075A0000B4319E0602B34D018D8502BEAD14A682D
:1075B000CB68016A046A1B01BC43F027046284693A
:1075C000BC4323430A24A1430A43836102628368C4
:1075D000274A1A40572313438360D3E7702B0DD0FB
:1075E000802292019342CDD1CB684A688968FFF727
:1075F000A1FF80232268DB01916807E0CB684A681D
:107600008968FFF797FF7723226891680B4393609F
:10761000B8E710244B68CA68016A164FA14301629B
:10762000846912033C402243A024016A1B01A14348
:107630000B438261036283680D4A1A406723CAE7DD
:107640004A68CB68016A046A1B01BC43F0270462E4
:107650008469BC4323430A24A1430A438361026231
:107660008368034A1A404723B5E7C0468800CEFF27
:107670008FFFCFFFFF0FFFFF1F2310B5012419401D
:107680008C408A40036AA3430362036A1A4302627E
:1076900010BD000010B503000400002905D13E33E1
:1076A00001201A78824212D010BD042901D13F3343
:1076B000F6E7082901D14033F2E70C2901D1413323
:1076C000EEE7102901D14233EAE74333E8E702222B
:1076D00020681A700122FFF7CFFF236819498B42F7
:1076E00012D0194A93420FD0184A93420CD0184A2C
:1076F000934209D0174A93420ED19A6816490A401C
:10770000062A14D10020CFE78022586C12020243CF
:107710005A648B42EED1F0E7104A9342EDD00A4A08
:107720009342EAD0012219680A431A60EAE78021ED
:10773000002049028A42B7D0012219680A431A6020
:10774000B2E7C046002C0140004001400044014027
:10775000004801400004004007000100000800400C
:1077600010B5FFF797FF10BD70B504000022006848
:107770000D00FFF781FF23681D4A1E49934208D080
:107780001D4A934205D01D4A934202D01C4A93429F
:107790000AD11A6A0A4207D1186A1A4A104203D15A
:1077A0005A6C194802405A641A6A0A4207D1196A87
:1077B000144A114203D101211A688A431A60012335
:1077C000002D03D13E340020237070BD042D01D163
:1077D0003F34F8E7082D01D14034F4E70C2D01D1F6
:1077E0004134F0E7102D01D14234ECE74334EAE7AD
:1077F000002C0140111100000040014000440140F4
:107800000048014044040000FF7FFFFF10B5FFF770
:10781000ABFF10BDF0B5040002223C342578030014
:107820001000012D27D01D0001381B683D35124E78
:1078300020702A705A689868B34203D10F4F3A40BB
:107840004F683A437027BA430F683A435A60B342CD
:1078500008D00B4A934205D00A4A934202D00A4A02
:10786000934204D1802290438A6810439860012398
:1078700000202B702070F0BD002C0140FFFF0FFF97
:1078800000040040000800400040014010B5040022
:107890003C34237802000220012B39D0C8681D4BEC
:1078A00012680340886803431B4803404868034349
:1078B0001A48034008680343194803400869034312
:1078C000184803404869034317480340086B0343C3
:1078D000164803408869000403431548824214D1C6
:1078E00014480340C8690343134818408B6A1B05BA
:1078F000034312480340086A034311480340486A9F
:10790000C96A03430F4803400B43002053642070AF
:1079100010BDC046FFFCFFFFFFFBFFFFFFF7FFFFAF
:10792000FFEFFFFFFFDFFFFFFFBFFFFFFFFFF0FFE6
:10793000002C0140FFFFFFEFFFFF0FFFFFFFFFFEE7
:10794000FFFFFFFDFFFFFFDF70477047704700003C
:107950000023024A436402641800704780BF00009D
:10796000036C024A13400364002070477F40FFFF0E
:1079700084B00292012202640393036C0191934349
:107980000364036C9340D3400364002343641800F2
:1079900004B07047F7B501250C780200A400041963
:1079A0002068854B0340C8780195032808D8F8F76C
:1079B000B5FB0241053E802080000343002001907A
:1079C0007E487F4E034323600D78AC001419236872
:1079D000054333402B4323608C7A0B78002C6DD108
:1079E000784F9D008C88DB00DB194F78A408A40039
:1079F0005519002F23D01F683F0C3F041F601F68DC
:107A00003C431C602B685B0604D52B6833406E4EEC
:107A10001E432E600B789B00D218CB786B49012B4C
:107A20000AD01368194020234B40184396E0C02029
:107A3000C000C2E78020FBE713680B40F5E75E68F3
:107A4000360C36045E605E6834435C605C68A4B2E9
:107A50005C600C69002C1AD15C685D4E34405C603F
:107A600080245E68240634435C602B685B0405D583
:107A70002B68534C574F23401F432F600B785649B8
:107A80009B00D21813681940C0239B01CCE73E2C01
:107A900008D8012766083C4036195C68B6062643BC
:107AA0005E60E2E71F2766093C4067426741F61BBC
:107AB00080275C683F06B6063C43F0E79B00D3187E
:107AC0001D683F4C444F2540444CBC462C431C6031
:107AD0000B783C4DDC00641925689B002D0C2D04AF
:107AE0002560CD882668AD08AD0035432560656802
:107AF000D3182D0C2D0465600D896668AD08AD00A6
:107B00003543656080254E78304CED01002E28D13C
:107B10001E682E4205D01E68294D2E402D4D35433E
:107B20001D600B789B00D3181D686D0605D51D6878
:107B3000234E254F35402F431F6065460B789B0031
:107B4000D3181E682E40C025AD01754005431D6049
:107B50000B789B00D21813681C40204310600198DA
:107B6000FEBD1E682E4205D01E68154D2E40194DD3
:107B700035431D600B789B00D3181D686D0605D535
:107B80001D680F4E104F35402F431F600B78CD7886
:107B90009B00D318012D0BD01D68254020246C407C
:107BA00004431C600B7861469B00D218136844E7BD
:107BB0001D682C40F4E7C0468F897F078080000055
:107BC0008F8F7F0700980040C0800000BF8F7F0725
:107BD000FFFFFF8380C000008FBF7F078081000010
:107BE000F0B50B788C7A9B004D78C3183C4A002C7A
:107BF00020D11C68002D0FD0640605D51C68394DB6
:107C00002540394C2C431C600B7838499B00C01828
:107C100003680B401A433BE0640405D51C68314DF2
:107C20002540334C2C431C600B7832499B00C01814
:107C30000368EEE780262B4C2C4FF601002D2AD14D
:107C40001D68354204D01E68294D264035431D600D
:107C50000B78254D9B00C3181E68760603D51E6859
:107C600026402E431E600B789B00C3181E683440CC
:107C700025431D600B781F4D9B00C3181C682C40CA
:107C800014431C600B789B00C01803681F403A43E4
:107C900002600020F0BD1D68354204D01E68144DFE
:107CA00026402E431E600B789B00C3181E68750685
:107CB00006D51E682640B44665460B4E2E431E6010
:107CC0000B780B4D9B00C3181E68344025431D6084
:107CD0000B789B00C3181C68274017431F60A3E75D
:107CE000808000008F8F7F07C0800000BF8F7F07DC
:107CF00080C000008FBF7F070B780A4A9B00C01826
:107D00004B78002B08D003680749194010234B40DB
:107D1000134303600020704703680449194080231F
:107D20005B01F4E780800000BF8F7F078FBF7F0774
:107D30008B7A10B5002B1CD10B784A789B00C318A6
:107D4000002A18D01A68520605D51A68134C144038
:107D5000134A22431A60CB78012B0AD00B789B0080
:107D6000C01802680F4B1A4020235A400E4B134391
:107D70000360002010BD1A68520405D51A68074C2C
:107D800014400A4A22431A600B789B00C01802680C
:107D9000074B1A40C0239B01E7E7C0468F8F7F0740
:107DA000C0800000BF8F7F078080000080C000007F
:107DB0008FBF7F07002901D18023C3640020704753
:107DC0008023826D1B021343836500207047406C43
:107DD00070470000F7B50324D81C23401C00651E23
:107DE000AC418008001B164C050012190C00561AF5
:107DF0000196019EB446A444002D12D180001218B1
:107E00000918002B0CD04E07761A08788C19E4005C
:107E1000A040013B9BB205430131002BF5D1156019
:107E2000F7BD677826783F023E43A778013D3F04BF
:107E30003743E678043436063E4367463E60D8E76B
:107E400000980040F7B54A7806000C008F7A012AA6
:107E500000D037E208698D69854200D90500636961
:107E60000193002F1DD1ABB2A28801993000FFF71A
:107E7000B1FF2378CB4ADB009B181A682D0492B21D
:107E80001A601A6815431D602378C74A9B00F618CC
:107E900033681A4030235340C44A002013433360F0
:107EA000FEBD2278E3789200B218022B00D0FCE0ED
:107EB000236A984200D3E0E01368BD481840BD4BE8
:107EC00003431360236A22785B1B23629300F31839
:107ED0001F686078ABB2790670D500284BD1B148E5
:107EE000D2001218506880B25060002D2ED1506818
:107EF000B14F3840506080205768000638435060CA
:107F0000228901993000FFF765FF636922695919D9
:107F1000236A6161934239D95B1B23622B0062782B
:107F2000002A00D04CE122789E48D2001218106836
:107F300080B21060002B2CD110689F4D284010603B
:107F400080201568000628431060F9E03E2D06D811
:107F5000012768082F40C01980065768CEE71F2701
:107F60002F40794279416809401A802157680906F3
:107F700080060F43C2E70128C2D18A49D2005218B5
:107F8000506880B2506057682804B7E70022226228
:107F9000C5E73E2B06D8012558081D40401980062C
:107FA0001568D0E71F251D406F427D418027580985
:107FB000401B15683F0680063D43C4E700284ED1AC
:107FC0007849D2005218106880B21060002D31D16B
:107FD0001068794F384010608020176800063843D9
:107FE0001060E28801993000FFF7F4FE63692269AE
:107FF0005919236A616193423CD95B1B23622B00B0
:108000006278002A00D04EE12078664AC0008018CD
:10801000426892B24260002B00D00CE14268664D8B
:108020002A4042608022456812062A4342609BB281
:10803000228936E03E2D06D8012768082F40C01956
:1080400080061768CBE71F272F40794279416809DE
:10805000401A80211768090680060F43BFE70128F0
:10806000BFD15049D2005218106880B21060176812
:108070002804B4E700222262C2E710684F4D4B4942
:1080800028400843106022784649D20052181068F0
:10809000019980B210601568180428431060E288C6
:1080A0009BB23000FFF796FEEEE61368404818409A
:1080B000404B03431360236A22785B1B23629300C7
:1080C000F3181F686078ABB2790600D484E000280A
:1080D0004ED13449D2005218506880B25060002D01
:1080E00031D15068344F38405060802057680006C6
:1080F00038435060228901993000FFF76BFE6369B5
:1081000022695919236A616193423CD95B1B23623E
:108110002B00002B00D1B7E66278002A50D12078DE
:10812000204AC0008018026892B202603E2B2DD80F
:1081300001255A081D405219056892062A4302601B
:108140009BB2E288ADE73E2D06D8012768082F4094
:10815000C01980065768CBE71F272F407942794125
:108160006809401A80215768090680060F43BFE757
:108170000128BFD10B49D2005218506880B250601C
:1081800057682804B4E700222262C2E71F251D4079
:108190006F427D4180275A09521B05683F069206AF
:1081A0003D43CBE700980040BF8F7F0780800000F1
:1081B0008F8F7F0780810000FFFFFF838F8E7F07F7
:1081C000012ABDD12278BF48D2001218106880B2AF
:1081D000106015681804B6E600284AD1B949D200E3
:1081E0005218106880B21060002D2DD11068B64F63
:1081F0003840106080201768000638431060E2881D
:1082000001993000FFF7E6FD636922695919236A75
:108210006161934238D95B1B23622B00002B00D194
:1082200032E66278002A3ED12078A64AC000801843
:10823000426892B242603E2B29D801255A081D405F
:10824000521992064568F0E63E2D06D801276808C7
:108250002F40C01980061768CFE71F272F407942AB
:1082600079416809401A80211768090680060F4382
:10827000C3E70128C3D19349D2005218106880B2D5
:10828000106017682804B8E700222262C6E71F259D
:108290001D406F427D4180275A09521B45683F06A9
:1082A00092063D43C1E6012A00D0C0E62278854807
:1082B000D2001218506880B25060556818042843E4
:1082C0005060B4E6002F3CD18A690B699A421ED9EE
:1082D000D21A8A6122787B49D2005218516889B239
:1082E0005160002B16D1536877490B4053608023AF
:1082F00051681B060B43536023789B00F6183268C5
:10830000724B1A40C0239B015A40714BC5E58F61E7
:108310001300DFE73E2B08D8012059080340C91895
:108320005368890619435160E6E71F205909034045
:1083300058424341C91A802350681B0689060343EB
:10834000F0E7CB78022B61D10978002A20D15D4A71
:10835000CB009B181A6892B21A602269002A2AD1AF
:108360001868594D2840186080201D680006284371
:108370001860586880B25860002A31D03E2A39D837
:10838000012550082A4080185A688006104358601A
:10839000E369002BB0D0890071180B684D4A134077
:1083A000934201D0002BA7D10B684B4A1A404B4B8C
:1083B00013430B60A0E73E2A06D80125500815405C
:1083C000401980061D68D2E71F2515406F427D4188
:1083D0005009401B80251F682D0680063D43C6E7D7
:1083E0005A68394802405A6080225868120602438F
:1083F0005A60CDE71F2010405509424250412D1AC6
:1084000080205F680006AA063843F0E70120834217
:1084100000D045E58B6909698B4224D95B1AA361B9
:10842000002A00D068E72378264ADB009B181A68E8
:1084300092B21A6000291AD11A68234802401A60C1
:1084400080221868120602431A605A6892B25A6073
:10845000002921D03E2929D801204A08014052187C
:10846000920659681FE00021A1611900D8E73E2952
:1084700006D801204A080840121892061868E2E758
:108480001F220A4055426A414809801A80221D680D
:1084900012062A438006D6E75A680B490A405A60FA
:1084A0008022596812060A435A6025E71F204A09AC
:1084B000014048424141521A8021586809069206FB
:1084C0000143F0E700980040FFFFFF838FBF7F0765
:1084D00080800000404000008F8F7F07C080000038
:1084E000F7B50324D81C2340164C800812191C0031
:1084F000651EAC41001B06000C00551A0195019D3C
:108500002D19002E12D1800012180918002B0CD042
:1085100048071468401A25000A18D200D540013BCC
:108520009BB20D700131002BF5D1F7BD2D68013ED6
:108530002F0A257067702F0C2D0EA770E57004347C
:10854000DDE7C0460098004073B5531A04000D00E3
:10855000160001930F2B06D9002201A91BF01EF86B
:10856000019B2060A3603200290020681BF0A3F863
:108570000021019B22686360D15473BD0023024A2D
:108580001360024A13607047800400207C040020BE
:1085900010B5054B05491868F8F774FB2DF008FF76
:1085A0000249F8F797F910BD7C0400200000204133
:1085B00070B50C4C0C4B25681968281CF8F794FC16
:1085C0000A49F8F75FFB011C281CF8F78DFC0849E5
:1085D000F8F758FB2DF0CAFE0549F8F77BF9206043
:1085E00070BDC0467C04002080040020CDCC4C3FF0
:1085F0000000204130B5254B8DB01B68186CF8F792
:10860000A1FE2349F8F73EFB224B1860FFF7D0FF8D
:10861000214D22492868F7F765FF214C002832D008
:10862000204B1B78002B2ED12378002B29D101F071
:10863000B5FFFA2825D9FF2128688905F7F766FFD5
:10864000002818D002AB184A184968460093FFF773
:108650007BFF174908AB0A0006A80693FFF774FFD3
:10866000012206A9684607F04BF906A81AF0B2FFE6
:1086700068461AF0AFFFFA2001238000237001F052
:10868000C4F80DB030BD00232370FAE72089012023
:1086900042F7DA3B800400207C04002000004040C8
:1086A00084040020496A012066E6030854E60308B2
:1086B000E80A040810B50F4C2000FBF7D7F920009A
:1086C000FBF7F2F90A2001F0A0F82000FBF762F9AD
:1086D000142001F09AF82368074C186CF8F732FE62
:1086E0000649F8F7CFFA2060FFF784FF044B1B68B8
:1086F000236010BD208901207C04002042F7DA3B72
:1087000080040020F021074A13780B4013700022E8
:10871000054BE1391970054B1A705A709A70DA706E
:108720007047C046980400209E0400209904002051
:1087300070470000012270B51400164D16492B69D0
:1087400002269B089C430B789343234314000B7031
:108750002B69DB0A9C4394400B78B34323431400FA
:108760000B702B691B0B9C432300B3400C78B6198C
:10877000B4431C432B690C709B0A9A43D300E2B2AA
:108780000824A24313430B700340581E8341D8B200
:1087900070BDC0460004005098040020013800B5A8
:1087A000072817D8F7F7BAFC040A160E1616161281
:1087B000094B1B699B080120984300BD064B1B69B0
:1087C000DB0AF8E7044B1B691B0BF4E7024B1B6940
:1087D0009B0AF0E70020F0E700040050013800B5E4
:1087E000284B0E284BD80122F7F798FC080D2C13C4
:1087F0004949491F2F36493E4949450019780A43DE
:10880000F1210A400FE01978914302220A43F32133
:10881000F7E7197891430A0002218A4311000422E4
:108820000A4308218A431A700BE01878904302002B
:10883000F9200240F13802431A70134BDA685118DC
:10884000D96000BD19781143DFE719780A43F9218F
:108850000A40F1390A43E6E71978914302220A43B4
:1088600004218A434918F5E7197891430A00022147
:108870008A430A31EEE719780A430E21EAE71A78AB
:10888000F021BEE79D04002088040020264A1378CA
:10889000DB07DB0FD9B2002922D024490B68013352
:1088A0000B6013789B07DB0FD9B2002921D01F4939
:1088B0004B6801334B6013785B07DB0FD9B200299B
:1088C00020D01A498B6801338B6013781B07DB0FAC
:1088D000DAB2002A1FD0154AD3680133D36070473B
:1088E00013480078C007DCD51048016011490B70AF
:1088F000D7E70F4800788007DDD50C4841600D4967
:108900004B70D8E70A4800784007DED507488160F9
:1089100008498B70D9E7064909780907DFD503496B
:10892000CA60044AD370DAE7980400208804002063
:108930009E040020990400202F4BF7B51B782F4987
:10894000DC07E00F0A690190012007000500040020
:1089500092089743019A9E0717430A69F60FD20AB5
:1089600095432E430D6909692D0BAC435D07ED0F4F
:108970002543AC00A4460400890A1B078C43DB0F87
:108980002343644672003A43D90022430A431C49F8
:10899000002F06D00F78FC0703D41A4C27788743A2
:1089A0002770002E07D00878800704D40227154EC0
:1089B0003078B8433070002D07D00878400704D4D1
:1089C0000426104D2878B0432870002B07D00B7870
:1089D0001B0704D408250B480378AB430370019BA5
:1089E0000A70002B02D0012000F00FFFFFF74EFFAE
:1089F0000023014A1370F7BD9D04002000040050BD
:108A0000980400209E040020024B1A78104318702E
:108A10007047C0469E040020404B10B51B780342AF
:108A200001D0002432E001380E28FAD8F7F76CFBA9
:108A300008103016F9F9F91C394FF958F9F96300A3
:108A4000374B01201B689942EBDCFFF7DDFF3CE070
:108A5000334B02205B688B42E3DBF6E7304B0420AC
:108A60009B688B42DDDBF0E72D4BDB688B4205DB3F
:108A70002C4BDB78002B01D10820E6E70820FFF71C
:108A80008DFE041ECDD10820FFF7BEFF200010BDD3
:108A9000234B1A688A42C4DB5B6803208B42C0DB2D
:108AA000D3E71F4C23688B42BBDBE36801208B427A
:108AB000B7DBFFF7A9FF00230122E360194B082071
:108AC000DA70FFF76BFE0028D6D00124DEE7144CE5
:108AD00063688B42A5DBE3688B42A2DB0220E8E7F8
:108AE0000F4B9A688A429CDBDB688B4299DB0C2037
:108AF000FFF78AFFC0E70A4B1A688A4200DA90E75C
:108B00005A688A4200DA8CE79A688A4200DA88E773
:108B1000DB688B4200DA84E70F2096E79E04002092
:108B200088040020990400200023034A1370034A9C
:108B30001370034A13707047980400209D040020AE
:108B40009E0400201FB50C22002101A82EF0C6FDB6
:108B50001A4C1B4B04222360C0236261033A5B035F
:108B6000A276E2612200636000232C32137080221F
:108B70005201226307226263220020003C32A3607C
:108B8000E3602361237663766362A362A363137059
:108B9000E364FAF71FFC002801D000F053FA094BF8
:108BA00001A901930023200002930393FAF74EFDDD
:108BB000002801D000F046FA1FBDC04620890120E0
:108BC000002401400001002010B5040092B01422DE
:108BD000002102A82EF082FD2C22002107A82EF0F1
:108BE0007DFD164B22689A4225D1802307A8DB0120
:108BF0000793FDF755F8002801D000F023FA8020F4
:108C00000F4B4003196C0143196402211A6C024096
:108C10000092009A5A6B0B480A435A635B6B0B40F5
:108C20000193019B012302935B180393002302A984
:108C30000493FBF753F912B010BDC0460024014065
:108C4000001002400004005010B5024800F0DDFDA5
:108C5000FBE7C0461027000010B5962000F0D5FDB8
:108C60000DF015FBFCE710B50DF01CFB322000F0F9
:108C7000CCFDF9E7FA2010B5C00000F0C6FD0DF0FC
:108C800038FB0DF013FBFCE710B5FA240DF038FBB0
:108C9000A4000DF027FB200000F0B7FDF9E79620B7
:108CA00010B5400000F0B1FD0DF031FB0DF0EBFA16
:108CB000FCE710B5C824A4000DF02AFB200000F04A
:108CC000A4FDF9E710B5194A0021194800F038FD54
:108CD000184B194A18600021184800F031FD184B54
:108CE000184A18600021184800F02AFD174B184A4E
:108CF00018600021174800F023FD174B174A186031
:108D00000021174800F01CFD164B174A186000217F
:108D1000164800F015FD164B164A1860002116483B
:108D200000F00EFD154B186010BDC046D4E60308D8
:108D3000598C0008948901208CE60308678C000890
:108D40008C890120F8E60308758C000888890120C9
:108D500068E60308898C000890890120B0E60308C2
:108D60009F8C00088489012040E70308498C000893
:108D70009C8901201CE70308B38C00089889012016
:108D800007B501200C4A916B01439163936B03215A
:108D90000340002201930830019BFAF7D1FE09201D
:108DA000FAF7F8FE002203210A20FAF7C9FE0A208A
:108DB000FAF7F0FE07BDC04600100240F0B58BB0D8
:108DC0001422002105A82EF089FC0420614B012506
:108DD000596BA026014359635A6BF6050240009275
:108DE000009A596B1C300143596302215A6B0024CD
:108DF00002400192019A5A6B57482A435A635A6BB0
:108E000003272A400292029A5A6B0A435A635A6B0A
:108E10000A400392039A5A6B06310A435A635B6B0A
:108E200000220B40802104938901049BFBF718F971
:108E3000300000220321FBF713F988212A003000BB
:108E40004900FBF70DF98021002249004348FBF758
:108E500007F90022C0214248FBF702F9414B3E4886
:108E6000059305AB190006970794FBF737F88023A5
:108E70009B01059305AB19003748069507940894A4
:108E8000FBF72CF805AB1900300005970695079401
:108E90000894FBF723F8344B3000059305AB190019
:108EA00006970794FBF71AF8882302215B000593C5
:108EB00005AB08913000190006950794FBF70EF8F2
:108EC0002A4B2748059305AB190006940794FBF736
:108ED00005F80221802306919B0005A93000059327
:108EE0000794089509948026FAF7F8FF402305A90E
:108EF00019480593760006940795FAF7EFFF05A940
:108F000016480596069507940894FAF7E7FF184B5C
:108F100005A91248059306970794FAF7DFFF05A9FC
:108F20000D48059606940794FAF7D8FFCE2305A9B5
:108F30009B000B48059306970794FAF7CFFFC023D1
:108F400005A907480593069507940894FAF7C6FF04
:108F50000BB0F0BD0010024000080050000C0050A3
:108F600000040050BCDE00004C840000041C000023
:108F70007F02000010B5134B134C01222360134BEA
:108F8000200063600023E260A36023616361A3614A
:108F9000E3612362FBF7AEF9002801D000F052F83C
:108FA00000212000FBF708FC002801D000F04AF85F
:108FB00000212000FBF726FC002801D000F042F839
:108FC00010BDC04600880040A0890120BC7D701003
:108FD00010B5040088B01422002103A82EF07EFBF7
:108FE000104B22689A421BD104210F4C0F48626B30
:108FF0000A436263636B0B400193019B032303935A
:109000000F33049303A90C3B0793FAF767FF802102
:10901000E26B09040A43E263E36B0B400293029B99
:1090200008B010BD00880040001002400008005049
:10903000034B026810B59A4201D1FAF7A9F910BDA5
:109040000040014010B502480DF01CF972B6FEE771
:10905000B9E7030810B592B03822002104A82EF019
:109060003DFB1022002168462EF038FB8020800056
:10907000FCF760FA0123049380235B02059303232A
:109080000C9300230D9318330E93A0231B030F930F
:10909000C023DB04109380230224DB0504A80B9477
:1090A0001193FCF771FA002801D0FFF7CBFF0723DB
:1090B000029003902100684600930194FCF714FD90
:1090C0000028F2D18022802192054904FCF784FC1B
:1090D00012B010BD164B174A10B51A60164A174B3E
:1090E0001749D058884204D10021D150154B1B6834
:1090F0009847FAF739F9FFF7ADFFFFF75FFEFFF783
:109100003FFEFFF71FFDFFF735FF00F01DF800F0F1
:1091100045F800F0A5F900F09FFA01F0A3FE00F079
:1091200017FA00F0DDFAFFF7CDFD0DF015F8FEE7B8
:10913000EC910120703E02200040022070FEFFFFF3
:10914000EFBEADDE0400FF1F1248134B10B50360E5
:1091500082235B00436080231B028360E023802224
:10916000DB00C360002392008261F13AFF3A0361A1
:109170004361C261036243628362093A0363083355
:10918000C2624363FCF7A8FF002801D0FFF75AFF33
:1091900010BDC0465492012000300140E022114829
:1091A000114B10B503608223D200C26080225B00A5
:1091B0004360002392008261D93AFF3A83600361E1
:1091C0004361C261036243628362213A03630833ED
:1091D000C2624363FCF780FF002801D0FFF732FF33
:1091E00010BDC046189301200038004030B505007E
:1091F0008BB01422002105A82EF070FA2B683C4A8F
:1092000093421CD180203B4B4001196C01431964EF
:1092100001211A6C02400192019A5A6BA0200A4364
:109220005A635B6BC0050B400293029BA02305A908
:1092300005939E3B0693FAF751FE0BB030BD2E4AC4
:109240009342FAD180202B4BC001D96B0143D963E3
:10925000DA6B02400392039A0222596B27481143AA
:1092600059635B6B05A913400493049BE0231B0225
:109270000593012306920893FAF730FE204C214B08
:109280008022236013236360033BA3600023E36019
:109290006361A3612033E361C02320009B0122614D
:1092A0002362FAF7D3FC002801D0FFF7CBFE164B60
:1092B0006C65A562154C2360122363600023A360D4
:1092C000E36080332361803363618023DB00A3612B
:1092D0002023E361C02320009B012362FAF7B6FC40
:1092E000002801D0FFF7AEFEAC65A562A5E7C04639
:1092F00000300140001002400038004000040050DF
:10930000B8920120080002401C000240F4910120A4
:1093100007B501200D4B196C0143196480211A6CAB
:10932000490502400092009ADA6B00180A43DA639A
:10933000DB6B00220B40019303214042019BFAF7B3
:10934000FFFBC020C000FAF735F807BD001002404F
:1093500070B506008020204A4002116C86B001439F
:109360001164136C69460340019302A8019BFCF74A
:109370007DFC059B002B28D1FCF764FC174C184B97
:1093800018492360184BE360F6F7E6FE0023013826
:10939000606020002361A360A361FDF7B3FF051E99
:1093A00010D12000FDF754FE051E0BD11420FAF752
:1093B000F1FB032E0DD82A0031001420FAF7C0FB70
:1093C0000A4B1E60280006B070BDFCF73BFC400055
:1093D000D4E70125F6E7C046001002407C93012047
:1093E0000040014040420F00E70300000800002059
:1093F000FEE7000010B506480CF044FFBFF34F8FA6
:10940000044B054ADA60BFF34F8FC046FDE7C04604
:10941000CBE7030800ED00E00400FA0510B50248B0
:10942000FBF7D0FA10BDC046ECA6012010B50248EB
:10943000FAF7FCFC10BDC046B892012010B50248F6
:10944000FAF7F4FC10BDC046F491012010B50248B3
:10945000FDF754FE10BDC0467C930120704700000C
:1094600030B59DB01022002104A82EF037F90C224F
:10947000002101A82EF032F91C22002108A82EF0AC
:109480002DF9342200210FA82EF028F92E4D2F4B54
:1094900003222B60002328006B60AB602B616B61A3
:1094A0008033EA60AB61FDF72DFF002801D0FFF7A4
:1094B000C9FD802304A95B0128000493FEF746F848
:1094C000002801D0FFF7BEFD2800FDF745FF00286A
:1094D00001D0FFF7B7FD002301A9280001930293F3
:1094E0000393FEF797F9002801D0FFF7ABFD0024A6
:1094F0006023042208A92800089309940A940B9475
:109500000C940D940E94FDF791FFA04201D0FFF74B
:1095100099FD80239B01149380230FA99B042800AD
:109520000F94109411941294139415941694179404
:10953000189319941A941B94FEF7A8F9002801D0E7
:10954000FFF780FD1DB030BD14940120002C0140B8
:1095500030B585B00C22002101A82EF0BFF80F4CC9
:109560000F4B002523603F2363600E4B2000E36018
:109570008023A560A361FDF7C5FEA84201D0FFF7D7
:1095800061FD01A9200001950395FEF743F900282C
:1095900001D0FFF757FD05B030BDC04660940120F3
:1095A00000140040FFFF00000368154A84B0934296
:1095B0000BD18020134A0001116C01431164136C1C
:1095C00003400193019B04B070470F4A934209D1B5
:1095D00020200C4AD16B0143D163D36B034002932B
:1095E000029BF0E7094A9342EDD18020054A000230
:1095F000116C01431164136C03400393039BE2E776
:10960000002C0140001002400014004000200040E7
:1096100010B5040086B01422002101A82EF05EF8D7
:109620000A4B22689A420ED10223094A0948516B1B
:1096300019435163526B01A91A400092009A019399
:109640000293FAF74BFC06B010BDC0460020004064
:10965000001002400004005010B588B01C22002108
:1096600001A82EF03BF8164C164BFA22236000237B
:10967000D2006360A360236120008033E260A361B5
:10968000FDF740FE002801D0FFF7DCFC2000FDF7CD
:1096900063FE002801D0FFF7D5FC0022602301A95A
:1096A00020000193029203920592FDF7BFFE00286D
:1096B00001D0FFF7C7FC2000FFF7AAFF08B010BDDC
:1096C000C893012000200040044B10B51B6801F036
:1096D00051F9012801D000F095F910BD10E000E02B
:1096E000EFF30583002B06D1054B1868002805D140
:1096F00001221A60704706204042FBE70120FBE789
:10970000FC06002010B5EFF30584002C0ED10A4AA8
:109710001368012B0DD10949CB691B021B0ACB61D0
:109720000223136000F0FCFE200010BD0620404222
:10973000FBE70120FBE7C046FC06002000ED00E04F
:10974000F0B51400002289B005910792EFF305826D
:10975000002A20D100281ED0002C3AD0A56921680B
:10976000002D00D118356E1E04950022372E13D817
:109770006668F30710D466698032002E00D0B20804
:10978000A768E368002F0AD05B2B04D92469002C5A
:1097900001D0002E15D1079A100009B0F0BD002BA2
:1097A000F9D12469002CF6D1049B07AC009392B246
:1097B0000194059B00F038FE0128ECD000230793AC
:1097C000E9E7029701940095059B00F007FE0790DA
:1097D000E1E71823802204932100E5E710B501F0AA
:1097E000C3F810BD10B5EFF30584002C08D1002894
:1097F00009D04B1E372B06D800F042FE200010BDCA
:1098000006204042FBE70420FBE710B5EFF3058498
:10981000002C05D1002801D000F0ACFF200010BDC5
:1098200006246442FAE70000034B0360034B0B601D
:10983000802313607047C046A0060020A0040020CB
:10984000034B0360034B0B6080235B001360704786
:10985000000B0020000700200300012208334360B2
:10986000C36003610023524282600360704700239B
:109870000361704743689A684B608A609A685160D8
:1098800099600368086101330360704703000A6848
:1098900030B50833541C0BD103695A684A60916093
:1098A0008B605960036808610133036030BD230099
:1098B0005C6825689542FAD9EFE7416882680369D8
:1098C0008A60826851605968814200D15A600022E2
:1098D00002611A68013A1A6018687047002382B062
:1098E0000193064B1B68013301D072B6FEE772B6D6
:1098F000019B002BFCD002B07047C0461000002036
:109900000B4A13681868203080F30988022080F31E
:109910001488BFF36F8F3FBCAE4608BC04BC62B670
:109920001847C046C046C046C046C046C046C046AE
:10993000DCF5002010B58024031F64041C60043B88
:1099400019600349043B1960143B40381A6010BD8C
:10995000DD980008704700008022044B52051A6011
:10996000BFF34F8FBFF36F8F7047C04604ED00E029
:1099700072B6044A136801331360BFF34F8FBFF30D
:109980006F8F704710000020054A1368002B01D12B
:1099900072B6FEE7013B1360002B00D162B6704740
:1099A00010000020EFF3108072B6704780F310882B
:1099B00070470000000000000000000000000000F0
:1099C000EFF309800E4B1A6820381060F0C044464F
:1099D0004D4656465F46F0C008B572B600F0E4FE4C
:1099E00062B60CBC116808681030F0C8A046A946E1
:1099F000B246BB4680F309882038F0C81847C046F5
:109A0000DCF5002010B5FFF7CDFF040000F0CCFD21
:109A1000002803D08022034B52051A602000FFF774
:109A2000C5FF10BD04ED00E00023FA2110B5074A80
:109A3000074C890023601360064B1868F6F78CFB0F
:109A4000054B013818600723236010BD18E000E0C3
:109A500010E000E00C00002014E000E0FF220C4BBE
:109A60001204196810B50A431A60FF22002419680D
:109A700012060A431A60FFF7D7FF064B1C60FFF778
:109A80003FFF00F091FEFFF729FF200010BDC04608
:109A900020ED00E01000002010B50F4B1A68824244
:109AA00018D35C681919884203D141681800091954
:109AB000596041684418A24207D1084C2468A24268
:109AC00003D054681268611841600260984200D067
:109AD000186010BD1300E1E7D4F500205C0B0020F6
:109AE000F8B5040000F052FD384A39481368002BDD
:109AF0001CD107253749384BCB18294240D049198A
:109B0000A9435B1A0025354ECB18756031600726D6
:109B1000083BB3431D605D605D1A136028C1304B84
:109B20001D60304B1D6080231B06036006683442B5
:109B300048D1002C46D02300072108330B4201D026
:109B40008B430833002B3DD026490D689D4239D305
:109B500022490C686068984203D22768BC46002FEF
:109B600010D11268A2422DD00A68170022680A603C
:109B7000C21A102A0DD9E018410706D072B6FEE7C6
:109B8000154BBFE721006446E4E742606360FFF7DE
:109B900083FF6368134AED1A1560114A11688D42FC
:109BA00000D215601E4300233D000F4A2360136856
:109BB000083501336660136000F074FD6B0703D055
:109BC00072B6FEE70025F7E72800F8BD5C0B002021
:109BD000C0F50020600B002060EA0000D4F50020F2
:109BE000C8F50020C4F50020CCF5002010B50028F1
:109BF0001FD0104A08384368126804001A4201D185
:109C000072B6FEE70168002901D072B6FEE7934301
:109C1000436000F0BBFC084A6368116820005B18D1
:109C20001360FFF739FF054A13680133136000F032
:109C300039FD10BDC0F50020C4F50020D0F500208E
:109C400010B50400FFF794FEA46BFFF79DFE604281
:109C5000604110BD70B51600026C0400856B002ACF
:109C60000AD106681000002E03D1A06800F092FE11
:109C7000A6600135A56370BD002E0DD140682DF0A2
:109C800011FD6368226C30009B18A26863609342E8
:109C9000EFD323686360ECE7C0682DF003FD236C0D
:109CA000E2685B422168D218E2608A4202D2A2686E
:109CB000D318E3600020022EDBD12B005A1E934103
:109CC000ED1AD6E703001A6C10B50800002A0AD076
:109CD000D9689C688918D960A14201D31968D960F4
:109CE000D9682DF0DFFC10BD70B505002E0045369B
:109CF000FFF73EFE347864B2002C10DCFF23337093
:109D00002E004436FFF740FEFFF732FE347864B28F
:109D1000002C11DCFF233370FFF736FE70BD6B6A39
:109D2000002BEBD02800243000F09EFD002801D04D
:109D300000F014FE013CDEE72B69002BEAD028007E
:109D4000103000F091FD002801D000F007FE013C2A
:109D5000DDE770B504000D00002801D172B6FEE702
:109D6000FFF706FE216CE36B22684B43D0185B1AA9
:109D7000D318E3602300A06062600020FF22443318
:109D8000A0631A705A7085420ED12369834207D0AE
:109D90002000103000F068FD002801D0FFF7DCFD46
:109DA000FFF7F2FD012070BD20001030FFF754FDD9
:109DB00020002430FFF750FDF2E773B51C0006AB1E
:109DC0001D78002801D172B6FEE7002C01D172B6D1
:109DD000FEE7002A03D0002905D172B6FEE700296C
:109DE00001D072B6FEE750230193019B502B01D0A6
:109DF00072B6FEE7019B2300012646331E70002940
:109E00000BD12460E063216420000121FFF7A1FF52
:109E100023004C331D70200076BD2260F2E7F0B5C0
:109E200085B004000F0001921D00002801D172B618
:109E3000FEE7002904D1036C002B01D072B6FEE7C7
:109E4000022D04D1E36B012B01D072B6FEE700F0C6
:109E500091FD002804D1019E002E4DD072B6FEE780
:109E6000002649E0019B0093002B03D1FFF78CFDF6
:109E700000205CE0002E02D102A800F031FDFFF7C7
:109E800083FD00F083FBFFF773FD2200443213785B
:109E90005BB2013301D100231370220045321378E5
:109EA0005BB2013301D100231370FFF76DFD01A9EF
:109EB00002A800F021FD00283BD1FFF759FDA36B5C
:109EC000E26B934210D1FFF75FFD20000199103043
:109ED00000F0A0FC2000FFF707FF00F0E3FB0028E4
:109EE00009D1FFF739FD06E0FFF74EFD2000FFF72F
:109EF000FBFE00F0D7FB0126FFF73AFDA36BE26BF8
:109F0000934201D3022DADD12A0039002000FFF782
:109F1000A1FE636A002B03D02000243000F0A4FCD3
:109F2000002801D0FFF718FDFFF72EFD012005B036
:109F3000F0BD2000FFF7D8FE00F0B4FB98E7F0B5C5
:109F400085B00400019117001E00002801D172B6EF
:109F5000FEE7019B002B04D1036C002B01D072B6ED
:109F6000FEE7022E04D1E36B012B01D072B6FEE7AF
:109F7000FFF718FDA36BE26B0390934202D3002519
:109F8000022E1BD12300453302931D7832006DB29F
:109F900001992000A36BFFF75DFE6B1C14D1636A6F
:109FA000002B01D1012509E02000243000F05CFCE9
:109FB0000028F7D0002FF5D001253D600398FFF76A
:109FC000F5FC280005B0F0BD0135029B6DB21D7097
:109FD000E8E7F0B585B004000F000192002801D138
:109FE00072B6FEE7002904D1036C002B01D072B6D3
:109FF000FEE700F0BFFC002804D1019E002E41D0F6
:10A0000072B6FEE700263DE0019D002D03D1FFF76B
:10A01000BBFC00204FE0002E02D102A800F060FC43
:10A02000FFF7B2FC00F0B2FAFFF7A2FC22004432C4
:10A0300013785BB2013301D1002313702200453243
:10A0400013785BB2013301D100231370FFF79CFC3E
:10A0500001A902A800F050FC002834D12000FFF72D
:10A06000EFFD002829D020000199243000F0D2FB18
:10A070002000FFF739FE00F015FB002801D1FFF7A3
:10A080006BFC0126FFF774FCA56B002DBCD03900DA
:10A090002000013DFFF716FEA5632369002B07D0C2
:10A0A0002000103000F0E0FB002801D0FFF754FC46
:10A0B000FFF76AFC012005B0F0BD2000FFF714FE99
:10A0C00000F0F0FADDE72000FFF70EFE00F0EAFAFC
:10A0D0002000FFF7B5FD0028D3D09AE7002370B524
:10A0E000064ADD00AC182668002E02D1A950606037
:10A0F00070BD0133082BF4D1FAE7C046AC940120BF
:10A1000070B5040016000D00FFF732FC2200443247
:10A1100013785BB2013301D1002313702200453262
:10A1200013785BB2013301D100231370FFF72CFCCD
:10A13000A36B002B05D1200032002900243000F051
:10A140007BFB2000FFF7D0FD70BD0000F8B50400D8
:10A15000FFF70EFC2A4B2B4D1A6801321A602E684D
:10A16000002E42D12C601B68012B1ED11427380011
:10A170007043254B01361818FFF76EFB382EF6D1C9
:10A18000224F3800FFF768FB214E3000FFF764FBD9
:10A190002048FFF761FB2048FFF75EFB1F48FFF7F1
:10A1A0005BFB1F4B1F601F4B1E601F4A1368013370
:10A1B00013601E4A63641168E36A8B4200D913601E
:10A1C00014205843104B211D1818FFF753FBFFF7BD
:10A1D000DBFB174B1B68002B06D02B68DA6AE36A9F
:10A1E0009A4201D2FFF7B8FBF8BD114B1B68002B58
:10A1F000DBD12B68E26ADB6A9342D6D82C60D4E7C5
:10A2000048FA0020DCF50020E8F500205CFA002088
:10A2100070FA002090FA0020BCFA0020A8FA002072
:10A22000E0F50020E4F5002054FA002058FA002060
:10A23000A4FA0020030010B559331B780400002B4A
:10A2400006D1006BFFF7D2FC2000FFF7CFFC10BD5A
:10A25000012BF9D0022BFAD072B6FEE770B5104C84
:10A260002368002B06D10F4B1B68012BF7D9FFF792
:10A2700073FBF4E7FFF77CFB0B4BDB68DD68281D05
:10A28000FFF71BFB094A1368013B13602368013B7E
:10A290002360FFF779FB2800FFF7CCFFDFE7C0461C
:10A2A0004CFA0020E8F50020BCFA002048FA002013
:10A2B000074A13681968074B002903D1012252424B
:10A2C0001A6070471268D268D2685268F8E7C046D0
:10A2D000E0F5002084FA0020F7B50A9C9600009073
:10A2E00032000D00206BA52101932DF0F7F9236BAF
:10A2F000043E9E1907239E433700002D31D00023D2
:10A300001A00E95C3432A154EA5C002A02D001331D
:10A31000102BF5D12300002243331A70089D372DEE
:10A3200000D937250026E562E564201D2665FFF784
:10A330009EFA20001830FFF79AFA38235D1B23009D
:10A3400058332461A56164626665019A1E700099A4
:10A350003800FFF7EFFA099B2060B34200D01C6081
:10A36000F7BD230034331D70D8E70000F8B50400B2
:10A37000144B154D1E6828680F000430FFF79DFA36
:10A38000631C07D1002F05D0296810480431FFF75E
:10A3900071FAF8BD2B6834195C60A64206D90C4BE3
:10A3A000186829680431FFF771FAF2E7094B186859
:10A3B00029680431FFF76AFA074B1A68A242E8D904
:10A3C0001C60E6E7D0FA0020DCF50020A8FA0020A7
:10A3D000E4F50020E0F5002084FA002070B586B096
:10A3E0000B9D0C9C002D01D172B6FEE7002C01D113
:10A3F00072B6FEE75C260596059E5C2E01D072B60D
:10A40000FEE725632500059E022659352E7004AD12
:10A4100001950A9D02940095FFF75EFF2000FFF76B
:10A4200095FE049806B070BDF0B5070087B09000A7
:10A43000049116000593FFF753FB051E1DD05C2009
:10A44000FFF74EFB041E15D00300002259330563AD
:10A450001A700D9B029001930C9B3200009304999B
:10A46000059B3800FFF738FF2000FFF76FFE012043
:10A4700007B0F0BD2800FFF7B9FB01204042F7E725
:10A48000F8B504000D00372901D972B6FEE7FFF7D1
:10A490006FFA002C01D11F4B1C68E26C954231D041
:10A4A0001C4B32D9002118680E00A04204D01B6852
:10A4B000DB6A9D4249410E00E16A8A4200D1E562B1
:10A4C000A369E564002B02DB3822551BA561142328
:10A4D0004B43114D62695B199A420FD1271D380019
:10A4E000FFF7EBF90D4AE36A11688B4200D913605C
:10A4F0001420584339002818FFF7BCF9002E01D06A
:10A50000FFF72AFAFFF740FAF8BD1E68361B7342C0
:10A510005E41D1E7DCF50020E8F5002058FA002084
:10A5200010B5002488B007AA06A905A805940694CA
:10A53000FFF77AF9059B00940293069B079A019313
:10A540000D4923000D48FFF749FFA0420ED000F04F
:10A55000A9FA01280CD172B60122094B52421A60A5
:10A56000084B1860084B1C60FFF778FA08B010BD64
:10A57000431CFBD172B6FEE744E803085DA2000865
:10A5800084FA0020A4FA0020D0FA0020024A1368BE
:10A59000013313607047C04650FA0020014B186821
:10A5A0007047C046D0FA0020334BF7B51B68002B2C
:10A5B0005CD1324B1D6801351D60002D11D1304B2F
:10A5C0001A681268002A01D072B6FEE72D4A19688F
:10A5D0001068186011602C4A136801331360FFF78C
:10A5E00067FE2A4F00243B689D4236D2284B1B68E9
:10A5F000DA6A14235343274AD358012B00D9012484
:10A60000254B1B68002B00D001242000FEBD1B68D9
:10A61000DB68DE6873689D4226D3331D1800019302
:10A62000FFF74BF9B36A002B03D030001830FFF767
:10A6300044F91A4BF06A1A68904200D91860142342
:10A640005843144B311D1818FFF714F9104BF26AD8
:10A650001B68DB6A9A4200D30124094B1A6812680E
:10A66000002AD4D101235B423B60BFE70C4A00249F
:10A67000136801331360C8E750FA0020D0FA0020B5
:10A68000E0F50020E4F5002088FA002084FA00209C
:10A69000DCF50020E8F50020D4FA002058FA00206C
:10A6A0008CFA0020F8B52B4C2368002B01D172B630
:10A6B000FEE7FFF75DF92368013B23602468002C67
:10A6C00004D00024FFF760F92000F8BD224B1B687E
:10A6D000002BF6D014260127204B1A68002A1AD125
:10A6E000002C01D0FFF7E4FD1D4D2C68002C0AD092
:10A6F0000126FFF759FF002801D01A4B1E60013CCC
:10A70000002CF6D12C60174B1B68002BD9D0FFF71B
:10A7100023F90124D6E7DB68DC682000251D18300A
:10A72000FFF7CBF82800FFF7C8F80F4BE06A1A686C
:10A73000904200D9186070430C4B2900C018FFF7F5
:10A7400099F80B4BE26A1B68DB6A9A42C4D3054B4B
:10A750001F60C1E750FA002048FA002090FA00205C
:10A760008CFA0020D4FA002058FA0020E8F50020E6
:10A77000DCF5002070B5041E02D1FFF7EDF870BDC6
:10A78000084B1D68002D01D072B6FEE7FFF7FEFEF4
:10A7900029002000FFF7EAFDFFF784FF0028ECD036
:10A7A000EDE7C04650FA0020154B30B51A68154B3E
:10A7B000002A02D001221A6030BD142512481A6006
:10A7C000026812492B0053435C58002C12D0CC185D
:10A7D000656808336D685B1865609D4201D16B68E0
:10A7E000636014235343C9184B68D968084B196038
:10A7F0000260E1E7002A01D172B6FEE7013AE1E723
:10A8000050FA0020D4FA002058FA0020E8F5002081
:10A81000DCF5002010B50C00002801D172B6FEE76F
:10A82000044B19681831FFF731F801212000FFF7B8
:10A830009DFD10BDDCF5002070B50C001500002852
:10A8400001D172B6FEE7074B19681831FFF712F80D
:10A85000002D01D00124644229002000FFF786FD6D
:10A8600070BDC046DCF50020C36870B5DC68002C04
:10A8700001D172B6FEE7250018352800FFF71DF854
:10A88000114B1B68002B1BD1251D2800FFF715F865
:10A890000E4AE36A11688B4200D913601420290024
:10A8A00058430B4BC018FEF7E5FF0A4BE26A1B68E2
:10A8B0000020DB6A9A4202D9074B0130186070BD54
:10A8C00029000648EFE7C04650FA002058FA002059
:10A8D000E8F50020DCF50020D4FA002090FA0020F2
:10A8E000034B1B680360034B1B6843607047C04603
:10A8F00088FA0020D0FA0020F8B505000C000028E6
:10A9000001D172B6FEE7002901D172B6FEE7FFF76A
:10A910002FF8104B6868196823680A1A00265F1C14
:10A920000FD00D4E2F683668B74202D001268842FC
:10A9300007D9934209D99B1A23602800FFF7D0FF5B
:10A940000026FFF721F83000F8BD00230126236020
:10A95000F7E7C046D0FA002088FA00200122014B18
:10A960001A607047D4FA0020014B18687047C0463F
:10A97000DCF50020054B01201B68002B04D0044BA4
:10A9800018684342584140007047C046A4FA00206E
:10A9900050FA002070B5002801D1002070BD154B81
:10A9A0001C68844201D072B6FEE7236D002B01D1F2
:10A9B00072B6FEE7E26AE16C013B23658A42ECD0A5
:10A9C000002BEAD1251D2800FEF777FF3822E36C23
:10A9D000D21AA261084AE36211688B4200D913605F
:10A9E00014205843054B2900C018FEF743FF0120EF
:10A9F000D4E7C046DCF5002058FA0020E8F5002036
:10AA0000F7B5FEF7B5FF104C2568002D18D10F4F94
:10AA10003800FEF721FF0E4E3000FEF71DFF0D4BF4
:10AA20000D4A1F600D4B10211E600A2000950C4B33
:10AA3000FFF7C3F92060002802D00A49FFF74EFB58
:10AA4000FEF7A2FFF7BDC046FCFB002080FB002004
:10AA500094FB0020D8FA0020E0FA0020DCFA002065
:10AA6000ACFB002049E8030810B541600061914249
:10AA70000CD8D21A836901249A4205D2074B011DD2
:10AA80001868FEF703FF0024200010BD9A4202D28E
:10AA900001249942F8D2011D014BF1E7DCFA0020B4
:10AAA000D8FA002010B588B0FFF7AAFF104B1B683A
:10AAB000002B17D0002407AA06A905A80594069420
:10AAC000FEF7BEFE059B079A0293069B0949019378
:10AAD0000223094800932300FFF780FC074B18600E
:10AAE000A04201D172B6FEE7012008B010BDC046F9
:10AAF000FCFB00204EE80308B9AB000800FC002076
:10AB0000F0B5170085B006001A00002801D172B612
:10AB1000FEE70D4D2C68201E0FD000910197029684
:10AB200005290CDCFFF726FF00230A9A022800D033
:10AB30001A0069462868FFF772F905B0F0BD0023D6
:10AB40006946FFF7FCF9F8E7FCFB0020F7B5184D64
:10AB50002B681A68002A04D1164A1168136029600C
:10AB6000F7BDDB68DC681E68271D3800FEF7A5FE10
:10AB7000236A200098472300042228331B781342BD
:10AB8000E5D0A369F3189E4206D2636024613900C0
:10AB90002868FEF77BFEDAE70021320000910B0007
:10ABA0002000FFF7ADFF0028D1D172B6FEE7C04606
:10ABB000D8FA0020DCFA0020F0B589B0644C236894
:10ABC0001968002921D00026DB681B680393FFF772
:10ABD000DDFCFFF7E3FC5F4F05003B68984217D3AD
:10ABE0003860002E4AD05C4B1B681A6853425A41A9
:10ABF000039B591B594B1868FFF782FAFFF752FD68
:10AC000000280AD1FEF7A8FE07E001260391DEE73F
:10AC1000FFF79CFF3D60FFF745FD504B002204A964
:10AC20001868FFF7D6F90028C8D0049B002B04DA77
:10AC3000059B0799069803939847049B0393002B61
:10AC4000EBDB069C6369002B02D0201DFEF735FE6E
:10AC5000FFF7A4FC3B680600984201D2FFF776FF9D
:10AC600004983E600928D8D8250028352B78F5F7B8
:10AC700055FA3232326A536332326A53039B3200DE
:10AC80008342B5D8FFF70EFD2368DB68DC68201D22
:10AC9000FEF713FE22000421283213780B4213D052
:10ACA000A269039B200099182A00FFF7DDFE002807
:10ACB0000DD000963300039A31002000FFF720FFEB
:10ACC000002804D172B6FEE701218B431370236A7A
:10ACD00020009847A1E7012213432B70A269059B2E
:10ACE0002000991832000393FFF7BEFE002894D08D
:10ACF000236A2000984704222B7813428DD000212C
:10AD0000A369059A0091D21820000B00FFF7F8FE06
:10AD1000002882D172B6FEE70122059913432B70F9
:10AD2000A161002901D172B6FEE789193300320012
:10AD30002000FFF799FE70E70222134203D12000A2
:10AD4000FEF754FF69E7012293432B7065E7C04685
:10AD5000D8FA0020A8FB0020DCFA0020FCFB002031
:10AD60000120704710B52CF017F91623036001205D
:10AD7000404210BD10B52CF00FF916230360FEE71A
:10AD800070B50E0015000C00A31B9D4201DC2800CD
:10AD900070BD00E000BF20700134F5E770B50E0013
:10ADA00015000C00A31B9D4201DC280070BD20781B
:10ADB00000E000BF0134F5E70120404270478023E6
:10ADC0009B0100204B6070470120704700207047B6
:10ADD0000B4B0C490200C91A0B4B10B51868002820
:10ADE00001D10A481860186882188A4206D92CF0E6
:10ADF000D3F80C2303600120404210BD1A60FCE729
:10AE0000000400000040022008FC002040AA0120AD
:10AE10000D488546FEF722FB0C480D490D4A0023DC
:10AE200002E0D458C4500433C4188C42F9D30A4AFF
:10AE30000A4C002301E013600432A242FBD32CF041
:10AE40004DFAFEF747F9FEE700400220000000201F
:10AE5000600400208C7C04086004002040AA0120CB
:10AE6000FEE7000010B5114C0022114920000FF040
:10AE70008FFB002801D0FEF7E5F80E4920000FF007
:10AE8000A2FB002801D0FEF7DDF80B49200010F0EE
:10AE90000EF9002801D0FEF7D5F820000FF0AAFB2C
:10AEA000002801D0FEF7CEF810BDC046446701204F
:10AEB0002C0000209800002018000020002070477F
:10AEC000002070470020704770B50E4E0D00040042
:10AED0000100300010F002F9300010F025F9802256
:10AEE000094E1201300000212CF0F8FB2A682100E5
:10AEF00030002CF0D7FB2A68002120002CF0EEFB5C
:10AF0000002070BD44670120EC89012010B5064C7B
:10AF100000220649200010F0D3F80549200010F067
:10AF2000DDF8002010BDC04644670120EC9C0120E4
:10AF3000EC9401200A00AF2110B5084C89000300F1
:10AF40006058A83941580120002906D11900200075
:10AF500010F0B6F8200010F0CCF810BD44670120C6
:10AF6000122301480B807047480000200423014849
:10AF70000B8070475C00002030B50025013AD2B24A
:10AF800052008B1CD218040FE3B2092C07D83033BF
:10AF90000B704D70023100018A42F4D130BD37335D
:10AFA000F6E700001A2370B50B800B4B0B4C1868AA
:10AFB0000B4B1B68C01800280BD00A4BA11C0822A1
:10AFC0001D68FFF7D9FF2100042212312800FFF786
:10AFD000D3FF200070BDC0469075FF1F60000020A9
:10AFE0009875FF1F9475FF1F10B5044C0A000448A4
:10AFF00021000FF081FE200010BDC046ECA401200E
:10B000006FE8030810B5044C0A00044821000FF053
:10B0100073FE200010BDC046ECA4012082E80308A6
:10B0200010B5044C0A00044821000FF065FE200012
:10B0300010BDC046ECA4012056E8030810B5044C2E
:10B040000A00044821000FF057FE200010BDC04642
:10B05000ECA4012061E8030810B504008CB02C2298
:10B06000002101A82CF03AFB114B22689A421CD116
:10B07000802380245B04A40101A801930B94FAF7B8
:10B080000FFE002801D0FDF7DDFF0A4B0820DA6B28
:10B0900003212243DA63DB6B00221C400094009BF7
:10B0A000F8F74EFD0820F8F775FD0CB010BDC0464E
:10B0B000005C004000100240B02310B59B00C11896
:10B0C0004033C0580FF0B0FA10BD28234B43C318CB
:10B0D0008D33FF331A68C02310B59B00C0580FF0A2
:10B0E000D3FA10BD28234B43C318DA6CC02310B524
:10B0F0009B00C0580FF005FB10BDC02310B59B008E
:10B10000C0580FF0A5FB10BDC36870B50400022B3A
:10B1100001D0FDF797FFC025AD00012160590FF068
:10B1200079FB60590FF043FB70BD0000C02310B5E0
:10B1300004009B00C0580FF071FBE369002B04D0A2
:10B140000623024A11690B43136110BD00ED00E0B4
:10B15000C36910B50400002B06D00621054A136907
:10B160008B431361FDF776FFC0239B00E0580FF07F
:10B1700061FB10BD00ED00E0C02370B505001F4865
:10B180009B00C5501E4BB1240360082343608360BD
:10B19000063BC36043610023A40028518361C3615F
:10B1A000036243628362C3620363F9F777FB00289B
:10B1B00001D0FDF747FF0022285911001823FAF7A4
:10B1C0008BF92859582300228021FAF785F928594C
:10B1D000C02300228121FAF77FF9882328595B00D8
:10B1E00000220121FAF778F9802328595B00002218
:10B1F0008221FAF771F9002070BDC046ECA601204B
:10B20000005C0040B1239B00C05810B5F9F7B4FBB7
:10B210000323984201D8024B1B5C180010BDC046A6
:10B2200091E8030810B514001A002300B124A4000B
:10B230000059FAF75BF80323984201D8014B1B5CD5
:10B24000180010BD91E80308B1239B00C05810B549
:10B25000FAF77DF80323984201D8024B1B5C1800D3
:10B2600010BDC04691E80308B1239B00C05810B53B
:10B27000FAF7D8F80323984201D8024B1B5C180058
:10B2800010BDC04691E80308B1239B00C05810B51B
:10B29000FAF7F5F80323984201D8024B1B5C18001B
:10B2A00010BDC04691E80308B1239B00C35848B2C3
:10B2B0002822002806DA7F2001404A439B183A33AF
:10B2C000187870474A439B187B33FF33F8E7000038
:10B2D000B1239B00C05810B5F9F761FB03239842D6
:10B2E00001D8024B1B5C180010BDC04691E8030852
:10B2F00010B5B124A4000059FAF778F80323984256
:10B3000001D8024B1B5C180010BDC04691E8030831
:10B3100010B5B124A4000059FAF73EF8032398426F
:10B3200001D8024B1B5C180010BDC04691E8030811
:10B33000B12310B59B00C058FAF74FF810BD0000BC
:10B34000004870470CFC002070470300083373B5B9
:10B350000360040008000D00F7F7CCFF2E180190E1
:10B360000F2807D9002201A9200018F017F9019B26
:10B370002060A36032002900206818F09CF90022A8
:10B38000019B216863602000CA5476BD70477047F6
:10B39000030030B5CC331A780B00CC331A7003009D
:10B3A000CD331A780B00CD331A700300CE331A78E0
:10B3B0000B00CE331A700300C8331A780B00C83361
:10B3C0001A700300CB331A780B00CB331A700300CA
:10B3D000CA331A780B00CA331A700300D9331A78AB
:10B3E0000B00D9331A70030089331A780B008933A4
:10B3F0001A7003008C331A680B008C331A60030038
:10B40000D0331A680B00D0331A600300BC331A68BB
:10B410000B00BC331A600300DA331A780B00DA33FE
:10B420001A700300C9331A780B00C9331A7003006D
:10B43000DE331A780B00DE331A70030088331A7873
:10B440000B0088331A7000239A0084588C501A001D
:10B450008032845C01338C54082BF5D103000A0040
:10B4600004002033203280341D6815605D6855600B
:10B470009D680C3395600C329C42F5D10300C033BB
:10B480001A680B00C0331A600300C4331A680B003B
:10B49000C4331A600200B0320023D45E0B00B03314
:10B4A0001C800300B23300241C5F0B00B2331C80ED
:10B4B0000300B63300241C5F0B00B6331C8003006E
:10B4C000B83300241C5F0B00B8331C800300DB334F
:10B4D0001C780B00DB331C700300D8331C780B0086
:10B4E000D8331C700300D4331C680B00D4331C60A9
:10B4F00003000C00903390341D6825605D680833AC
:10B50000656008349342F7D10300DC331A780B00EE
:10B51000DC331A70DD300378DD310B7030BD000094
:10B520000300F0B50C00C8331A682300C833824901
:10B530001B6885B005000A400B4000269A4200D0E7
:10B54000F3E00300CC331A882300CC331B889A42E3
:10B5500000D0EAE0030089331A78230089331B788E
:10B560009A4200D0E1E023008C33196803008C3349
:10B570001868F4F7B1FFB04200D1D6E02300D03311
:10B5800019682B00D0331868F4F7A6FFB04200D139
:10B59000CBE02300D43319682B00D4331868F4F7B8
:10B5A0009BFFB04200D1C0E02B00D8331A882300A3
:10B5B000D8331B889A4200D0B7E02300BC33196807
:10B5C0002B00BC331868F4F787FFB04200D1ACE021
:10B5D0002B00DA331A782300DA331B789A4200D032
:10B5E000A3E02B00C9331A782300C9331B789A4291
:10B5F00000D09AE02B00DB331A782300DB331B7872
:10B600009A4200D091E02B002200DC33DC321B6830
:10B61000126853401B02B34200D086E02B002E007C
:10B620002700B03390369037039339683068F4F7C9
:10B6300053FF002800D17BE079687068F4F74CFF75
:10B64000002800D176E0039B083608379E42ECD1F3
:10B6500000232F00260002938033203720360193E9
:10B66000029BE158E858F4F737FF002860D0019BAF
:10B67000EA5CE35C9A425BD131683868F4F72CFFEE
:10B68000002855D071687868F4F726FF00284FD05D
:10B69000B168B868F4F720FF00284BD0019B0C3745
:10B6A00001330193029B0C3604330293019B882BD8
:10B6B000D6D12300C03319682B00C0331868F4F7C3
:10B6C0000BFF0026B04230D02300C43319682B0092
:10B6D000C4331868F4F700FFB04226D0039B002261
:10B6E0009A5E2300B03300215B5E9A421DD12B008D
:10B6F000B23300229A5E2300B23300215B5E9A428D
:10B7000013D12B00B63300229A5E2300B6330021FA
:10B710005B5E9A4209D1B835B8340023E05E00235D
:10B72000EE5E361A70424641F6B2300005B0F0BD0A
:10B730000026FAE70600F8E7FF00FF00054B0022AD
:10B740001900B0310A601900B833B4310A601A60C8
:10B750007047C0462CFE0020F8B53E4C0023220066
:10B76000D9321370FC2122008905D03211602200E9
:10B77000FE21BC32890511602200DA32137080216B
:10B7800022004902C832116022003349CC321180B4
:10B7900022000121CE32117022000231DD321170FF
:10B7A0002200FD31883211802C4D421C12D09C4663
:10B7B0002B4A2C4F2C4E9900655019006046803161
:10B7C00061180870294901331760566091600C3286
:10B7D000082BF0D12300264AC0331A602300254AE3
:10B7E000C4331A6023000026DB331E70FFF7A6FF68
:10B7F0002300D8331E702300D4331D6023001E4A5B
:10B8000090331A6023001D4A94331A6023001C4AA7
:10B8100098331A6023001B4A9C331A6023001A4A8B
:10B82000A0331A602300194AA4331A602300184A6F
:10B83000A8331A602300174AAC331A602200012390
:10B84000DC321370220014498C32DE341160237014
:10B85000F8BDC0462CFE0020050500000000C842CF
:10B860004CFE00209A99F94014AEF543295CEFBFD5
:10B8700000803B450000AF443333534033338340B3
:10B88000666666400000C0409A993941CDCC4C4173
:10B89000000060400000604166661E41002902D041
:10B8A00001290BD070470C2343430948C018094BAA
:10B8B0000362094B4362094B8362F3E70C23434362
:10B8C0000348C018064B0362064B43620023F3E7AC
:10B8D0002CFE00209A99F94014AEF543295CEFBF85
:10B8E0006666263F1F850F41F0B500230500040062
:10B8F00085B020350193019B00219B00E658301C48
:10B90000F4F7FAFD002800D08EE1CA49301CF4F7A4
:10B91000FDFD002800D087E1311C301CF4F7DCFD70
:10B92000002800D180E1019B8033E35C012B00D92A
:10B930007AE12B68181C0293F7F7C6FABE4ABF4B90
:10B9400006000F00F4F794FD002800D06CE1BA4A1D
:10B95000BB4B30003900F4F79FFD002800D063E1B5
:10B960006B68181C0393F7F7AFFAB34AB34B0600A2
:10B970000F00F4F77DFD002800D055E1AE4AB04B32
:10B9800030003900F4F788FD002800D04CE1A868A9
:10B99000F7F79AFAA84AA94B06000F00F4F768FDDA
:10B9A000002800D040E1A44AA54B30003900F4F74C
:10B9B00073FD002800D037E10299081CF4F78CFDD4
:10B9C000002800D130E10399081CF4F785FD002818
:10B9D00000D129E1019B0C3501330193072B8AD15A
:10B9E0002300C8331B78012B00D91FE12300CA3381
:10B9F0001B78062B00D919E12300CC331B780A2BC6
:10BA000000D913E12300CD331B780A2B00D90DE1B7
:10BA1000230089331B78042B00D907E123008C33E2
:10BA20001D688849281CF4F77BFD002800D1FDE043
:10BA30008549281CF4F760FD002800D1F6E0291C98
:10BA4000281CF4F749FD002800D1EFE02300FC2179
:10BA5000D0331D688905281CF4F762FD002800D149
:10BA6000E4E07A49281CF4F747FD002800D1DDE026
:10BA7000291C281CF4F730FD002800D1D6E0230053
:10BA8000D4331D680021281CF4F74AFD002800D19A
:10BA9000CCE0281CF7F718FA6D4A6E4BF4F7F2FC6D
:10BAA000002800D1C2E0291C281CF4F715FD00284D
:10BAB00000D1BBE02300D8331B78022B00D9B5E0BE
:10BAC0002300D9331B78012B00D9AFE02300FC21E0
:10BAD000BC331D688905281CF4F722FD002800D11D
:10BAE000A4E05949281CF4F707FD002800D19DE087
:10BAF000291C281CF4F7F0FC002800D196E0230054
:10BB0000DA331B78012B00D990E02300C9331B786E
:10BB1000002B00D08AE02300DB331B78022B00D9F6
:10BB200084E02300DC331B78012B00D97EE0230066
:10BB3000DD331B78042B00D978E02300DE331B783B
:10BB4000012B00D972E023002500B033903501931A
:10BB50002F684149381CF4F7C5FC002866D16E688F
:10BB6000301CF7F7B1F93D4A3D4BF4F795FC00283E
:10BB70005CD1391C381CF4F7AFFC002856D0311CBE
:10BB8000301CF4F7A9FC002850D0019B08359D42D9
:10BB9000DED12300FE21C0331E688905301CF4F776
:10BBA000A1FC002842D12F49301CF4F7AFFC00283B
:10BBB0003CD12300FE21C4331D688905281CF4F7FD
:10BBC00091FC002832D12749281CF4F79FFC00285B
:10BBD0002CD1311C301CF4F77FFC002826D0291C06
:10BBE000281CF4F779FC002820D0FA22019B92004F
:10BBF0001B881D489B189BB2834217D82300B23381
:10BC00001B889B189BB2834210D82300B6331B8835
:10BC10009B189BB2834209D8B83423889B189BB2E7
:10BC20009842804105B0F0BD0120FBE70120404271
:10BC3000F8E7C04600247449A245B6F3FD3F8FC023
:10BC4000FD3F8F400000A0400000A04100002041C7
:10BC5000D9CEF7FFCF126341000040409A999999DD
:10BC60009919344000401C46CF070000F0B5214D23
:10BC7000BBB001902800FFF737FE0324002835D120
:10BC800002A92800FFF784FB0B270520FDF7BDFD67
:10BC9000019AE02102A803F03BFA0400601E8441EF
:10BCA0000520FDF7B2FD0A26019AE02102A803F063
:10BCB00065FA002800D0022402A8FFF715FE00282C
:10BCC00000D00424290002A8FFF72AFC002806D08F
:10BCD000002C05D1290002A8FFF75AFB06E0052435
:10BCE000013E002EE0D1013F002FCED120003BB01D
:10BCF000F0BDC0462CFE002010B5284C8CB00200D0
:10BD0000E021200003F03AFA002816D024496846C2
:10BD1000FFF71BFB234906A8FFF717FB022206A922
:10BD2000684603F0EDFD06A817F054FC684617F0CE
:10BD300051FC012420000CB010BD2000FFF7D4FD01
:10BD40000400431C13D118496846FFF7FEFA17494F
:10BD500006A8FFF7FAFA022206A9684603F0D0FD0A
:10BD600006A817F037FC684617F034FCE2E7002815
:10BD7000E0D00D496846FFF7E8FA0A4906A8FFF740
:10BD8000E4FA012206A9684603F0BAFD06A817F0F6
:10BD900021FC684617F01EFC0224CBE72CFE002095
:10BDA00046E90308E80A04085EE9030870E90308A5
:10BDB000044BCA331A78042A02D900221A70704739
:10BDC0000132FBE72CFE0020044BCA331A78002A0C
:10BDD00002D105321A707047013AFBE72CFE0020B1
:10BDE00008B4F3B50D001100040008006E461C23D2
:10BDF0000E30C008C000301A00AF8546FB1804CBD7
:10BE00006E463B60A84723000833351823607860EE
:10BE10000F2807D90022391D200017F0BFFB7B68CF
:10BE20002060A3602A003100206817F03FFCBD4667
:10BE300000227B68216863602000CA54F6BC08BCFD
:10BE400001B0184710B500209AB0FFF755FF041E47
:10BE500002D100201AB010BD37490EA8FFF775FABD
:10BE6000364914A8FFF771FA002214A90EA803F0AE
:10BE700047FD14A817F0AEFB0EA817F0ABFB20008F
:10BE8000FFF76AFC0020FFF7F1FE041EE1D0013845
:10BE9000032825D8F4F742F9021A1C1E28490EA8D7
:10BEA000FFF753FA274914A8FFF74FFA022214A903
:10BEB0000EA803F025FD14A817F08CFB0EA817F0B0
:10BEC00089FB2000FFF748FC0120C3E71E49E6E795
:10BED0001E49E4E71E490EA8FFF737FA1D49E2E7BD
:10BEE0001D4B10221D4902A80094FFF779FF1C4A40
:10BEF000002102A817F05CFE010008A817F05DFC05
:10BF0000184908A817F09EFE01000EA817F055FC6E
:10BF10000C4914A8FFF719FA022214A90EA803F07D
:10BF2000EFFC14A817F056FB0EA817F053FB08A857
:10BF300017F050FB02A8C2E795E80308A4E803083D
:10BF4000BAE80308D1E80308E6E80308FDE80308B7
:10BF500011E9030825E903081D760408319D03084B
:10BF600037E903087606040870B5054D054C183D01
:10BF70002000183C17F02EFBAC42F9D170BDC04632
:10BF8000B4FF00205C00012070B5054D054C183D44
:10BF90002000183C17F01EFBAC42F9D170BDC04622
:10BFA000AC0401205405012070B5054D054C183D29
:10BFB0002000183C17F00EFBAC42F9D170BDC04612
:10BFC000140601208C06012010B5084C20004830D2
:10BFD00017F000FB2000303017F0FCFA200018307A
:10BFE00017F0F8FA200017F0F5FA10BD5C030120F5
:10BFF00010B5044C2000183017F0ECFA200017F0B0
:10C00000E9FA10BD0401012010B5044C20001830DD
:10C0100017F0E0FA200017F0DDFA10BD7C040120D3
:10C0200070B5054D054C183D2000183C17F0D2FAAC
:10C03000AC42F9D170BDC046440C0120EC0C01208B
:10C0400010B50A4C2000603017F0C4FA20004830C8
:10C0500017F0C0FA2000303017F0BCFA200018307A
:10C0600017F0B8FA200017F0B5FA10BD84020120CD
:10C0700010B50A4C2000603017F0ACFA20004830B0
:10C0800017F0A8FA2000303017F0A4FA200018307A
:10C0900017F0A0FA200017F09DFA10BD7C070120D0
:10C0A00010B5044C2000183017F094FA200017F057
:10C0B00091FA10BD3C08012010B5044C2000183046
:10C0C00017F088FA200017F085FA10BDC40101208E
:10C0D00010B5044C2000183017F07CFA200017F03F
:10C0E00079FA10BD7C0A012010B5044C20001830EC
:10C0F00017F070FA200017F06DFA10BD4C04012003
:10C1000010B50A4C2000603017F064FA2000483067
:10C1100017F060FA2000303017F05CFA2000183079
:10C1200017F058FA200017F055FA10BD0C02012044
:10C1300010B5044C2000183017F04CFA200017F00E
:10C1400049FA10BDAC0A012010B5064C2000303071
:10C1500017F040FA2000183017F03CFA200017F0D2
:10C1600039FA10BD6C08012070B5054D054C183D1D
:10C170002000183C17F02EFAAC42F9D170BDC04631
:10C18000BC090120640A012010B5044C20001830BD
:10C1900017F020FA200017F01DFA10BDFC02012054
:10C1A00010B5064C2000303017F014FA200018307B
:10C1B00017F010FA200017F00DFA10BDF407012057
:10C1C00010B5044C2000183017F004FA200017F0C6
:10C1D00001FA10BD8405012010B5044C2000183070
:10C1E00017F0F8F9200017F0F5F910BD240B012025
:10C1F00010B5044C2000183017F0ECF9200017F0AF
:10C20000E9F910BD2C03012010B5064C2000303098
:10C2100017F0E0F92000183017F0DCF9200017F0D3
:10C22000D9F910BD54FF002010B5024817F0D2F91B
:10C2300010BDC0469CFF002010B5024817F0CAF997
:10C2400010BDC046A409012070B5054D054C183D30
:10C250002000183C17F0BEF9AC42F9D170BDC046C1
:10C26000A40601201C07012010B5044C2000183042
:10C2700017F0B0F9200017F0ADF910BD540B0120F4
:10C2800010B5084C2000483017F0A4F920003030D9
:10C2900017F0A0F92000183017F09CF9200017F0D3
:10C2A00099F910BDB405012010B5064C20003030BE
:10C2B00017F090F92000183017F08CF9200017F0D3
:10C2C00089F910BD3407012010B5064C200030302C
:10C2D00017F080F92000183017F07CF9200017F0D3
:10C2E00079F910BDDC0A012010B5084C2000483057
:10C2F00017F070F92000303017F06CF9200018307A
:10C3000017F068F9200017F065F910BD8C000120C6
:10C3100070B5054D054C183D2000183C17F05AF932
:10C32000AC42F9D170BDC04634010120AC010120FE
:10C3300070B5054D054C183D2000183C17F04AF922
:10C34000AC42F9D170BDC046BC03012034040120C9
:10C3500010B5064C2000303017F03CF920001830A2
:10C3600017F038F9200017F035F910BD0CFF002048
:10C3700070B5054D054C183D2000183C17F02AF902
:10C38000AC42F9D170BDC046B40801202C0901208F
:10C3900010B5084C2000483017F01CF92000303050
:10C3A00017F018F92000183017F014F9200017F0D2
:10C3B00011F910BD4409012070B5054D054C183D1B
:10C3C0002000183C17F006F9AC42F9D170BDC04608
:10C3D000840B01202C0C01200300083373B503608B
:10C3E000040008000D00F6F785FF2E1801900F28B5
:10C3F00007D9002201A9200017F0D0F8019B206086
:10C40000A36032002900206817F055F90022019B33
:10C41000216863602000CA5476BD10B50FF0F8FAA9
:10C4200010BD000000230121084A1370084A136060
:10C43000084A1370084A1170084A1370084A1370AA
:10C44000FA22084B92001A607047C046050D012081
:10C45000B01501200611012009150120040D01204D
:10C46000071101200C150120012305490A785A40C3
:10C470000A7003D0034A11784B4013707047C046CE
:10C48000040D01200711012010B5010006200CF059
:10C4900023FD10BD0A21414310B56F39C9B20248CE
:10C4A00010F022F810BDC04610150120002373B50E
:10C4B0001B4D1C4A2E7813709E4200D02B702921F0
:10C4C0000020FDF78FF9184C20000EF0D7FE102148
:10C4D0000020FDF787F9154B154ACE331978154B17
:10C4E000002919D000211970FF311170200019782E
:10C4F0000FF085FB4023002200931100DB18200081
:10C500000EF02AFE0A4B200019780FF078FB002E5F
:10C5100001D001232B7073BDFF201870E5E7C046E2
:10C520000611012009150120101501202CFE002004
:10C53000AC1501200811012010B529210020FDF7BC
:10C5400051F905480EF0A7FE10210020FDF74AF929
:10C550000122024B1A7010BD10150120091501208F
:10C56000F8B50E4F3B00D9331B78012B12D13E2575
:10C5700035240B4E0B4930000FF08AFA1823CA37C6
:10C580003A7809485343A1B2AAB2C3583000FFF722
:10C5900044FFF8BD16256624EBE7C0462CFE0020BC
:10C5A00010150120F71B0408A40601200C4B10B540
:10C5B0001B78002B12D00B4B1B78002B03D10A4B9E
:10C5C0001B78002B0AD0094C094920000FF060FAB3
:10C5D000084B3E2202212000FFF71FFF10BDC0467E
:10C5E000040D01206C580120C815012010150120F0
:10C5F000A42B040854EE0308F0B50D4F85B086B2A5
:10C600008DB294B29BB2039300932A0023003100B1
:10C6100038000FF025FB8021039A0B1B891B009229
:10C620009BB289B22A0038000FF01AFB05B0F0BDAA
:10C6300010150120F0B50326404C414B85B06363D3
:10C6400020000EF01BFEFFF731FF47230096572214
:10C65000200040210EF0C5FE3A4D2000CE3529784D
:10C6600000274B425941C9B20FF0C9FA0096452341
:10C670005722200040210EF0B4FE297820000FF050
:10C68000BEFA162300932A33190020000B220FF064
:10C69000E7FA2823132220210B20FFF7ADFF2823E0
:10C6A000142220210C20FFF7A7FF1D231E22182192
:10C6B0001A20FFF7A1FF19232A2211212720FFF7B3
:10C6C0009BFF142334220F213320FFF795FF200016
:10C6D000242211210FF078FA242220006F210FF07C
:10C6E00073FA297820004B425941C9B20FF087FAFA
:10C6F000142154363A0020000296019700964023F8
:10C7000049420FF0C7FC80233A00019320000296B3
:10C710000096403B94210FF0BDFC032332000093B0
:10C720002000233340210EF05CFE297820000FF01A
:10C7300066FA054B636305B0F0BDC04610150120D5
:10C74000091101202CFE0020060D012037B5FFF74E
:10C7500071FF164C164B200063630EF08FFD220014
:10C7600000252368383212781B7CD20053439BB2D9
:10C770000193104B20001D700FF0A8FE20000EF05A
:10C780007CFE290020000FF0A8FE0B4920000FF0CE
:10C790007FF90A4C2300CC331878CD34FFF774FEB0
:10C7A0002078FFF777FEFFF781FE37BD10150120D7
:10C7B000060D0120050D0120C90B04082CFE0020E8
:10C7C00010B5041C29F0F4FD011C201CF4F78CFBAF
:10C7D0000021F3F781FE43425841012440420440C6
:10C7E000200010BD70B50024051C281CF6F76CFB5A
:10C7F000084A094BF3F75AFE002808D1281C0749BC
:10C80000F4F740FA0134051C042CEED1013C200061
:10C8100070BDC0461EA7E8482EFFEF3F0000204134
:10C82000F7B5294C81202300DA331B78002B00D187
:10C8300080202300CA331B78244F9B00DE5923003D
:10C8400088331B78C0059B00E158F4F71BFA051CE0
:10C85000011C301CF3F75AFE002800D02E1C291CA6
:10C86000301CF4F737F81A49F4F70CFAF3F762FEC4
:10C870000722184E0092053AC3B211003000CA34A4
:10C880000EF06AFC2378022B1CD0BC68281C211CEB
:10C89000F3F728FE002800D02C1C291C201CF4F7DC
:10C8A00019F80B49F4F7EEF9FE218905F3F778FE44
:10C8B000F3F740FE0A23C1B2009301220B003000BF
:10C8C0000FF0CEF9F7BDC0462CFE00205C4A0120D7
:10C8D0000000FA42101501200B2337B50925124C30
:10C8E000009320007333002201210EF059FC022333
:10C8F0000095200001223F210EF02EFC2A0020008E
:10C900001F210FF061F9200001221F210FF05CF9B7
:10C910002A0020005E210FF057F901225E2120003D
:10C920000FF052F937BDC04610150120F7B50700CA
:10C930000E000192FFF7BAFD154C164920000FF0CA
:10C94000A7F8390020000FF0B1F88025281AC10F90
:10C95000091849103B00232289B22000FFF75DFD32
:10C9600020000D490FF094F8310020000FF09EF8E0
:10C970002D1AE90F49194910330089B232222000DB
:10C98000FFF74BFDFFF7D8FD0198FCF73EFFF7BD21
:10C9900010150120A42B040877170408F7B5070029
:10C9A0000E0000920193FFF781FD1D4C1D492000F0
:10C9B0000FF06EF8390020000FF078F88025281A63
:10C9C000C10F091849103B001E2289B22000FFF751
:10C9D00024FD200014490FF05BF8310020000FF017
:10C9E00065F8281AC10F0918491033002B2289B2A3
:10C9F0002000FFF712FD009920000FF057F82D1AC4
:10CA0000E90F4919491089B2009B37222000FFF72E
:10CA100004FDFFF791FD0198FCF7F7FEF7BDC04656
:10CA200010150120A42B040877170408F7B5114D41
:10CA300001900F00280010490FF02AF800240B265F
:10CA4000BC4215D218236343019A9B58032C09D882
:10CA5000320005216243193228000134FFF7DDFC62
:10CA6000E4B2EDE7221F7243193292B24521F3E797
:10CA7000F7BDC046101501207717040807B502213D
:10CA8000042801D9422104380B220C2342430532E9
:10CA9000009392B289B2303301480EF081FB07BD9A
:10CAA0001015012037B505000D4C0E4920000EF081
:10CAB000EFFF2D682800F6F71DFC4021C00040085C
:10CAC000091A2B0089B20B222000FFF7A6FC0D22C9
:10CAD00080230092002120000FF0C2F837BDC0462D
:10CAE00010150120F71B040870B516000D00040096
:10CAF000FFF7DCFC3000FFF7D5FF049B2800591C32
:10CB0000FFF794FF601CFFF7B9FFFFF715FD70BD3D
:10CB100070B50025041C0A49201CF3F7DBFEFE213A
:10CB200089050135041CF3F7FBFC0028F3D1054906
:10CB3000201CF3F7E1FC0028EDD1280070BDC046B1
:10CB400000002041000080BF73B504001600656836
:10CB5000B54207DD20680949F4F794F8013D2060EB
:10CB60006560F4E76568B54207DA20680349F3F7C2
:10CB7000B1FE013520606560F4E773BD00007A44C2
:10CB800070B5094C060020000D000EF08FFF8021CB
:10CB9000081AC10F09184910B2B22B0089B220003F
:10CBA000FFF73BFC70BDC0461015012010B5010019
:10CBB000012810D0022818D000280BD10E4C802359
:10CBC0002C2220000EF0F4FF12232C22232120001F
:10CBD0000EF0F4FF10BD084C80233022002120000D
:10CBE0000EF0E6FF0E233022F0E780232C220021F6
:10CBF00001480EF0DDFFEDE710150120F0B585B01E
:10CC000006000F0015000393FFF750FC0D22284C7F
:10CC100000928023002120000FF022F825492000F7
:10CC20000EF036FF390020000EF040FF8021081A78
:10CC3000C10F091849103B000B2289B22000FFF7F1
:10CC4000ECFB1D4920000EF023FF310020000EF008
:10CC50002DFF7621081AC10F09184910330089B237
:10CC60002B222000FFF7D9FB039B002B19D013497F
:10CC700020000EF00DFF290020000EF017FF7F218D
:10CC8000091A2B003E2289B22000FFF7C6FB0C498F
:10CC900020000EF0FDFE0B4B3E2201212000FFF78D
:10CCA000BCFB0220FFF782FFFFF746FC05B0F0BD9A
:10CCB00010150120F71B0408C0310408A42B040838
:10CCC00077170408CFED0308F0B585B006000F0014
:10CCD00015000393FFF7EAFB0D22284C00928023F6
:10CCE000002120000EF0BCFF254920000EF0D0FEF0
:10CCF000390020000EF0DAFE8021081AC10F091851
:10CD000049103B000B2289B22000FFF786FB1D492A
:10CD100020000EF0BDFE310020000EF0C7FE76218F
:10CD2000081AC10F09184910330089B22B222000BC
:10CD3000FFF773FB039B002B19D0134920000EF063
:10CD4000A7FE290020000EF0B1FE7F21091A2B005A
:10CD50003E2289B22000FFF760FB0C4920000EF054
:10CD600097FE0B4B3C2201212000FFF756FB0220CF
:10CD7000FFF71CFFFFF7E0FB05B0F0BD1015012029
:10CD8000F71B0408C0310408A42B04087717040813
:10CD9000CFED030870B505000C00FFF787FB0B4EC5
:10CDA0000B4930000EF074FE90235C432D190A24C9
:10CDB00022000A342B6801213000A4B2FFF72DFBBA
:10CDC0001835462CF4D1FFF7B7FB70BD10150120C4
:10CDD00077170408F7B50627182405004F43FFF717
:10CDE00065FB154E154930000EF052FE23007B43C3
:10CDF0000A225B5900213000FFF70FFB0C2202379B
:10CE00007C4300928023002130000EF029FF183C63
:10CE10000B4930002D190EF03BFE152422000A3478
:10CE20002B6801213000A4B2FFF7F7FA1835472C20
:10CE3000F4D1FFF781FBF7BD10150120F71B0408A3
:10CE400077170408F0B593B0049017001C00002277
:10CE5000002304980D00F3F70BFB00280FD080236C
:10CE60001B06ED1801230393002600204649B44217
:10CE700007DD0022454BF4F7C1FD0136F7E70390CB
:10CE8000F2E702000B0004982900F4F79BFA0690E1
:10CE90000791F3F767FB0500002C66D000220026FF
:10CEA0003B4B04920593B44209DD04980599002296
:10CEB000364BF5F7ADF9013604900591F3E72800FC
:10CEC000F5F7D0FF02000B0006980799F5F712FC62
:10CED0000B00020004980599F5F79AF9F5F752FF4F
:10CEE000039B0090002B3CD023002A00294918986E
:10CEF0002AF0E6FF00261D2231000AA809963C0010
:10CF00002AF0ECFBB74201DA01267C421898F6F7CA
:10CF1000F1F9A04222D2202209AD110028002AF006
:10CF2000DDFB1898F6F7E6F90023241A2B559E42EC
:10CF300025D11898F6F7DEF901302AF03FFB0400FE
:10CF400018992BF065F8290018982BF061F821004A
:10CF500018982BF04BF820002AF03AFB189813B0E1
:10CF6000F0BD23002A000C49C1E7039B02000B49D6
:10CF7000002B00D10A4918982AF0A2FFBAE729002D
:10CF800018982BF033F8E9E70000E03F0000244058
:10CF90000000F03F98ED030899ED0308A3ED0308A6
:10CFA000A4ED03080023F0B58DB008930023AB4C2B
:10CFB00009930B932300DA331B788121002B00D1D6
:10CFC0008021230088331B78C9059B00E558281C65
:10CFD000F3F758FE061C281CF5F776FFA04AA14B74
:10CFE000F5F716F9F5F7C2FF2300CA331B789E4AFE
:10CFF0009B009A58051C03929C4A03999B580A93DC
:10D00000F3F768FC071C29F0EBFA0490381C29F0B0
:10D01000E7FA0399071C281CF3F778FA002800D0D8
:10D020000395311C0398F3F771FA002800D003969A
:10D03000291C0A98F3F756FA002800D00A95311CEB
:10D040000A98F3F763FA002800D00A9688498948BD
:10D05000CB340EF01DFD2678002E06D0012E4DD0CB
:10D06000002700253C00049763E003990A98F3F732
:10D0700031FC29F0B5FA0399041C0A98F3F72AFC4D
:10D0800029F0AEFAFE21051C8905201CF3F788FA69
:10D09000041CFE20291C8005F3F726FF011C201C20
:10D0A000F3F718FC7449051CF3F730FA002806D191
:10D0B000FE21281C8905F3F715FA041E01D001246E
:10D0C0006D4DFE2104988905F3F76AFA061CFE20CF
:10D0D000391C8005F3F708FF011C301CF3F7FAFB3D
:10D0E000011C061C281CF3F707FA0027002801D0B2
:10D0F0000127351C0623022604931BE00A99039896
:10D10000F3F7E8FB29F0F0F95C49F3F7BBFD5C4964
:10D11000051CF3F7FBF9041E00D093E05949281CC5
:10D12000F3F7E0F9002800D192E005233700554DD0
:10D1300004933E00F3B2281C06AE0593F5F7C4FE37
:10D14000059B05220096FFF77DFE4A4D4E492800BB
:10D150000EF09EFC33002B220C212800FFF75DF916
:10D160004A4B002C02D1002F05D0494B2B224949B4
:10D170002800FFF752F928003D490EF089FC1823DA
:10D18000049C45495C436418216828000EF08EFC1D
:10D190008026311A23682B2289B22800FFF73DF937
:10D1A000039908A8089108F0EFF90AA808F0ECF92B
:10D1B00006AF0898F5F788FE009701230522FFF7D0
:10D1C00041FE280035490EF063FC18220999280019
:10D1D000039151430B003049C9580EF067FC1822E7
:10D1E000099B341A53432C4AA1B2D35828003E223B
:10D1F000FFF713F9390028000EF058FC241A3B0001
:10D20000A1B23E222800FFF708F9254F2800390077
:10D210000EF04CFC241AA4B22100023C3B00A4B244
:10D220003E222800FFF7F9F8210028000E233222C1
:10D230000EF0C4FC33003222210028000EF0B8FCAE
:10D240000DB0F0BD0523002734000D4D049371E7A8
:10D2500005230700040004936CE7C0462CFE002061
:10D260002D431CEBE2360A3F043A0120283A012004
:10D27000A42B040810150120E1FAC7420000204148
:10D28000E4FF3342E4FF33C2C0310408BC020408A7
:10D29000B9ED0308FCFF0000440C0120F71B040853
:10D2A000BBED0308454BF0B51A00002487B0059488
:10D2B0008832127804A89200D558CA331B78404AA5
:10D2C0009B009F58049708F05FF90600A0425FD1C9
:10D2D000281CF5F7F9FD3B4A3B4BF4F799FFF5F7AE
:10D2E00045FE041C011C381CF3F710F9002842D03D
:10D2F000381CF5F7E9FD0022344BF4F789FF29F0DB
:10D3000067F8F5F733FE35003149F3F7BBFC02AFA0
:10D31000F5F7DAFD009701230522FFF793FD2D4C69
:10D320002D492000002E43D02C4B1B78002B3FD0E2
:10D330000EF0AEFB2B222E21294B2000FFF76DF8BB
:10D34000002D05D0274B2B2227492000FFF765F839
:10D35000200026490EF09CFB254D2000296E0EF082
:10D36000A5FB8021091A89B22B6E2B222000FFF722
:10D3700054F807B0F0BD201CF5F7A6FD0022134BB2
:10D38000F4F746FF29F024F8F5F7F0FD0125BBE797
:10D39000291C281CF3F704F9F5F796FD00220B4B26
:10D3A000F4F736FF29F014F8F5F7E0FD2500ABE7B8
:10D3B0000EF06EFB3B002B220921BEE72CFE002065
:10D3C000283A0120FCA9F1D24D62503F00408F4025
:10D3D0000000204110150120C03104080711012070
:10D3E000CCED0308B9ED0308FCFF0000A42B0408F2
:10D3F000440C0120F0B587B0FBF7CAF8534C061C6B
:10D40000534920000EF044FB301CF5F75DFD514BF5
:10D41000514A02900391F3F73FF8504B00281BD17B
:10D420004F49301CF3F75EF800280DD14D4D2B000D
:10D4300089331B78002B19D01133DB00311C58596C
:10D44000F3F764F800281BD0FE21301C8905F3F7A0
:10D4500049F8011E07D0444B3E2200212000FEF770
:10D46000DCFF07B0F0BD414B3E22F7E72B00D9337C
:10D470001978002904D11D232C2220000EF098FBDE
:10D480003B4A3C4B12781B78002A01D0002BE8D194
:10D490002B0089331B78002B23D13749301CF3F73D
:10D4A00021F8421E904104AD021F52B2012302989E
:10D4B00003990095FFF7C6FC304920000EF0E8FA0A
:10D4C000290020000EF0F2FA0F214008091A89B253
:10D4D0002B0035222000FEF7A0FF294B3E220C2115
:10D4E000BCE75A1E1133DB00EF582649301C02926C
:10D4F000F3F756F8391CF3F7F7FC029B061CDB0028
:10D50000ED189435391C2868F3F7EEFC1E49F3F743
:10D51000E1F9011C301CF3F7DDF91C49F3F740F881
:10D52000F3F708F8051CC0B2302800D2302518499E
:10D5300020000EF0ADFAEAB2352A00D93525EBB25B
:10D540003E22042120000EF0F9F98AE7101501208F
:10D55000F71B0408D7233440A4703D0AC0ED03082C
:10D56000000040402CFE0020C4ED0308C8ED030875
:10D57000040D01206C580120000020417717040899
:10D58000D8F703080AD7233D0000C04000004042FE
:10D59000EB2A0408F7B50D000021041CF2F79CFFEC
:10D5A0000227061E0CD1FE21201C8905F2F79AFFE6
:10D5B0001B49002819D0201CF3F764FB3700041C1A
:10D5C000201CFFF7FDF80600201CF5F77DFC012F5D
:10D5D00017D0022F1CD0009500230322FFF732FC46
:10D5E000104928002AF002FDF7BD201CF2F798FF31
:10D5F0000028E5D0201C0A49F3F76CF90127041C28
:10D60000DEE7F3B200950322FFF71CFC0649E8E7CA
:10D61000F3B200950322FFF715FC0449E1E7C04689
:10D6200000007A4435EE030838EE03088BF3030854
:10D63000F0B585B002A915001F00FFF7ABFF4A4CFB
:10D640004A49002F00D14A4920000EF021FA02A9D0
:10D6500020000EF02BFA7F23191A02A80300AAB2A9
:10D6600089B22000FEF7D9FE582301AE414D338028
:10D67000002F33D02F0088373B7831003133200022
:10D6800033700EF013FA7F23191A3322330089B254
:10D690002000FEF7C2FE384920000EF0F9F93B7871
:10D6A0000121ED1880352A78002A00D10331182392
:10D6B0005343324A89B29B5820000822FEF7ADFE40
:10D6C0001F230922002120000EF072FA0A230022F3
:10D6D0001F2120000EF072FA05B0F0BD2F00883730
:10D6E0003B783E2231333370322133002000FEF785
:10D6F00094FE52232C22312120000EF059FA1323DC
:10D700002D22312120000EF059FA13232D223C2125
:10D7100020000EF053FA14232C221D2120000EF0BD
:10D7200047FA13232D221D2120000EF047FA12493B
:10D7300020000EF0ADF93B781F21ED1880352A78D6
:10D74000002A00D10331182353430D4A89B29B5854
:10D7500020003622FEF761FE0A4B3E2222212000E5
:10D76000FEF75BFEB8E7C04610150120A3210408B0
:10D77000A42B04082CFE0020771704088405012040
:10D78000240B012074EB0308F0B587B008F00CF807
:10D79000634C02902300DA331B788120002B00D1E8
:10D7A0008020230088331B78C0059B00E158F3F7E5
:10D7B00069FA5C4903900298F3F764FA0399F3F766
:10D7C00089F85949F2F7ECFE8521C905061CF3F7E3
:10D7D0008BFB011CF3F756FA5449F3F785FB002144
:10D7E000051CF2F77FFE002802D080231B06ED18EF
:10D7F000281C28F0F5FE4E49051C301CF2F786FE69
:10D80000002800D07AE04849301CF2F76BFE00286F
:10D8100000D076E0291C4748F3F766FB071C8022FE
:10D820004549D200454829F03DFF2300444DCE3301
:10D83000197828000EF0E3F9301CF2F77BFE86B26F
:10D84000381CF2F777FE80B233004F22009040215F
:10D8500028000EF005FA3B4928000EF019F92300C4
:10D86000DA331A78230088331B789B00002A4BD1C7
:10D87000E05804A9FFF78EFE04A928000EF016F95F
:10D880008021081AC10F0918491004AB092289B276
:10D890002800FEF7C2FD2300DA331A78230088330C
:10D8A0001B789B00002A35D1E058011CF2F778FE66
:10D8B00004A9FFF76FFE04A928000EF0F7F88021F5
:10D8C000091A89B204AB13222800FEF7A6FD0399BA
:10D8D0000298F2F725FE00280ED0282475231F2277
:10D8E0001900280000940EF0BBF900947523220063
:10D8F0006D2128000EF0B4F907B0F0BD124F0C4EA8
:10D900008DE7114F084E8AE7E058011CF2F748FEF8
:10D9100004A9AFE78121E058C905F3F7B3F9C7E7D8
:10D920002CFE00200000D0420000404100C8AF455E
:10D930000000E8420000AE4209110120060D01205E
:10D9400010150120771704080000044210B50400E8
:10D95000FEF7ACFD002C17D1FFF716FF0C48012194
:10D960000200030088321478D933A4001B783E22C9
:10D970002058FFF75DFEFFF73DFDFEF7F1FDFEF7D6
:10D9800015FEFEF7D9FD10BDFFF70CFBF3E7C0460F
:10D990002CFE0020F7B50F002749051C14001E00BF
:10D9A000F2F7BEFD002805D0281C2449F2F792FFAB
:10D9B0000127051C2249281C002C35DDF2F7B0FD9B
:10D9C000002820D00A2C25D000241E49281CF2F75C
:10D9D00093FD002820D0023C1849281CF2F7A0FD36
:10D9E000002802D0022C00DD013C06235E43281CE7
:10D9F000F5F76AFA089B76B2E4B20093320023008E
:10DA0000FFF720FAF7BD0A2C04D07B425F417F422A
:10DA10003C40DAE70324D8E70B49281CF2F76CFDF9
:10DA2000431E9841241AD7E7F2F77AFD0024A0425A
:10DA3000CBD10134E9E7C04600401C4600007A44DF
:10DA40000000C84200007AC40000C8C2F0B587B028
:10DA500002AFF9601021BA60242279188A1812786E
:10DA600007337A606A46DB08DB00D31A9D46061C42
:10DA7000FEF71CFD0D22374C009280230021200070
:10DA80000EF0EEF8344920000EF002F8B96A2000DA
:10DA90000EF00CF88021081AC10F0918491089B23C
:10DAA000BB6A0B2202AD2000FEF7B7FC00950123F4
:10DAB000BA68F968301CFFF76DFF2849301CF2F78F
:10DAC0001BFD2749002800D1264920000DF0E0FF6A
:10DAD000290020000DF0EAFF4626301AC60F36183E
:10DAE00076102B002B22B1B22000FEF796FC1C49C9
:10DAF00020000DF0CDFF290020000DF0D7FF811B85
:10DB000080314910FB6A89B22C222000FEF785FC87
:10DB10007B68002B15D0396B20000DF0C7FF7F21EB
:10DB2000091A3B6B3E2289B22000FEF776FC0E49B3
:10DB300020000DF0ADFF0D4B3C2201212000FEF72F
:10DB40006CFC0220FFF732F8FEF7F6FCBD4605B08C
:10DB5000F0BDC04610150120F71B040800007AC470
:10DB6000A42B0408C031040877170408CFED03087C
:10DB7000F0B50F0087B00021041C16000393F2F7E4
:10DB8000B1FC00284BD080231B06E418012301259B
:10DB90005B420293201CF5F797F904AC002E41DBA1
:10DBA000002300940722FFF74DF9002D01D02D230B
:10DBB000237001233022E15C202900D1E25401339B
:10DBC000072BF8D1194E1A493000039D0DF06EFF56
:10DBD0000135ED1B4543002F04DA164930000DF0E6
:10DBE00065FF2D18FEF762FC0D98FEF75BFF300015
:10DBF00011490DF04DFF6B462C221989300023008E
:10DC0000FEF70BFCA9B20B002F2211339BB200923E
:10DC100030000EF025F8FEF78FFC07B0F0BD0500D0
:10DC20000290B7E77342DBB20094BBE71015012006
:10DC3000F243040876060408C0310408F0B58BB03E
:10DC40000592274A012413000491039088331B781E
:10DC500006A89B009D58049E0695079407F094FC27
:10DC6000281CF5F731F91F4B1F4AF4F7D1FAF5F7E5
:10DC70007DF904990890059A08A80994FEF764FFB5
:10DC80000898FEF7AFFD04000500371C002D0CDDE1
:10DC90001649381CF2F71EFE1449071CF2F722FC45
:10DCA0002C00002801D1013DF0E7301CFEF730FFC9
:10DCB0002318042B01DD013CFAE7002C0CDC0124C5
:10DCC000301CF5F701F9039BE4B200930522230011
:10DCD000FFF7B8F80BB0F0BD032CF1DD0324EFE73C
:10DCE0002CFE0020E2360A3F2D431CEB00002041B1
:10DCF000002370B586B00593224B234ACA331B78A4
:10DD000004A89B009B580E25049307F03DFC049942
:10DD10000600059A02A8FFF791FF059B0193022BCD
:10DD200000D0023D194C1A492000002E24D0194B76
:10DD30001B78002B20D00DF0ABFE2B222E21164B92
:10DD400018262000FEF769FB200014490DF0A0FE04
:10DD5000059B134D019373432000E9580DF0A6FE77
:10DD60008021059B091A5E4389B2AB592B22200002
:10DD7000FEF753FB06B070BD0DF08AFEA9B202ABF0
:10DD80002B22DDE72CFE0020283A0120101501206F
:10DD9000C031040807110120CCED0308A42B0408AE
:10DDA000440C012010B50400FEF780FBFEF794FD43
:10DDB000FFF720FBFEF7D4FB002C1DD1104C2300F5
:10DDC000C8331B78002B14D0FFF76CFA2200230015
:10DDD00088321078D93380001B783E2201212058E8
:10DDE000FFF726FCFEF71CFDFEF7E0FBFEF7A4FBA9
:10DDF00010BDFFF77DFFE9E7FFF7D4F8F2E7C04673
:10DE00002CFE0020F0B53D4B87B003900C00186845
:10DE10003B491600F2F736FF3A49071CF2F780FB40
:10DE20001123002801D001235B423549381C02939D
:10DE3000F2F776FB45424541381CF5F745F86D0091
:10DE400004AB052200932B00FEF7FCFFFEF72EFB30
:10DE50002D4D2E4928000DF01BFE2D490B20FEF7FD
:10DE60008FFE0D2280230092002128000DF0F8FE85
:10DE7000002E06D02749002C00D127493E20FEF76E
:10DE80007FFE039B002B1FD1244928000DF000FECC
:10DE9000234C1826270088373B78224AE318803322
:10DEA0001B782800734399580DF000FE80213B78C1
:10DEB000091AE4188034237889B25E43194B1B2277
:10DEC000F3582800FEF7A9FA0F4C174920000DF06F
:10DED000DFFD6B4630221989200004ABFEF79DFA66
:10DEE000200012490DF0D4FD114B30226421200096
:10DEF000FEF793FAFEF720FB07B0F0BD583A012079
:10DF000000007A440000C84210150120F71B0408E5
:10DF1000DAED0308EAED0308FAED030877170408C1
:10DF20002CFE0020540B0120C0310408A42B04084F
:10DF30001CFA0308F0B55C4B85B00420185EF3F7BB
:10DF4000B7F95A49F2F79EFE5949F2F7C3FC594A0C
:10DF500002AC1100130088310978DA3352181B78AB
:10DF6000803212785B009B18534A9B009958F2F755
:10DF7000B1FC5249F2F786FE5149051CF2F7B2FA9C
:10DF8000002800D189E0281CF4F79EFF00940323A9
:10DF90000522FEF757FF0A25FEF788FA494C4A4941
:10DFA00020000DF075FD49490B20FEF7E9FD0D221B
:10DFB000182600928023200000210DF051FE200041
:10DFC00043490DF065FD434B3A4F1B78424AFB181D
:10DFD00080331B782000734399580DF067FD3D4B4B
:10DFE00017221B78FB1880331B785E438023191A95
:10DFF000394B89B2F3582000FEF70FFA02AE200029
:10E0000036490DF045FD3300A9B22B222000FEF762
:10E0100004FA334D200029000DF03AFD314B2B223C
:10E0200064212000FEF7F9F9200029490DF030FDA8
:10E030002D4B3E2201212000FEF7EFF9254B1B78E6
:10E04000FB18803319783B00DA331A7803234B43EB
:10E050009B1858335B00D85FF4F7CAFE00230522F3
:10E060000096FEF7EFFE290020000DF011FD3100B3
:10E0700020000DF01BFD7F21091A330089B23E22DA
:10E080002000FEF7CAF980232C22002120000DF089
:10E090008FFDFEF751FA05B0F0BD1449200029F0BC
:10E0A000B7FF022578E7C046443A01208FC21D40E1
:10E0B00000FEFF462CFE00200007040800007A4402
:10E0C0000000204110150120F71B0408AEED0308E5
:10E0D00077170408B4FE0020540B0120C031040857
:10E0E000A42B04081CFA0308CFED0308A8ED0308CD
:10E0F000F0B50C1C87B007000021201CF2F7ECF9EA
:10E100000226051E0CD1FE21201C8905F2F7EAF932
:10E110001E49002820D0201CF2F7B4FD2E00041C5C
:10E12000201CFEF74DFB0500201CF4F7CDFE03ACD0
:10E13000012E1DD0022E22D0009400230322FEF7D0
:10E1400081FE1349200029F051FF21003800FEF71D
:10E1500043F9380007B0F0BD201CF2F7E1F90028C0
:10E16000DED0201C0949F2F7B5FB0126041CD7E7D5
:10E17000EBB200940322FEF765FE0649E2E7EBB23C
:10E1800000940322FEF75EFE0349DBE700007A44B9
:10E1900035EE030838EE03088BF30308F0B50500ED
:10E1A00095B04F4908A829F033FF05AC681CF4F777
:10E1B0001FFE002301220094FEF744FE210008A860
:10E1C00029F014FFFEF772F9464C474920000DF084
:10E1D0005FFC08A920000DF069FC7F21081AC10F1F
:10E1E0000918491089B208AB0A222000FEF715F978
:10E1F0000C2280230092002120000DF031FD3B49CC
:10E2000020000DF045FC3A4908A829F001FF394EDD
:10E21000AB0099590EA8FFF76BFF0E9908A829F0DB
:10E22000E5FE0EA815F0D6F9761908AB15220121E6
:10E230002000FEF7F2F880362F4908A829F0E8FE02
:10E240003678002E03D12D4908A829F0CFFE1823D7
:10E2500073432B4A08A8995829F0C8FE08AB200040
:10E260001F220121FEF7D9F801240C2327006B435C
:10E2700029250393234908A829F0CAFE05AE2000EA
:10E28000F4F7B6FD00233A000096FEF7DBFD3100FF
:10E2900008A829F0ABFE1C4908A829F0A7FE039A9C
:10E2A000A3009B18134A01349B18D869F4F70CFE9D
:10E2B000022307220096FEF7C5FD310008A829F0C9
:10E2C00095FE2A0008AB390006480A35FEF7A5F886
:10E2D000ADB2042CCED1FEF72FF915B0F0BDC0467B
:10E2E0000BEE030810150120F71B0408771704082C
:10E2F00015EE03082CFE002024EE0308F243040868
:10E30000840501202FEE03083C080408F0B5B7B0DF
:10E310002AAB2893002328AA13729922060030A959
:10E320002E9102A95218D37706AA049204AA137256
:10E330000CAA0A920AAA137229932F9305930B939E
:10E34000FEF7B4F86C4C731C1022009321006B4B49
:10E3500010A8FDF745FD6A4910A815F073FC0100EF
:10E3600016A815F02AFA674A2100536812681CA8FB
:10E370009B1A654ADB10534310220093634BFDF751
:10E380002FFD1D9A179B169818A99B180F228842DB
:10E3900000D0189A934259D91C981EA90F2288427E
:10E3A00000D01E9A934251D816AA00211CA815F03D
:10E3B000F7FB0D25010022A815F0FFF922A904A8FA
:10E3C00015F01BFA22A815F005F91CA815F002F9A2
:10E3D00016A815F0FFF810A815F0FCF84C4C4D49A4
:10E3E00020000DF055FB049B0B2201212000FEF7BD
:10E3F00014F880232A000021200000950DF030FC45
:10E400003F2300221900009520000DF029FC3D4F0C
:10E410003B687A689A421ED13F4920000DF038FBD4
:10E420003E4B222200212000FDF7F7FFFEF784F883
:10E430000AA815F0CFF804A815F0CCF82EA815F00E
:10E44000C9F828A815F0C6F837B0F0BD1CA916A861
:10E4500015F0DDFBADE738256E439E19310028A885
:10E4600015F02EF931002EA8183115F029F93300D6
:10E4700030331A7834AB1A70736B28A922A803932F
:10E48000359300F017FF229B0B2240212000FDF75F
:10E49000C4FF22A815F09EF87A683B689A42C5D05E
:10E4A00020001D490DF0F4FA289B162200212000BF
:10E4B000FDF7B3FF2E9B222200212000FDF7ADFFC8
:10E4C00028A922A800F04EFF229B2E220021200026
:10E4D000FDF7A3FF22A815F07DF828A922A800F0D7
:10E4E000F3FF229B3A2200212000FDF796FF22A88D
:10E4F00015F070F89AE7C046319D03081D760408B0
:10E500003BEE0308CC150120B76DDBB63DEE0308EA
:10E5100010150120F71B04087717040840EE0308C4
:10E52000F8B5FD4EFD493000FDF756FFFC4CFD4DA2
:10E530002200290030000EF02FF9FB49FB48FDF7BF
:10E540004BFFFB49FB48FDF747FFFB49FB48FDF745
:10E5500043FFFB4FFB483900FDF73EFFFA49FB48FC
:10E56000FDF73AFFFA49FB48FDF736FFFA49FB4849
:10E57000FDF732FFFA49FB48FDF72EFF2200FA496A
:10E5800000200EF009F9F949F948FDF725FFF9498E
:10E59000F948FDF721FFF949F948FDF71DFFF94951
:10E5A000F948FDF719FFF949F948FDF715FFF94951
:10E5B000F948FDF711FFF949F948FDF70DFFF94951
:10E5C000F948FDF709FF2200F84900200EF0E4F8B1
:10E5D000F749F848FDF700FFF749F848FDF7FCFE5A
:10E5E000F749F848FDF7F8FEF749F848FDF7F4FE5B
:10E5F000F749F848FDF7F0FEF749F848FDF7ECFE5B
:10E600002200F74900200EF0C7F8F64EF649300018
:10E61000FDF7E2FE3000F5491830FDF7DDFE300071
:10E62000F3493030FDF7D8FE3000F2494830FDF7AD
:10E63000D3FE2200F04900200EF0AEF8EF4EF04974
:10E640003000FDF7C9FE3000EE491830FDF7C4FE7A
:10E650002200ED4900200EF09FF8EC4EEC4930000E
:10E66000FDF7BAFE3000EB491830FDF7B5FE220089
:10E67000E94900200EF090F8E849E948FDF7ACFEC2
:10E68000E849E948FDF7A8FEE849E948FDF7A4FE96
:10E69000E849E948FDF7A0FEE849E948FDF79CFE96
:10E6A000E849E948FDF798FEE849E948FDF794FE96
:10E6B000E849E948FDF790FE2200E84900200EF005
:10E6C0006BF8E74EE7493000FDF786FE3000E6497B
:10E6D0001830FDF781FE3000E4493030FDF77CFE54
:10E6E0003000E3494830FDF777FE3000E149603003
:10E6F000FDF772FE2200E04900200EF04DF8DF4EDB
:10E70000DF493000FDF768FE3000DE491830FDF7C4
:10E7100063FE3000DC493030FDF75EFE3000DB493F
:10E720004830FDF759FE3000D9496030FDF754FEFE
:10E730002200D84900200EF02FF8D74ED7493000DC
:10E74000FDF74AFE3000D6491830FDF745FE22009D
:10E75000D44900200EF020F8D34ED4493000FDF704
:10E760003BFE3000D2491830FDF736FE2200D14979
:10E7700000200EF011F8D04ED0493000FDF72CFEED
:10E780003000CF491830FDF727FE2200CD49002088
:10E790000EF002F8CC4ECD493000FDF71DFE3000E2
:10E7A000CB491830FDF718FE2200CA4900200DF0B1
:10E7B000F3FFC94EC9493000FDF70EFE3000C849CD
:10E7C0001830FDF709FE3000C6493030FDF704FE71
:10E7D0003000C5494830FDF7FFFD3000C3496030C7
:10E7E000FDF7FAFD2200C24900200DF0D5FFC14E11
:10E7F000C1493000FDF7F0FD3000C0491830FDF789
:10E80000EBFD2200BE4900200DF0C6FFBD4EBE4903
:10E810003000FDF7E1FD3000BC491830FDF7DCFDAC
:10E820003000BB493030FDF7D7FD2200B949002048
:10E830000DF0B2FFB849B948FDF7CEFDB849B94867
:10E84000FDF7CAFDB849B948FDF7C6FDB849B94852
:10E85000FDF7C2FDB849B948FDF7BEFDB849B94852
:10E86000FDF7BAFDB849B948FDF7B6FDB849B94852
:10E87000FDF7B2FD2200B84900200DF08DFFB74E24
:10E88000B7493000FDF7A8FD3000B6491830FDF754
:10E89000A3FD2200B44900200DF07EFFB34EB44921
:10E8A0003000FDF799FD3000B2491830FDF794FDB6
:10E8B0003000B1493030FDF78FFD2200AF49002014
:10E8C0000DF06AFFAE4EAF493000FDF785FD300018
:10E8D000AD491830FDF780FD2200AC4900200DF055
:10E8E0005BFFAB4EAB493000FDF776FD3000AA4927
:10E8F0001830FDF771FD2200A84900200DF04CFFF3
:10E90000A74EA8493000FDF767FD300039001830E8
:10E91000FDF762FD220047E17400012083E903084E
:10E9200000000020EF3702088DE90308B4FF002043
:10E9300095E90308CCFF00209DE90308E4FF0020CF
:10E94000A5E90308FCFF0020ACE90308140001203E
:10E95000B6E903082C0001202DEB03084400012038
:10E96000C0E903085C00012069BF0008C5E903088D
:10E97000AC040120C8E90308C4040120CBE9030862
:10E98000DC040120CEE90308F4040120D1E90308E6
:10E990000C050120D4E9030824050120D7E9030868
:10E9A0003C050120DAE903085405012089BF00086D
:10E9B000DDE9030814060120E1E903082C06012023
:10E9C000E8E9030844060120F0E903085C06012099
:10E9D000F9E903087406012001EA03088C06012006
:10E9E000A9BF00085C0301200AEA030814EA03082F
:10E9F0001EEA030828EA0308C9BF00080401012031
:10EA00002EEA030835EA0308F1BF00087C04012060
:10EA100039EA030836EC030809C0000835EE03089C
:10EA2000440C01208BF303085C0C012038EE030832
:10EA3000740C01209CF503088C0C0120A5F503083B
:10EA4000A40C01203DEA0308BC0C012040EA0308A5
:10EA5000D40C0120F2430408EC0C012021C0000872
:10EA60008402012043EA03084DEA030856EA03083A
:10EA700060EA03086AEA030841C000087C07012035
:10EA800074EA030879EA03087EEA030885EA0308C2
:10EA90008AEA030871C000083C08012094EA0308D0
:10EAA0009CEA0308A1C00008C4010120A3EA0308EE
:10EAB000A6EA0308B9C000087C0A0120AAEA0308F4
:10EAC000B2EA0308D1C000084C040120B9EA0308E7
:10EAD000BCEA0308E9C000080C020120BFEA0308F1
:10EAE000C6EA0308CEEA0308D1EA0308DAEA030813
:10EAF00001C10008AC0A0120E0EA0308E8EA0308C3
:10EB000031C100086C0801209CFB0308F2EA0308ED
:10EB1000FBEA030849C1000804EB0308BC09012013
:10EB20000CEB0308D409012014EB0308EC090120C5
:10EB3000C4ED0308040A01201EEB03081C0A01208F
:10EB400050EC0308340A012028EB03084C0A01208A
:10EB500032EB0308640A012069C10008FC020120AD
:10EB60003CEB030845EB030889C10008F4070120CA
:10EB70004FEB030858EB030862EB0308A1C1000840
:10EB8000840501206CEB030871EB0308C1C1000888
:10EB9000240B012077EB03087AEB0308D9C10008A6
:10EBA0002C03012024070408C54900200DF0F4FDC2
:10EBB000C44EC5493000FDF70FFC3000C349183082
:10EBC000FDF70AFC3000C2493030FDF705FC220099
:10EBD000C04900200DF0E0FDBF49C048FDF7FCFB37
:10EBE0002200BF4900200DF0D7FDBE49BE48FDF709
:10EBF000F3FB2200BD4900200DF0CEFDBC49BD480D
:10EC0000FDF7EAFBBC49BD48FDF7E6FBBC49BD4842
:10EC1000FDF7E2FBBC49BD48FDF7DEFBBC49BD4842
:10EC2000FDF7DAFBBC49BD48FDF7D6FB2200BC4925
:10EC300000200DF0B1FDBB4EBB493000FDF7CCFB11
:10EC40003000BA491830FDF7C7FB2200B849002050
:10EC50000DF0A2FDB74EB8493000FDF7BDFB300006
:10EC6000B6491830FDF7B8FB3000B5493030FDF734
:10EC7000B3FB3000B3494830FDF7AEFB2200B24988
:10EC800000200DF089FDB14EB1493000FDF7A4FB25
:10EC90003000B0491830FDF79FFB3000AE493030EE
:10ECA000FDF79AFB2200AD4900200DF075FDAC4E3A
:10ECB000AC493000FDF790FB3000AB491830FDF750
:10ECC0008BFB3000A9493030FDF786FB2200A849B4
:10ECD00000200DF061FDA74EA7493000FDF77CFB39
:10ECE0002200290030000DF057FDA44EA449300049
:10ECF000FDF772FB2200290030000DF04DFDA14E02
:10ED0000A1493000FDF768FB2200290030000DF01A
:10ED100043FD9E4D9E492800FDF75EFB28009D495E
:10ED20001830FDF759FB28009B493030FDF754FBA4
:10ED300028009A494830FDF74FFB220098490020EF
:10ED40000DF02AFD97499848FDF746FB97499848EA
:10ED5000FDF742FB97499848FDF73EFB97499848D5
:10ED6000FDF73AFB97499848FDF736FB97499848D5
:10ED7000FDF732FB2200974900200DF00DFD96496A
:10ED80009648FDF729FB96499648FDF725FB9649DD
:10ED90009648FDF721FB96499648FDF71DFB964DD9
:10EDA00096482900FDF718FB95499648FDF714FB96
:10EDB0002200954900200DF0EFFC944E2900300010
:10EDC000FDF70AFB300029001830FDF705FB300085
:10EDD00029003030FDF700FB22008D4900200DF0A6
:10EDE000DBFC8C498C48FDF7F7FA8C498C48FDF721
:10EDF000F3FA8C498C48FDF7EFFA8C498C48FDF703
:10EE0000EBFA8C498C48FDF7E7FA29008B48FDF7AF
:10EE1000E3FA22008A4900200DF0BEFC894D8A49A0
:10EE20002800FDF7D9FA280088491830FDF7D4FAF0
:10EE3000280087493030FDF7CFFA2800854948304F
:10EE4000FDF7CAFA2200844900200DF0A5FC834991
:10EE50008348FDF7C1FA83498348FDF7BDFA83492A
:10EE60008348FDF7B9FA83498348FDF7B5FA83492A
:10EE70008348FDF7B1FA83498348FDF7ADFA83492A
:10EE80008348FDF7A9FA83498348FDF7A5FA2200D4
:10EE9000824900200DF080FC814C824A230094338B
:10EEA0001A602300002298331A6020000DF0BCF98C
:10EEB0007D4B7E4A7E4920000CF0ECFAF8BDC0463E
:10EEC000F1C1000854FF00207EEB030887EB030824
:10EED00090EB030809C200089AEB03089CFF00208E
:10EEE00029C20008A4EB0308A409012039C20008C4
:10EEF000AEEB0308A4060120B2EB0308BC06012018
:10EF0000B6EB0308D4060120BAEB0308EC06012097
:10EF1000BEEB030804070120C2EB03081C07012015
:10EF200049C20008540B01206CEB030871EB030885
:10EF300069C20008B40501200CEB0308C6EB030806
:10EF40002DEB0308E406040881C200083407012001
:10EF5000CBEB0308D3EB0308DBEB0308A9C20008E3
:10EF6000DC0A0120E3EB0308EAEB0308F1EB0308FA
:10EF7000C9C20008EC000120F8EB0308F4010120ED
:10EF800003EC03086C0501200DEC03088C00012044
:10EF900004ED03081CEC030824EC03082BEC030825
:10EFA000E9C2000832EC03083401012039EC0308FF
:10EFB0004C010120F0E903086401012043EC03083F
:10EFC0007C0101204DEC030894010120C0E90308F5
:10EFD000AC01012011C3000857EC0308BC03012059
:10EFE00063EC0308D403012070EC0308EC03012058
:10EFF0007DEC030804040120E80A04081C04012035
:10F0000091EC03083404012031C300080CFF0020F8
:10F0100051C30008A3EC0308B4080120AFEC0308B7
:10F02000CC080120C2EC0308E4080120D5EC030859
:10F03000FC080120E2EC0308140901202C0901203E
:10F0400071C3000844090120F8EC030809ED030826
:10F0500012ED03081FED030891C3000858ED0308E3
:10F06000840B012066ED03089C0B01206EED030864
:10F07000B40B012073ED0308CC0B01207BED0308DA
:10F08000E40B012083ED0308FC0B01204BEB03088C
:10F09000140C012091ED03082C0C0120B9C30008C9
:10F0A0001015012015C20108F1A2010845A50108AB
:10F0B000183C04080122044B1A705A709A70DA70D6
:10F0C0001A715A717047C046B4150120704700008C
:10F0D0000122014B1A547047B415012070470000FB
:10F0E000054B064A1A6050221A71303ADA80044AF7
:10F0F0001A8100229A727047BC150120A089012054
:10F10000FF7F000010B50400FFF7EAFF200010BDEC
:10F11000F8B515006A46CB1DDB08DB00D31A00AF3B
:10F120009D460A000C000100684628F0BBFAFAF779
:10F1300055FB31216E46FAF755FB06F00FFA002D0C
:10F1400002D0042009F0AEFE2300320000210A485C
:10F150000BF03AF801244440E4B2002D02D0042020
:10F1600009F088FE06F0F0F9FAF738FB1021FAF7FB
:10F1700039FBBD462000F8BDBC150120F7B51500D0
:10F180006A46CB1DDB08DB00D31A00AF9D460C009E
:10F190007B600600FAF722FB3121FAF723FB06F029
:10F1A000DDF9002D02D0042009F07CFE23007A68EE
:10F1B00000210D480BF064F801235840C3B23B60B6
:10F1C000002D02D0042009F055FE06F0BDF9FAF733
:10F1D00005FB1021FAF706FB79683000220028F0C1
:10F1E00061FABD463868FEBDBC1501200300083336
:10F1F00073B50360040008000D00F4F77BF82E18C7
:10F2000001900F2807D9002201A9200014F0C6F9A7
:10F21000019B2060A36032002900206814F04BFAA3
:10F220000022019B216863602000CA5476BD000063
:10F23000F7B507000E00050014000192AE4216D08B
:10F24000002C11D02900200014F0B7FA290020006A
:10F250001831183014F0B1FA2B0030331A7823002B
:10F2600030331A706B6B636338353834E6E7F61B5E
:10F2700038270448F6087043C000C0087843019B53
:10F280001818FEBDB76DDB16704770B504000D0091
:10F2900014F0BEFD290020001831183014F0B8FD1C
:10F2A0002B0030331A78230030331A706B6B200038
:10F2B000636370BD10B53031040008780949032834
:10F2C00004D8F0F72BFF02080A0C07492000FFF7CB
:10F2D0008DFF200010BD0549F8E70549F6E705490F
:10F2E000F4E7C04674EE030858EE03085DEE030829
:10F2F00065EE03086BEE030813B504000091034BA1
:10F3000010220349FCF76CFD200016BDE4EE030853
:10F31000319D03080B0070B5040010001D004A6801
:10F320001E684168083552180F21AE4200D0996816
:10F330008A4212D90100066808310F258E4200D09A
:10F340008568AA4209D81A00002114F029FC01009E
:10F35000200014F032FA200070BD0100180014F0F3
:10F3600056FCF4E7F0B54F6BD1B004004E493800BD
:10F37000F0F778FF0E004D493000F0F773FF0D00F5
:10F380004B492800F0F76EFF380001914649F0F72D
:10F39000E3FE010002A8FFF7AFFF464902A814F000
:10F3A00051FC010008A814F008FA40493000F0F7B9
:10F3B000D3FE01000EA8FFF79FFF0EAA08A914A80C
:10F3C000FFF7A8FF3C4914A814F03CFC01001AA860
:10F3D00014F0F3F936492800F0F7BEFE010020A82A
:10F3E000FFF78AFF20AA1AA926A8FFF793FF33493F
:10F3F00026A814F027FC01002CA814F0DEF9FA214D
:10F4000001988900F0F7A8FE010032A8FFF774FF09
:10F4100032AA2CA938A8FFF77DFF294938A814F093
:10F4200011FC01003EA814F0C8F9FA2101988900E6
:10F43000F0F718FF44A8FFF75FFF44AA3EA94AA8C7
:10F44000FFF768FF1F494AA814F0FCFB01002000E9
:10F4500014F0B3F94AA814F0BDF844A814F0BAF8AF
:10F460003EA814F0B7F838A814F0B4F832A814F095
:10F47000B1F82CA814F0AEF826A814F0ABF820A828
:10F4800014F0A8F81AA814F0A5F814A814F0A2F81B
:10F490000EA814F09FF808A814F09CF802A814F025
:10F4A00099F8200051B0F0BD005C260580EE3600D2
:10F4B00060EA000085EE030888EE03088BEE03087F
:10F4C0008EEE0308C0040408F0B5C3B00E000400BB
:10F4D000FBF764F8F1F736FF4B49F1F7D3FB051C56
:10F4E000706BF1F72FFF011C281CF1F7FDFCF1F701
:10F4F00021F846490700F0F7B5FE0E0044493000F8
:10F50000F0F7B0FE38000D004049F0F725FE01008D
:10F510006846FFF7F1FE3F4A0021684614F048FBB9
:10F52000010006A814F049F93B4906A814F08AFB2B
:10F5300001000CA814F041F935493000F0F70CFE39
:10F54000010012A8FFF7D8FE12AA0CA918A8FFF70D
:10F55000E1FE324918A814F075FB01001EA814F052
:10F560002CF92F492800F0F7F7FD010024A8FFF738
:10F57000C3FE24AA1EA92AA8FFF7CCFE29492AA85F
:10F5800014F060FB010030A814F017F9280024499A
:10F59000F0F768FE0800FA218900F0F7DDFD0100B0
:10F5A00036A8FFF7A9FE36AA30A93CA8FFF7B2FE9D
:10F5B0001D493CA814F046FB0100200014F0FDF8A2
:10F5C0003CA814F007F836A814F004F830A814F09A
:10F5D00001F82AA813F0FEFF24A813F0FBFF1EA8D1
:10F5E00013F0F8FF18A813F0F5FF12A813F0F2FFBC
:10F5F0000CA813F0EFFF06A813F0ECFF684613F019
:10F60000E9FF200043B0F0BDA1D6943F005C260581
:10F6100080EE36007CEE030885EE030888EE0308D2
:10F6200060EA00008BEE03087EEE030870B5BCB004
:10F63000050068460C00FFF73DFE3249684614F0AD
:10F6400001FB010006A814F0B8F8210006A814F088
:10F65000DEFA01000CA814F0B0F82B4E0CA8310013
:10F6600014F0F0FA010012A814F0A7F8210012A873
:10F67000183114F0CCFA010018A814F09EF82349B0
:10F6800018A814F0DFFA01001EA814F096F8210063
:10F6900024A8FFF767FE24AA1EA92AA8FFF73AFEAE
:10F6A00031002AA814F0CEFA010030A814F085F831
:10F6B000210036A8FFF708FF36AA30A92800FFF777
:10F6C00029FE36A813F086FF30A813F083FF2AA87E
:10F6D00013F080FF24A813F07DFF1EA813F07AFF1B
:10F6E00018A813F077FF12A813F074FF0CA813F0FA
:10F6F00071FF06A813F06EFF684613F06BFF280039
:10F700003CB070BD2BEE0308F243040891EE0308F1
:10F71000F7B50A004368383207000E0093421FD045
:10F720000C009B1A144ADB105A4318340192019BB7
:10F73000002B15DD21002000250020311838383439
:10F7400014F05BF82100280014F057F82B00503318
:10F750001B782B766B6DEB61019B013B0193E6E718
:10F7600078680400383C7C60203813F033FF2000B8
:10F7700013F030FF3000FEBDB76DDBB603684268A2
:10F7800010B5D21A044BD2105A43914202D3034807
:10F790000DF02CF810BDC046B76DDBB69AEE03082D
:10F7A00070B5074D040028000E00FFF7E7FF382171
:10F7B0004E43296820008919FFF767FD200070BDBE
:10F7C000CC150120F7B5124E070033680093009A5C
:10F7D00073689C1A0F4BE4105C43042816D0019404
:10F7E00000242500019B9D4210D229003000FFF724
:10F7F000C5FF38236B43009A0135D31830331B788B
:10F80000ADB2DB1B5A425341E418EBE72000FEBDCA
:10F81000CC150120B76DDBB670B504000D00AC420D
:10F8200008D02000183013F0D5FE200013F0D2FECF
:10F830003834F4E770BD000070B50600044C25684C
:10F8400061682800FFF7E8FF3000656070BDC046C2
:10F85000CC15012010B5040041680068FFF7DCFFFB
:10F860002068002801D00CF09EFF200010BD000091
:10F87000F7B5050000686B6801921A1A1E4BD2108A
:10F8800053430F000124002B00D01C003A1A1C190E
:10F8900000921A4AA34227D8944225D8002C24D19A
:10F8A0002600009BF018002802D00199FFF7EDFC1C
:10F8B000390032002868FFF7BBFC02006968383263
:10F8C0003800FFF7B5FC696807002868FFF7A4FF58
:10F8D0002868002801D00CF066FF38235C432E60B6
:10F8E00036196F60AE60F7BD1400382060430CF02D
:10F8F0005EFF0600D5E7C046B76DDBB6244992042B
:10F9000030B58FB002AB140000936A460023137227
:10F9100008AA06926A460D000132D37701006846B4
:10F920000193079313F0CCFE290006A813F0C8FE3C
:10F93000FAF734FEF1F706FD1E49F1F7A3F9F0F7E7
:10F94000F9FD0CAB1C701C4C0D90636821681B4AC0
:10F95000581AC0104243632A08D9194ADB32127878
:10F96000012A17D0002A18D0022A1AD06068A3688A
:10F97000984219D0002802D06946FFF786FC6368D8
:10F980003833636006A813F025FE684613F022FEA4
:10F990000FB030BD193BFF3B19002000FFF7B8FE48
:10F9A000E4E71931FF31F8E701006A462000FFF76C
:10F9B0005FFFE7E7A1D6943FCC150120B76DDBB61A
:10F9C0002CFE002070B5044C256861682800FFF704
:10F9D00023FF656070BDC046CC150120002310B523
:10F9E0000448054A03604360836004490CF0D4FE78
:10F9F00010BDC046CC1501200000002055F80008BD
:10FA00000300083373B50360040008000D00F3F72A
:10FA100071FC2E1801900F2807D9002201A920009F
:10FA200013F0BCFD019B2060A36032002900206818
:10FA300013F041FE0022019B216863602000CA543C
:10FA400076BD704773B53F2440210320264D002327
:10FA50002A78019322400A43824316000F22234B47
:10FA60001B7813400D3A32433C269B00B2431A43A5
:10FA70002A701F4A15782C402143012481432143D9
:10FA8000B14319431170012204251A4B52421A4CFA
:10FA90001A801A4B2A002380194B01A96380194B45
:10FAA000A01DA38027F0FEFD20002A0001A9093037
:10FAB00027F0F8FD20002A0001A90C3027F0F2FD04
:10FAC0002000114B2A0001A91030019327F0EAFD14
:10FAD000200090232A001B0401A91330019327F072
:10FAE000E1FD0A4BE38273BDF51501207F00002084
:10FAF000F4150120DA150120DC150120C3040000F3
:10FB0000F3C3FFFF7608000080EE7D0050A5FFFFE5
:10FB100010B50CF019FE00B210BD000070B5050064
:10FB20000C000CF03EFD0448F7F718F80023034AD8
:10FB30002B702370137070BD18930120D91501200C
:10FB40000F200A4B0A4A1B78117803400C380843EF
:10FB50003C219B008843184310B5064910701822B9
:10FB60000CF04EFD044B187010BDC0467F00002005
:10FB7000F4150120DC150120D8150120F8B5032665
:10FB80000F273C250CF064FD0022444C444B2078A8
:10FB90001B79B0433B409B00A843184311002070E1
:10FBA0000CF008FD0120F9F730FE02223D4B2078D1
:10FBB0009B78B0433B4010439B00A8431843013A55
:10FBC000394920700CF0F6FC0120F9F71EFE0222E4
:10FBD000344B2078DB78B0433B401043A8439B0074
:10FBE0001843314B013A591C20700CF0E3FC012002
:10FBF000F9F70BFE02222B4B20781B79B0433B40D8
:10FC00001043A8439B001843274B20709918013AD2
:10FC10000CF0D0FC0120F9F7F8FD0222214B2078EE
:10FC20005B79B0433B401043A8439B0018431E4BF5
:10FC3000013A991920700CF0BDFC0120F9F7E5FD9F
:10FC40000222184B2078DB79B0433B401043A84395
:10FC50009B001843144B013A591D20700CF0AAFC6C
:10FC60000120F9F7D2FDFFF76BFF0120F9F7CDFD79
:10FC700000220B4B20781B78B0431F40BF00A843E5
:10FC80001100384320700CF095FC0120F9F7BDFD00
:10FC9000FFF756FF0120F9F7B8FDF8BDF515012073
:10FCA0007A0000207F000020DC15012010B5002222
:10FCB0000400054B1A70FFF7C5FE0CF072FCFFF74D
:10FCC0005DFF200010BDC046D915012010B502000F
:10FCD000062800D1A5E023D8032800D17AE006D871
:10FCE000012851D0022861D0FFF72AFF10BD042857
:10FCF00000D182E00528F7D103227A497A4B0878AF
:10FD00009B79904302000F2003400D3810433C22A2
:10FD10009B0090431843087074493B3A043156E005
:10FD2000092800D1A3E016D8072800D18DE00828C3
:10FD3000DAD10F2003226B496B4B0C785B7A94432A
:10FD400003400D3820433C249B00A0431843087017
:10FD5000664909313BE00B2800D1AEE000D29AE0C1
:10FD6000FF28C1D103225F495F4B08781B7890437D
:10FD700002000F2003400D3810433C229B009043AB
:10FD800018430870243A0FE003245649564B08786C
:10FD90009B78A04304000F2003400D3820433C24EF
:10FDA0009B00A04318430870504910E003244D49BC
:10FDB0004D4B0878DB78A04310433C220C342340A1
:10FDC00090439B001843087048493B3A89180CF04F
:10FDD000F1FB89E74349444B08781B7990430200C3
:10FDE0000F2003400D3810433C229B0090431843E2
:10FDF00008703E493B3A0231E9E7032239493A4B60
:10FE000008785B79904302000F2003400D381043BF
:10FE10003C229B0090431843087034493B3A03311D
:10FE2000D5E703222F49304B0878DB799043020055
:10FE30000F2003400D3810433C229B009043184391
:10FE400008702A493B3A0531C1E70F2003222549B2
:10FE5000254B0C781B7A944303400D3820433C24F7
:10FE60009B00A0431843087020490631AFE70322E6
:10FE70001C491D4B08789B7A904302000F200340D9
:10FE80000D3810433C229B009043184308701749DB
:10FE9000383A0C319BE70F2003221249124B0C78A1
:10FEA000DB7A944303400D3820433C249B00A0435D
:10FEB000184308700D49103189E7032209490A4B9C
:10FEC00008789B7B904302000F2003400D381043BD
:10FED0003C229B0090431843087004493B3A173179
:10FEE00075E7C046F51501207F000020DC150120D4
:10FEF000032270B51D4D1E4C2E78237896430C328C
:10FF00001A40022333433C269200B34313432B7021
:10FF100003000B430BD1382216498B7893431A0008
:10FF2000302313438B702079FFF7D0FE70BD00287B
:10FF300008D10129FAD138220E498B7893431A004F
:10FF40002823EEE70128F1D1002906D138220949FA
:10FF50008B7893431A001823E3E70129E6D138226E
:10FF600004498B7893431A001023DAE7F515012032
:10FF70007F000020DC1501204123F0B593B002AAD8
:10FF80000F249373FF23A4182370484B02901A7810
:10FF90000391002A5ED101251D70FFF753FD0CF07F
:10FFA00000FBFFF7EBFD424B02271A00DA32117813
:10FFB0001A00883212789B1880331878FFF798FF60
:10FFC0002800F9F722FC0CF0E3FA0E2102A82B001E
:10FFD0000918009722003748F6F700FA06000635A0
:10FFE0002378132B01D1002E59D0013DEDB2002D05
:10FFF00032D13149172B00D030490CA8FFF700FD52
:020000040801F1
:100000002378102200932E492E4B06A8FBF7E8FE1A
:10001000032206A90CA8FFF773FC06A813F0DAFA6E
:100020000CA813F0D7FA002E12D0274906A8FFF724
:10003000E7FC26490CA8FFF7E3FC03220CA906A85D
:10004000FFF75EFC0CA813F0C5FA06A813F0C2FA7D
:100050000CF0A7FA13B0F0BD0CF0A3FA0120F9F7E9
:10006000D4FBFFF78BFD124B1A00DA3211781A001D
:10007000883212789B1880331878FFF739FF0120F7
:10008000F9F7C3FB0CF084FA0E2102A809180097B7
:10009000012322000748F6F7A1F90600A0E7029A1B
:1000A000039B11000348F6F76FFCD3E7D915012035
:1000B0002CFE002018930120E8EE0308FDEE030853
:1000C000319D03081D7604080FEF0308E80A0408B1
:1000D00070B5054D054C183D2000183C13F07AFA18
:1000E000AC42F9D170BDC046A016012048170120CE
:1000F00070B5054D054C183D2000183C13F06AFA08
:10010000AC42F9D170BDC046981B0120401C0120B3
:1001100070B5054D054C183D2000183C13F05AFAF7
:10012000AC42F9D170BDC046001D0120781D0120F0
:1001300010B5084C2000483013F04CFA2000303045
:1001400013F048FA2000183013F044FA200013F09E
:1001500041FA10BD481A012010B5044C2000183097
:1001600013F038FA200013F035FA10BDF017012013
:1001700010B5044C2000183013F02CFA200013F0B6
:1001800029FA10BD681B012070B5054D054C183DBE
:100190002000183C13F01EFAAC42F9D170BDC046E5
:1001A00030230120D823012010B50A4C20006030F4
:1001B00013F010FA2000483013F00CFA2000303011
:1001C00013F008FA2000183013F004FA200013F09E
:1001D00001FA10BD7019012010B50A4C20006030E2
:1001E00013F0F8F92000483013F0F4F92000303013
:1001F00013F0F0F92000183013F0ECF9200013F0A0
:10020000E9F910BD681E012010B5044C200018301B
:1002100013F0E0F9200013F0DDF910BD281F0120D4
:1002200010B5044C2000183013F0D4F9200013F05E
:10023000D1F910BDB018012010B5044C20001830C1
:1002400013F0C8F9200013F0C5F910BD6821012092
:1002500010B5044C2000183013F0BCF9200013F046
:10026000B9F910BD381B012010B50A4C20006030D0
:1002700013F0B0F92000483013F0ACF92000303012
:1002800013F0A8F92000183013F0A4F9200013F09F
:10029000A1F910BDF818012010B5044C2000183049
:1002A00013F098F9200013F095F910BD9821012062
:1002B00010B5064C2000303013F08CF920001830B7
:1002C00013F088F9200013F085F910BD581F0120A4
:1002D00070B5054D054C183D2000183C13F07AF917
:1002E000AC42F9D170BDC046A820012050210120A8
:1002F00010B5044C2000183013F06CF9200013F0F6
:1003000069F910BDE819012010B5064C2000303005
:1003100013F060F92000183013F05CF9200013F09E
:1003200059F910BDE01E012010B5044C2000183012
:1003300013F050F9200013F04DF910BD701C01208E
:1003400010B5044C2000183013F044F9200013F0CD
:1003500041F910BD1022012010B5044C20001830C6
:1003600013F038F9200013F035F910BD181A0120E8
:1003700010B5064C2000303013F02CF92000183056
:1003800013F028F9200013F025F910BD40160120C4
:1003900010B5024813F01EF910BDC04688160120A2
:1003A00010B5024813F016F910BDC0469020012088
:1003B00070B5054D054C183D2000183C13F00AF9A6
:1003C000AC42F9D170BDC046901D0120081E01202D
:1003D00010B5044C2000183013F0FCF8200013F086
:1003E000F9F810BD4022012010B5084C200048301B
:1003F00013F0F0F82000303013F0ECF82000183043
:1004000013F0E8F8200013F0E5F810BDA01C01205F
:1004100010B5064C2000303013F0DCF82000183006
:1004200013F0D8F8200013F0D5F810BD201E0120DD
:1004300010B5064C2000303013F0CCF820001830F6
:1004400013F0C8F8200013F0C5F810BDC821012032
:1004500010B5084C2000483013F0BCF820003030B4
:1004600013F0B8F82000183013F0B4F8200013F09F
:10047000B1F810BD7817012070B5054D054C183D39
:100480002000183C13F0A6F8AC42F9D170BDC0466C
:10049000201801209818012070B5054D054C183D15
:1004A0002000183C13F096F8AC42F9D170BDC0465C
:1004B000A81A0120201B012010B5064C2000303066
:1004C00013F088F82000183013F084F8200013F09F
:1004D00081F810BDF815012070B5054D054C183D8B
:1004E0002000183C13F076F8AC42F9D170BDC0463C
:1004F000A01F01201820012010B5084C2000483012
:1005000013F068F82000303013F064F82000183041
:1005100013F060F8200013F05DF810BD30200120CA
:1005200070B5054D054C183D2000183C13F052F8ED
:10053000AC42F9D170BDC0467022012018230120C1
:100540000300083373B50360040008000D00F2F7E0
:10055000D1FE2E1801900F2807D9002201A92000F2
:1005600013F01CF8019B2060A36032002900206872
:1005700013F0A1F80022019B216863602000CA5497
:1005800076BD00000023024A1370024A13707047C0
:10059000F4230120F62301207047000010B5052048
:1005A00008F080FC0A4B1A00883212789B188033BE
:1005B0001878431E9841C0B208F024FC05F05AF99F
:1005C0000122044B05201A7008F054FC10BDC046EF
:1005D0002CFE0020003A012010B501210420F8F77C
:1005E0001BFA00280DD101210830F8F715FA002870
:1005F00007D102000121FDF705FC6420F9F705F998
:10060000EBE710BD10B5041C25F0D2FE011C201C28
:10061000F0F76AFC0021EFF75FFF434258410124E5
:1006200040420440200010BDF7B50D000021041C1D
:10063000EFF752FF0227061E0CD1FE21201C890570
:10064000EFF750FF1B49002819D0201CF0F71AFBC8
:100650003700041C201CFFF7D5FF0600201CF2F712
:1006600033FC012F17D0022F1CD00095002303224A
:10067000FCF7E8FB1049280027F0B8FCF7BD201C68
:10068000EFF74EFF0028E5D0201C0A49F0F722F9C9
:100690000127041CDEE7F3B200950322FCF7D2FB2E
:1006A0000649E8E7F3B200950322FCF7CBFB0449C7
:1006B000E1E7C04600007A4435EE030838EE03084F
:1006C0008BF30308F0B50700002499B00A266643AF
:1006D00004AB9D19182363430D4A2800D15827F015
:1006E00097FC0C49280027F081FC0B4AA300D05846
:1006F00001A9FFF799FF01A9280027F077FC013431
:10070000B819290027F084FC082CDFD119B0F0BDFE
:10071000981B0120F24304082CFE0020F8B50025A8
:10072000041C201CF2F7D0FB1A4A1B4B06000F00DA
:10073000EFF7A8FE002805D11849201CEFF7F0FEBE
:10074000002824D0164A174B30003900EFF790FEEE
:1007500000281CD1FE21201C8905EFF7D7FE0028B8
:1007600006D0201C0D49F0F7B5F80135041CD8E778
:10077000084A094B30003900EFF77AFE0028D0D044
:10078000201C0649F0F77EFA013D041CC9E7280049
:10079000F8BDC0465C8FC2F5285CEF3F00002041E9
:1007A0002D431CEBE2361A3FF0B585B002930AAB3D
:1007B0001B78041C0D1C022000210393161CF8F763
:1007C0002BF90021019007000120F8F725F9019B82
:1007D0000090002B01D1002803D0314B1B78002B57
:1007E00048D1039B002B02D00700019B0093002FF0
:1007F0001FD0311C201CEFF775FE002813D0029982
:10080000201CEFF7CDFE041C011C281CEFF77EFE18
:1008100000282BD1211C301CEFF764FE351C00286A
:1008200021D1251C1FE0311C201CEFF779FE002888
:100830002ED1009B002B10D0291C201CEFF766FE48
:10084000002804D00299201CF0F74EFBDBE7291C9E
:10085000201CEFF751FE002812D1291C201CEFF7B5
:1008600041FE0028D6D0009B1F4306D001230C4A2E
:1008700013702C1C201C05B0F0BD094B1F70F8E74D
:10088000291C301CEFF72EFE0028EFD1351CEAE7BB
:10089000291C301CEFF726FE0028E4D0351CE5E7C4
:1008A000F423012010B501210820F8F7B5F800283D
:1008B00009D101210430F8F7AFF8002803D119302D
:1008C000F8F7A3FFEFE710BD10B51920F8F79DFF6B
:1008D00010BD0000F0B50700444B8200D3588DB026
:1008E00005930598FFF71AFF0600F0F7E1FC011CDD
:1008F0003F4825F05BFB011C0598EFF7EBFF041C5C
:10090000F2F7E2FA09AB009303220123FCF79AFA0B
:10091000012509AB0293374B201C0193364B2A006B
:100920000093002104230395FDF790F8FC23FE219A
:10093000201C890500959B05304AFFF735FF2900EB
:10094000041C0420F8F768F8002849D12900083071
:10095000F8F762F8002802D1FFF7B6FFD8E7234B7B
:10096000BA0009A9D058FFF75FFE3000F0F7A0FCED
:10097000061C011C1E4825F019FB211CF0F782F90A
:1009800007A9FFF751FE1E49012309AA096807A814
:10099000FCF79AF90125FE23C0219B050906194A97
:1009A000301C0095FFF700FFF0F762FC29000600FD
:1009B0000420F8F731F8002893D129000830F8F71F
:1009C0002BF800280ED03000F0F772FC011C08480C
:1009D00025F0ECFA211CF0F755F9044BBF00F85054
:1009E0000DB0F0BDFFF770FFBFE7C0462CFE002042
:1009F00000002041E80A040880F1030800001841C3
:100A0000E01801200000A040F0B5234B87B0D033A0
:100A10001C68012302AD0021201C00951A00FCF780
:100A2000B9FF1E4F2800390027F0E0FA0121082005
:100A3000F7F7F2FF002825D104AE201CF2F744FAA4
:100A4000012304220096FCF7FDF93900300027F05D
:100A5000CDFA300001232A001149FCF7CFF8FC231E
:100A600001269B05191C201C00960E4AFFF79CFED0
:100A70003100041C0420F7F7CFFF00280AD1FFF74C
:100A800023FFD3E7044BD0331C6004F0DDFE0122CA
:100A9000054B1A7007B0F0BD2CFE0020E4FF0308E0
:100AA0003F04040800002041003A0120F0B5274E21
:100AB00085B03300CC331C782000F0F743FCF2F70C
:100AC00003FA022203AB009352420023FCF7BAF967
:100AD00001210820F7F7A0FF071E32D12000F0F710
:100AE00031FC051CF2F7F0F902AB009302223B0047
:100AF000FCF7A8F9012303AA154902A8FCF77EF820
:100B000001230093FE23134A9B050021281CFFF7B5
:100B10004BFEEFF70FFDC5B2AC4202D02800FBF749
:100B2000B3FC01210420F7F777FF002805D0CC366D
:100B30003078FBF7A9FC05B0F0BDFFF7C5FE2C002F
:100B4000C6E73300CC331C702000F2E72CFE0020F7
:100B50004904040800002041F0B5274E85B0330059
:100B6000CD331C782000F0F7EDFBF2F7ADF902224F
:100B700003AB009352420023FCF764F901210820E3
:100B8000F7F74AFF071E32D12000F0F7DBFB051C08
:100B9000F2F79AF902AB009302223B00FCF752F9FC
:100BA000012303AA154902A8FCF728F801230093A2
:100BB000FE23134A9B050021281CFFF7F5FDEFF7E4
:100BC000B9FCC5B2AC4202D02800FBF763FC01219E
:100BD0000420F7F721FF002805D0CD363078FBF749
:100BE00059FC05B0F0BDFFF76FFE2C00C6E73300DF
:100BF000CD331C702000F2E72CFE00202E040408E8
:100C000000002041020053425A41F0B58BB00492DB
:100C10004D4A03901300059189331B78013B5B001B
:100C20001B1824339B009C5801210820F7F7F4FE81
:100C3000454D002879D10123201C0093434A444BA1
:100C40004449FFF7B1FD039B041C002B53D02B003C
:100C500089331B78049A013B5B009B1824339B006B
:100C6000E858F2F731F93C4A3C4BF0F7ABFB060091
:100C70000F00201CF2F728F932003B00EFF702FCCE
:100C8000002804D030003900F2F770F9041C01216B
:100C90000420F7F7C1FE002854D106AD201CF2F75E
:100CA00013F9009501230422FCF7CCF8264A039996
:100CB000130089331B7808AE013B5B005B182433BB
:100CC0009B009858F2F700F9012304220096FCF7E4
:100CD000B9F8234F2800390027F088F9390030008F
:100CE00027F084F90123320005992800FBF786FFDD
:100CF000FFF7EAFD98E72B0089331B78049A013B44
:100D00005B009B1824339B00E858F2F7DDF8124A89
:100D1000124BF1F7EFFC06000F00201CF2F7D4F89D
:100D200032003B00EFF7C2FBAAE72B00002089331B
:100D30001B78039A013B5B009B1824339B00EC500B
:100D40000BB0F0BD7520FBE72CFE0020CDCCA04100
:100D5000CDCCCC3D000040409A9999999999B93FE2
:100D6000D8F70308F0B5314E87B03300D4331C6890
:100D700001210820F7F750FE002855D1201CFFF76D
:100D8000CDFCF0F795FA051C01210820F7F744FE89
:100D9000002825D10127FE23254A9B052549281C2B
:100DA0000097FFF701FD011C051C234825F0FEF804
:100DB00002A9FFF739FC04A9201CFFF735FC1F49E5
:100DC00002A83B0004AAFBF719FF39000420F7F73B
:100DD00023FE002828D1FFF777FDD5E7FFF774FD44
:100DE000291C154825F0E2F80127031C144A15496F
:100DF000201C0097FFF7D8FC02A9041CFFF714FC85
:100E0000114902A83B0004AAFBF7F8FE39000420B0
:100E1000F7F702FE0028ABD139000830F7F7FCFDE8
:100E20000028DBD0D436346007B0F0BD2CFE0020A3
:100E30000000A040000040C0000020410DEC03086D
:100E400080E573496F12833A64FC030870B50600AD
:100E50000D1E01D0013DEDB2002401210420F7F761
:100E6000DBFD002821D101210830F7F7D5FD00284E
:100E70001BD101210230F7F7CFFD002801D0A54298
:100E80000CDC01210800F7F7C7FD002808D1E1B20A
:100E90003000FBF77FFFFFF717FDDEE70134F6E7D1
:100EA00023005A1E9341E41AF1E770BD70B50400A7
:100EB0000D0001210420F7F7AFFD00280CD101211E
:100EC0000830F7F7A9FD002807D129002000FBF71B
:100ED00081FFFFF7F9FCECE7002070BDF0B5046876
:100EE00089B007000800049105920793F0F7E0F934
:100EF000011C4B4825F05AF8059D06902800F0F794
:100F0000D7F9011C464825F051F80121061C0800BC
:100F1000F7F782FD002839D0311C201CEFF740FB89
:100F20000E99061CEFF7DEFA002820D00021301CB5
:100F3000EFF7ECFA002805D00021201CEFF7D2FAD9
:100F400000280BD10021301CEFF7CCFA002863D029
:100F50000021201CEFF7DAFA00285DD00699301C3A
:100F6000EFF7DEFA002859D080231B06E418109B07
:100F7000049A02930F9B290001930023201C0093E5
:100F8000059BFCF7F5FDFFF79FFCB7E70121022069
:100F9000F7F742FD002826D0311C201CEFF7A4FFF4
:100FA0000799061CEFF7B2FA0028E0D00021301CA8
:100FB000EFF7ACFA002805D00021201CEFF792FAD9
:100FC00000280BD10021301CEFF78CFA002823D029
:100FD0000021201CEFF79AFA00281DD00699301C3A
:100FE000EFF78AFABEE701210820F7F715FD002880
:100FF00007D0049B9D4201DD013DB8E73C6009B08C
:10100000F0BD01210420F7F707FD0028AFD0059BB4
:101010009D42F4DA0135AAE7341CA8E70024A6E7CC
:1010200000002041F0B587B0039300230468060058
:101030000F000292019300920B00039A0C9920007A
:10104000FBF752FD01210420F7F7E6FC002805D14B
:1010500001210830F7F7E0FC002804D0FFF734FC4A
:10106000F0E7FFF731FC01210820F7F7D5FC051E5A
:1010700026D10298F0F71CF904903800F0F718F91F
:1010800005902000F0F714F9FE23049A9B050599BA
:101090000095FFF789FBF0F7EBF8029B0C990093A2
:1010A00001953B00039A0400FBF71EFD012104207B
:1010B000F7F7B2FC0028D4D07523336007B0F0BD39
:1010C0003460FBE71FB503000391012901DD002215
:1010D0000392074A03A8009200210122FFF7A2FF12
:1010E000039B581E43425841C0B205B000BDC046E4
:1010F000B018012030B587B0154904006846FFF7E5
:101100001FFA00216846FFF7DDFF0500684612F070
:1011100061FA002D07D00F48031980331B78002B8C
:1011200003D0012B0BD007B030BD0C236343C01894
:10113000094B0362094B4362094B8362F3E70C23BB
:101140006343C018074B0362074B43620023F4E775
:1011500072FC03082CFE00209A99F94014AEF54366
:10116000295CEFBF6666263F1F850F4110B586B02C
:101170000A496846FFF7E4F900216846FFF7A2FF35
:101180000400684612F026FA002C05D0044B054AEC
:101190001B681A60F2F70AFD06B010BD1E040408B1
:1011A000EC910120EFBEADDE10B586B0084968466F
:1011B000FFF7C6F900216846FFF784FF0400684680
:1011C00012F008FA002C01D0F2F7F0FC06B010BDC6
:1011D00037040408F0B50C25454300232A002F00EE
:1011E00095B00793304B2832D2182437203505921A
:1011F000FF18ED180EAC2D492000FFF7A1F92C4B7C
:10120000022200930021230007A8FFF70BFF200014
:1012100012F0E0F9079B012B1ED0022B2FD0002BE0
:1012200040D108AE23493000FFF78AF92249200057
:10123000FFF786F9032101222800204B0294009336
:101240001F4B01964942FFF749FE200012F0C2F9F8
:10125000300012F0BFF9CDE708AE1A493000FFF7B1
:101260006FF915492000FFF76BF90221164B029424
:1012700000930196154B022249423800E3E708AE7D
:1012800013493000FFF75CF90B492000FFF758F9CC
:1012900003210A4B029400930196094B0122494213
:1012A0000598D0E715B0F0BD2CFE002082FC0308A5
:1012B000C8210120E3EB0308E80A04087DFFC742C8
:1012C0007DFFC7C2EAEB03085CFF79445CFF79C489
:1012D000F1EB0308F0B5CFB000221EAC06002300EE
:1012E000029203924EA91800083018605A601A72D0
:1012F00018338B42F7D118270AA8FFF7E3F9002526
:101300000A213800694368430AAB591800190135AE
:1013100012F02AFC082DF3D1072E1AD9224904A86D
:10132000FFF70EF904AB0722002102A80094FFF793
:1013300079FE04A812F04EF9029B752B0AD148AD34
:10134000183C2800183D12F045F9AC42F9D14FB0D5
:10135000F0BD0296154904A8FFF7F2F804AB072286
:10136000002103A80094FFF75DFE04A812F032F9F3
:1013700003987528E3D0029A0D4B9100CD58810057
:10138000CD50991880310D78191880310D700C21CD
:101390004A4341439A185B18116A1962516A5962AB
:1013A000926A9A62A8E7C046D3EF0308DEEF03080B
:1013B0002CFE002010B500248AB0244904A8039410
:1013C000FFF7BEF8224B01220093210004AB03A8D3
:1013D000FFF728FE04A812F0FDF8039B752B1FD021
:1013E000A3421DD0C8221B4C1B4852002100FBF712
:1013F0009DFA0120FAF73AFC052823D8EEF78EFE75
:10140000030A12161A1E9622210014489200FBF7B6
:101410008DFA05E0124B134A13491448FBF7BEFA44
:101420000AB010BD0E4B0F4A1149F6E70C4B0D4A9E
:101430001049F2E70A4B0B4A0F49EEE7084B0F4AF7
:101440000F49EAE7064A07490848E0E71FEF0308A3
:10145000B0180120E80A04082CEF030836EF03084F
:101460001405000043EF030855EF030867EF030876
:1014700071EF030882EF03089AEF0308B1EF030846
:10148000C4EF0308304AF0B5130088331B7885B0E9
:10149000D318803318781300DA33197803234343C1
:1014A0005B1858335B009B5E039301210420F7F720
:1014B000B3FA002813D0244A130088331B78D318BA
:1014C000803318781300DA331978032343435B1809
:1014D0006946583389895B00995205B0F0BD0121F6
:1014E0000820F7F799FA002802D0FFF763FFF4E726
:1014F000154D03242F002E0088373B78DA36EB1881
:1015000080331B78327863439B1858335B00585FF5
:10151000EFF7CEFE01230093FE230C499B050C4AF6
:10152000FFF742F93B78EB1880331A78337854434D
:10153000E418EFF79DFE5834640060533220F8F74A
:1015400064F9FCF7F7FCB0E72CFE002000007AC439
:1015500000007A4410B5642386B0184A1849194827
:10156000FBF71CFAFFF79EF917496846FEF7E8FFFC
:1015700001216846FFF7A6FD0400684612F02AF82C
:10158000002C0FD0FA221149D2001148FBF7CEF9F6
:1015900004F0FAF8002807D00E4B0F4A0F49104804
:1015A000FBF7FCF906B010BDFA220E4992000E4876
:1015B000FBF7BCF9FFF7FEFEF4E7C04653F2030861
:1015C00066F2030878F2030885F203088FF2030835
:1015D000A3F20308DC050000B2F20308C4F203081A
:1015E000D4F20308E80A0408DBF20308002310B56C
:1015F00004008AB00393134904A8FEF7A1FF124B1D
:1016000003220093002104AB03A8FFF70BFD04A8FD
:1016100011F0E0FF0398032811D8EEF77FFD0205D3
:10162000090CFEF7D9FFE6E72000FFF7D3FDE2E75C
:10163000FFF7C0FEDFE72000FFF75CFDDBE70AB045
:1016400010BDC04646FC0308A01C012010B50D4C7F
:101650008AB0DE3423780C4904A80393FEF770FFA8
:101660000A4B01220093002104AB03A8FFF7DAFC28
:1016700004A811F0AFFF039B752B00D023700AB0B4
:1016800010BDC0462CFE002028EB03086821012075
:101690000023F0B5F34CF449A54452A80393FEF798
:1016A0004FFFF24958A8FEF74BFFF1495EA8FEF73D
:1016B00047FFF04D64A82900FEF742FFEE4C6AA8F0
:1016C0002100FEF73DFFED4970A8FEF739FFEC4918
:1016D00076A8FEF735FFEB497CA8FEF731FFEA4913
:1016E00082A8FEF72DFF290088A8FEF729FF210018
:1016F0008EA894ACFEF724FFE4492000FEF720FFFB
:10170000E3490AA8FEF71CFF290010A8FEF718FFFE
:10171000E04916A8FEF714FFDF491CA8FEF710FFEA
:1017200028ADDE4922A8FEF70BFFDD492800FEF7B1
:1017300007FFDC499AA8FEF703FFDB49A0A8FEF7E4
:10174000FFFEDA49A6A8FEF7FBFED949ACA8FEF7D2
:10175000F7FED849B2A8FEF7F3FED749B8A8FEF7BE
:10176000EFFED649BEA8FEF7EBFED549C4A8FEF7AA
:10177000E7FED449CAA8FEF7E3FED349D0A8FEF796
:10178000DFFED249D6A8FEF7DBFED14EDCA8310041
:10179000FEF7D6FEB920C000CE496844FEF7D0FE61
:1017A000BC20C000CC496844FEF7CAFEBF20C00080
:1017B000CA496844FEF7C4FEC220C000C849684454
:1017C000FEF7BEFEC520C000C6496844FEF7B8FE5D
:1017D000C820C00031006844FEF7B2FECB20C00034
:1017E000C1496844FEF7ACFECE20C000BF49684442
:1017F000FEF7A6FED120C000BD496844FEF7A0FE5A
:10180000D420C000BB496844FEF79AFED720C00030
:10181000B9496844FEF794FEDA20C000B74968442D
:10182000FEF78EFEDD20C000B5496844FEF788FE55
:10183000E020C000B3496844FEF782FEE320C00008
:10184000B1496844FEF77CFEE620C000AF49684419
:10185000FEF776FEE920C000AD496844FEF770FE51
:10186000EC20C000AB496844FEF76AFEEF20C000E0
:10187000A9496844FEF764FEF220C000A749684405
:10188000FEF75EFEF520C000A5496844FEF758FE4D
:10189000F820C000A3496844FEF752FEFB20C000B8
:1018A000A1496844FEF74CFEFE20C0009F496844F1
:1018B000FEF746FE9E489F496844FEF741FE82209F
:1018C00000019D496844FEF73BFE9C489C496844E2
:1018D000FEF736FE852000019A496844FEF730FE87
:1018E00099489A496844FEF72BFE882000019849E0
:1018F0006844FEF725FE97492EA8FEF721FE96497B
:1019000034A8FEF71DFE95493AA8FEF719FE944942
:1019100040A8FEF715FE934946A8FEF711FE92492E
:101920004CA8FEF70DFE9149E2A8FEF709FE90498A
:10193000E8A8FEF705FE8F49EEA8FEF701FE8E49E6
:10194000F4A8FEF7FDFD8D49FAA8FEF7F9FD8C4FCE
:10195000FFA839000430FEF7F3FDFFA889491C30C9
:10196000FEF7EEFDFFA839003430FEF7E9FDFFA8D1
:1019700085494C30FEF7E4FDFFA884496430FEF74A
:10198000DFFDFFA831007C30FEF7DAFDFFA8310053
:101990009430FEF7D5FDFFA87D49AC30FEF7D0FDB1
:1019A000FFA87C49C430FEF7CBFDFFA87A49DC30A4
:1019B000FEF7C6FDFFA87949F430FEF7C1FDA1206E
:1019C000C00077496844FEF7BBFDA420C0007549FC
:1019D0006844FEF7B5FDA720C00073496844FEF7D0
:1019E000AFFDAA20C00071496844FEF7A9FDAD20F3
:1019F000C0006F496844FEF7A3FDB020C0006D49E8
:101A00006844FEF79DFDB320C0006B496844FEF7B3
:101A100097FDB620C00031006844FEF791FD04AF89
:101A200066493800FEF78CFD654B052200930021C6
:101A30003B0003A8FFF7F6FA380011F0CBFD03983E
:101A4000752800D1CCE00528E9D8EEF767FB03083C
:101A5000BBC0C3C6022152A8FFF7F8F9DFE7012196
:101A60000AA8F9E764F7FFFFCCFD0308DFFD0308D0
:101A7000F5FD030808FE030815FE030827FE03080A
:101A80003BFE03084EFE03085CFE03086CFE0308E1
:101A900077FE03088CFE0308A0FE0308B1FE0308CE
:101AA000C4FE0308D5FE0308E5FE0308FBFE030899
:101AB00011FF030850FF030821FF030837FF030845
:101AC0004BFF030860FF030875FF030886FF030848
:101AD000E80A04089CFF0308AEFF0308BFFF0308E1
:101AE000D1FF0308E6FF0308F3FF0308050004081D
:101AF0001800040821000408350004084400040804
:101B00005A0004086F000408820004088B000408CF
:101B100098000408AE000408C3000408D2000408BA
:101B2000E8000408F3000408070104081EF5030890
:101B300008080000180104082901040838080000FA
:101B40003F01040855010408680800006701040803
:101B50007B01040891010408A2010408DB000408C9
:101B6000B4010408C8010408D2010408E301040810
:101B7000F40104080A0204082002040832020408DE
:101B80003C020408500204086102040872020408BE
:101B90008502040898020408AC020408BE02040886
:101BA000D3020408E9020408FC0204081003040834
:101BB00025030408390304084B03040860030408E0
:101BC00020180120B920C0000521684444E7022103
:101BD0009AA841E70421E2A83EE701212EA83BE7AD
:101BE000B626F6006E44300011F0F4FC183EDCAB73
:101BF0009E42F8D14CAE3000183E11F0EBFCB542DD
:101C0000F9D1882636016E44300011F0E3FCB6238A
:101C1000DB00183E6B44B342F6D1DCAE3000183E18
:101C200011F0D8FCB442F9D12800183D11F0D2FCD3
:101C3000AF42F9D1200011F0CDFC183C4CABA342CF
:101C4000F8D1014B9D44F0BD9C080000F0B50500A3
:101C5000012789B00468039104920593002301933E
:101C6000049B059A00930E99039B2000FAF73CFF12
:101C700039000420F6F7D0FE002805D139000830DD
:101C8000F6F7CAFE002804D0FEF71EFEF0E7FEF7C6
:101C90001BFE39000820F6F7BFFE061E26D1049869
:101CA000EFF706FB06900398EFF702FB0790200082
:101CB000EFF7FEFAFE23069A9B0507990096FEF7BA
:101CC00073FDEFF7D5FA049B0E9900930196039BE1
:101CD000059A0400FAF708FF39000420F6F79CFE85
:101CE0000028D4D075232B6009B0F0BD1F26082032
:101CF000F6F720FD00280AD0013EFEF7E5FD002E94
:101D0000F5D1E1B20F98FFF7D1F80028A6D02C60EA
:101D1000EAE700006B4BF0B51A006B4C8932127881
:101D2000A544DC3305920393039B1C78002C00D15F
:101D3000B7E066490CA8FEF703FC654912A8FEF758
:101D4000FFFB644918A8FEF7FBFB634E1EA8310099
:101D5000FEF7F6FB310024A8FEF7F2FB5F492AA844
:101D6000FEF7EEFB5E4F30A83900FEF7E9FB5D4958
:101D700036A8FEF7E5FB5C493CA8FEF7E1FB5B4DAE
:101D800042A82900FEF7DCFB594C48A82100FEF7C9
:101D9000D7FB58494EA8FEF7D3FB390054A8FEF7ED
:101DA000CFFB55495AA8FEF7CBFB544960A8FEF774
:101DB000C7FB290066A8FEF7C3FB21006CA8FEF74D
:101DC000BFFB4F4972A8FEF7BBFB390078A8FEF7AE
:101DD000B7FB4C497EA8FEF7B3FB4B4984A8FEF73E
:101DE000AFFB29008AA8FEF7ABFB210090A8FEF705
:101DF000A7FB464996A8FEF7A3FB45499CA8FEF71A
:101E00009FFB4449A2A8FEF79BFB2900A8A8FEF768
:101E100097FB2100AEA8FEF793FB3100B4A8FEF7B4
:101E20008FFB2822AE2002A98918BCAB80000B5082
:101E3000B023002402A98A189B00D454364906A86E
:101E4000BB94FEF77DFB0CAB0193344B2100009358
:101E5000042206AB05A8FFF7F9FE06A811F0BAFBAD
:101E6000BAAC200011F0B6FB183C06ABA342F8D187
:101E7000059B752B11D0134A89321370002B0CD09F
:101E800027490020FEF7BEFE752800D14CE7254902
:101E90000120FEF7B7FE7528F2D0C1239B009D44B8
:101EA000F0BD1D4906A8FEF74BFB1C4B05A800938F
:101EB000042206AB2100FFF7B5F806A811F08AFB53
:101EC000D6E7C0462CFE0020FCFCFFFFF0F603081E
:101ED000FEF6030813F70308E80A040829F70308C5
:101EE00038F703084BF703085FF703086DF703089B
:101EF00082F7030892F703089CF70308AFF703087B
:101F0000BAF70308CAF70308DAF70308EDF703087E
:101F1000FBF7030810F803081FF80308F81801205E
:101F2000BEEB0308BAEB03080023F0B54C4EF7B044
:101F3000039304ACDC363578002D6AD00AAF4949EA
:101F40003800FEF7FDFA484910A8FEF7F9FA4749AC
:101F500016A8FEF7F5FA46491CA8FEF7F1FA454D1A
:101F600022A82900FEF7ECFA290028A8FEF7E8FAD3
:101F700041492EA8FEF7E4FA404934A8FEF7E0FAFA
:101F80003F493AA8FEF7DCFA3E4940A8FEF7D8FAE6
:101F90003D4946A8FEF7D4FA3C494CA8FEF7D0FAD2
:101FA0003B4952A8FEF7CCFA3A4958A8FEF7C8FABE
:101FB00039495EA8FEF7C4FA384964A8FEF7C0FAAA
:101FC00037496AA8FEF7BCFA290070A8FEF7B8FAEC
:101FD00034492000FEF7B4FA334B0222009300216B
:101FE000230003A80197FFF731FE200011F0F2FA59
:101FF00070AD2800183D11F0EDFAA542F9D1039B10
:10200000012B16D0022B17D0002B27D1FFF7A2FAF5
:1020100091E724492000FEF793FA234B03A800938D
:10202000022223002900FEF7FDFF200011F0D2FA62
:10203000E5E7FFF727FA7EE71C492000FEF780FA64
:1020400000212000FFF73EF80500200011F0C2FA41
:10205000002D00D16FE7F9F771FB6CE777B0F0BDA9
:102060002CFE00203BF803084BF803085FF8030838
:1020700074F80308E80A040886F8030896F80308C9
:10208000AAF80308BCF80308D1F80308E2F803082B
:10209000F4F8030805F9030818F903082CF90308F4
:1020A0003CF9030845F90308401601204FF90308DD
:1020B000F0B587B003930023047802900F00160058
:1020C000019300920B00039A0C992000FAF70CFD83
:1020D00001210420F6F7A0FC002805D101210830D9
:1020E000F6F79AFC002802D0FEF7EEFBF0E701219C
:1020F0000820F6F791FC051E25D13000EFF7D8F83F
:1021000004903800EFF7D4F805902000EFF71AF9A3
:10211000FE23049A9B0505990095FEF745FBEEF713
:1021200009FAC4B20C992000019500963B00039A6D
:10213000FAF7DAFC01210420F6F76EFC002804D13E
:10214000FEF7C2FBD3E7029B1C7007B0F0BD000096
:1021500070B50F26124C8AB02418803423786E4450
:102160001049050004A83370FEF7EAF90E4B002170
:102170000093012204AB3000FFF79AFF04A811F08E
:1021800029FA3178752908D023788B4205D02800A8
:102190002170F9F783FBFEF701FA0AB070BDC04663
:1021A0002CFE00202BF80308701C01200023F0B542
:1021B000814CC827A544040005930A3343430CAA65
:1021C0007E4ED3180393DC367F000CA8FEF77AFA14
:1021D0003578002D00D1B4E020AD79492800FEF714
:1021E000AFF9784926A8FEF7ABF977492CA8FEF796
:1021F000A7F9764932A8FEF7A3F9754938A8FEF782
:102200009FF974493EA8FEF79BF9734944A8FEF76D
:1022100097F972494AA8FEF793F9714950A8FEF759
:102220008FF9704956A8FEF78BF96F495CA8FEF745
:1022300087F96E4962A8FEF783F96D4968A8FEF731
:102240007FF96C496EA8FEF77BF96B4974A8FEF71D
:1022500077F96A497AA8FEF773F9694980A8FEF709
:102260006FF9684986A8FEF76BF967498CA8FEF7F5
:1022700067F9664992A8FEF763F9654998A8FEF7E1
:102280005FF964499EA8FEF75BF96349A4A8FEF7CD
:1022900057F96249AAA8FEF753F96149B0A8FEF7B9
:1022A0004FF96049B6A8FEF74BF95F49BCA8FEF7A5
:1022B00047F95E49C2A8FEF743F95D49C8A8FEF791
:1022C0003FF95C49CEA8FEF73BF95B49D4A8FEF77D
:1022D00037F95A49DAA8FEF733F95949E0A8FEF769
:1022E0002FF95849E6A8FEF72BF95749ECA8FEF755
:1022F00027F95649F2A8FEF723F9554906A8FEF733
:102300001FF9544B01950093052206AB002105A847
:10231000FFF79CFC06A811F05DF9F2AD280011F062
:1023200059F9183D1AAB9D42F8D1059B032B34D0C7
:1023300017DC012B29D02CDC002B1BD000230593AC
:1023400043E7434906A8FEF7FBF8424B05A8009374
:10235000052206AB2900FEF765FE06A811F03AF942
:10236000E3E7052B21D01CDB752BE7D1F9239B007C
:102370009D44F0BD114B88331C70FEF70FF93A00F5
:1023800003993548FAF7D2FA1FE72000FEF7A2FAC0
:102390001BE72000FFF7DCFE17E72000FFF726F918
:1023A00013E72000FEF796FF0FE72000FBF7F6FE8D
:1023B000FEF778FA09E7C0461CFCFFFF2CFE002060
:1023C000E9F20308F4F2030802F3030817F3030821
:1023D00021F303087B01040831F303083FF30308EA
:1023E0004DF3030862F3030872F303087DF3030857
:1023F0008DF303089CF30308B0F30308C6F3030846
:10240000DAF30308EBF30308FEF303080EF4030802
:1024100023F4030832F4030845F4030857F40308CF
:1024200066F4030875F4030887F403089BF40308B3
:10243000ACF40308CBFE0308BFF40308CFF4030891
:10244000E2F40308F4F4030804F503081AF503089A
:102450002CF50308001D01203BF50308F0B5214BC6
:10246000CFB088331B781EAC0393002223004EA903
:102470001800083018605A601A7218338B42F7D16E
:102480000A2618270AA8FEF71DF900253100380092
:10249000694368430AAB59180019013511F064FB10
:1024A000082DF3D1104904A8FEF74AF804AB07221F
:1024B000002103A80094FEF7B5FD04A811F08AF8E6
:1024C0000398752803D0C0B2FFF770FEDAE748AD75
:1024D000183C2800183D11F07DF8A542F9D14FB005
:1024E000F0BDC0462CFE002063F1030830B50F2577
:1024F000134C8BB0DA3423786D44124904A82B7046
:10250000FEF71EF8104B01220093002104AB2800B7
:10251000FFF7CEFD04A811F05DF82B78752B0CD0D9
:10252000052006F0BFFC2B78237003F0A3F90122ED
:10253000064B05201A7006F09DFC0BB030BDC0465E
:102540002CFE0020C4060408381B0120003A01209C
:102550000023F0B50125614CA5440593604B06AC02
:10256000DC330393039B1E78002E00D17FE00CAE7A
:102570005C493000FDF7E4FF5B4912A8FDF7E0FF7E
:102580005A4918A8FDF7DCFF59491EA8FDF7D8FFE6
:10259000584924A8FDF7D4FF574F2AA83900FDF762
:1025A000CFFF564930A8FDF7CBFF554936A8FDF7B8
:1025B000C7FF54493CA8FDF7C3FF534942A8FDF7A4
:1025C000BFFF524948A8FDF7BBFF51494EA8FDF790
:1025D000B7FF504954A8FDF7B3FF4F495AA8FDF77C
:1025E000AFFF4E4960A8FDF7ABFF4D4966A8FDF768
:1025F000A7FF39006CA8FDF7A3FF4A4972A8FDF7B1
:102600009FFF494978A8FDF79BFF48497EA8FDF741
:1026100097FF474984A8FDF793FF46498AA8FDF72D
:102620008FFF454990A8FDF78BFF444996A8FDF719
:1026300087FF43492000FDF783FF424B019600933B
:1026400003222300002105A8FFF700FB200010F063
:10265000C1FF96AE3000183E10F0BCFFA642F9D183
:102660000598032836D8EDF759FD12222D3234494A
:102670002000FDF765FF334B05A8009303222300DC
:102680003100FEF7CFFC200010F0A4FFE8E72E4950
:102690002000FDF755FF2D4B2A0000930021230059
:1026A0002B48FFF705FD200010F094FF5AE7294959
:1026B0002000FDF745FF284B2A000093002123004E
:1026C0002648EEE7FEF7A0F9254B1D704AE7FFF715
:1026D0000DFF47E79D239B009D44F0BD8CFDFFFF50
:1026E0002CFE002058F5030869F503087BF5030864
:1026F0008BF503089FF50308E80A0408A9F5030809
:10270000BAF50308CBF503087EF50308D9F50308ED
:10271000EDF50308F9F503080AF6030820F60308A7
:1027200036F6030842F6030858F6030865F6030870
:1027300079F603088EF60308A3F60308B9F6030832
:10274000CEF60308481A0120DAF60308F017012034
:10275000F4FE0020E0F60308681B0120F7FE0020CD
:10276000003A01200023F0B56C4CA54405936C4B56
:1027700006ACDC330393039B1D78002D00D182E06F
:102780000CAE68493000FDF7DBFE674D12A829004A
:10279000FDF7D6FE654918A8FDF7D2FE644F1EA8C6
:1027A0003900FDF7CDFE634924A8FDF7C9FE624953
:1027B0002AA8FDF7C5FE614930A8FDF7C1FE290032
:1027C00036A8FDF7BDFE5E493CA8FDF7B9FE39000D
:1027D00042A8FDF7B5FE5B4F48A83900FDF7B0FEF3
:1027E00059494EA8FDF7ACFE584954A8FDF7A8FE7C
:1027F00057495AA8FDF7A4FE564960A8FDF7A0FE68
:10280000390066A8FDF79CFE53496CA8FDF798FEB9
:10281000524972A8FDF794FE514978A8FDF790FE41
:1028200029007EA8FDF78CFE4E4984A8FDF788FE9E
:102830004D498AA8FDF784FE4C4990A8FDF780FE1B
:102840004B4996A8FDF77CFE4A492000FDF778FE2B
:10285000494B042200930021230005A80196FFF7AD
:10286000F5F9200010F0B6FE96AD2800183D10F0E6
:10287000B1FEA542F9D1059804284BD8EDF74EFCDE
:102880001316192B3B003B492000FDF759FE3A4B2C
:1028900005A80093042223002900FEF7C3FB2000B3
:1028A00010F098FEE7E7FEF701F964E7FEF754F948
:1028B00061E732492000FDF743FE314B01220093CE
:1028C000002123002F48FFF7F3FB200010F082FEC9
:1028D000F9F7B0FE4FE72C492000FDF731FE2B4BF6
:1028E00001220093002123002948FFF7E1FB20008B
:1028F00010F070FE3FE727492000FDF721FE264B30
:1029000026480093042223000021FFF7D1FB20007A
:1029100010F060FE9D239B009D44F0BD8CFDFFFFE9
:102920002CFE0020E7EF0308F8EF030804F003088B
:102930004BEE030816F003082BF0030841F00308E0
:1029400051F0030861F0030876F0030886F00308ED
:1029500097F00308ACF00308BEF00308D4F00308B6
:10296000E9F00308FAF0030810F1030823F1030863
:10297000E80A040834F10308701901203CF1030847
:10298000B0180120FAFE002049F10308281F012099
:1029900005FF002056F10308681E012009FF0020F2
:1029A00030B50F250F4C8BB0D83423786D440E49C9
:1029B00004A82B70FDF7C4FD0C4B022200930021EC
:1029C00004AB2800FFF774FB04A810F003FE28787E
:1029D000752804D02070002801D104F06FFA0BB0E4
:1029E00030BDC0462CFE002057FC0308581F0120B4
:1029F000002370B5364ED2B0039304ACDC36357884
:102A0000002D4ED00AAD33492800FDF799FD32491B
:102A100010A8FDF795FD314916A8FDF791FD304945
:102A20001CA8FDF78DFD2F4922A8FDF789FD2E4931
:102A300028A8FDF785FD2D492EA8FDF781FD2C491D
:102A400034A8FDF77DFD2B493AA8FDF779FD2A4909
:102A500040A8FDF775FD294946A8FDF771FD2849F5
:102A60004CA8FDF76DFD27492000FDF769FD264BB9
:102A70000195009301222300002103A8FFF7E6F847
:102A8000200010F0A7FD4CAD2800183D10F0A2FD6D
:102A9000A542F9D1039B002B13D0012B14D052B0C7
:102AA00070BD18492000FDF74BFD174B03A800939C
:102AB000012223002900FEF7B5FA200010F08AFD5C
:102AC000E8E7FFF76DFF9AE7FEF74CF997E7C04696
:102AD0002CFE002086F1030895F10308A9F10308F4
:102AE000BBF10308D1F10308E3F10308F9F103088E
:102AF00006F203081BF203082EF2030840F2030853
:102B0000E80A040849F203089821012030B50F258E
:102B10000D4C8BB0DB3423786D440C4904A82B702A
:102B2000FDF70EFD0A4B02220093002104AB2800A2
:102B3000FFF7BEFA04A810F04DFD2B78752B00D0DE
:102B400023700BB030BDC0462CFE002047F50308B3
:102B5000E01E01200023F0B5364ED3B0039304AC41
:102B6000DC363578002D4FD00AAD33492800FDF70B
:102B7000E7FC324910A8FDF7E3FC314916A8FDF740
:102B8000DFFC30491CA8FDF7DBFC2F4F22A83900E1
:102B9000FDF7D6FC390028A8FDF7D2FC2B492EA85A
:102BA000FDF7CEFC2A4934A8FDF7CAFC29493AA80A
:102BB000FDF7C6FC284940A8FDF7C2FC274946A8F6
:102BC000FDF7BEFC26494CA8FDF7BAFC25492000BC
:102BD000FDF7B6FC244B0195009301222300002150
:102BE00003A8FFF733F8200010F0F4FC4CAD2800E8
:102BF000183D10F0EFFCA542F9D1039B002B13D038
:102C0000012B14D053B0F0BD16492000FDF798FCFD
:102C1000154B03A80093012223002900FEF702FAB6
:102C2000200010F0D7FCE8E7FFF770FF99E7FCF70A
:102C3000C9FE96E72CFE002067030408770304080A
:102C40008B0304089D030408E80A0408B30304087E
:102C5000C4030408D4030408E1030408F6030408C9
:102C60000804040816040408E819012030B50F25EB
:102C70000D4C8BB0C93423786D440C4904A82B70DB
:102C8000FDF75EFC00220A4B11000093280004AB04
:102C9000FFF70EFA04A810F09DFC2B78752B00D0DE
:102CA00023700BB030BDC0462CFE002072F103082B
:102CB00090200120002300B58BB003930C4904A899
:102CC000FDF73EFC00220B4B1100009303A804AB60
:102CD000FEF7A8F904A810F07DFC039B002B04D09C
:102CE00001DB022BEADD0BB000BDFFF7BFFFE5E71C
:102CF00090FC0308881601200023F0B5B24CA544CF
:102D0000029304ACB14E3300DC331D78002D00D1AA
:102D1000F5E00AADAE492800FDF712FCAD4910A858
:102D2000FDF70EFCAC4916A8FDF70AFCAB491CA840
:102D3000FDF706FCAA4922A8FDF702FCA94928A82C
:102D4000FDF7FEFBA8492EA8FDF7FAFBA74934A81A
:102D5000FDF7F6FBA6493AA8FDF7F2FBA54940A806
:102D6000FDF7EEFBA44946A8FDF7EAFBA3494CA8F2
:102D7000FDF7E6FBA24952A8FDF7E2FBA14958A8DE
:102D8000FDF7DEFBA0495EA8FDF7DAFB9F4F64A8C4
:102D90003900FDF7D5FB39006AA8FDF7D1FB3900F2
:102DA00070A8FDF7CDFB9A4976A8FDF7C9FB9949B4
:102DB0007CA8FDF7C5FB984982A8FDF7C1FB9749A0
:102DC00088A8FDF7BDFB96498EA8FDF7B9FB95498C
:102DD00094A8FDF7B5FB94499AA8FDF7B1FB934978
:102DE000A0A8FDF7ADFB9249A6A8FDF7A9FB914964
:102DF000ACA8FDF7A5FB9049B2A8FDF7A1FB8F4950
:102E0000B8A8FDF79DFB8E49BEA8FDF799FB8D493B
:102E1000C4A8FDF795FB8C49CAA8FDF791FB8B4927
:102E2000D0A8FDF78DFB8A49D6A8FDF789FB894913
:102E3000DCA8FDF785FB8849E2A8FDF781FB8749FF
:102E4000E8A8FDF77DFB8649EEA8FDF779FB8549EB
:102E5000F4A8FDF775FB8449FAA8FDF771FBFFA8FC
:102E600082490430FDF76CFBFFA881491C30FDF757
:102E700067FBFFA87F493430FDF762FBFFA83900EC
:102E80004C30FDF75DFBFFA839006430FDF758FBBF
:102E90008A220027FFAB8433D200AB50FFAB8033D4
:102EA0001F608B23FFAADB00EF549C321033EA50E3
:102EB000FFAB98331F608E23DB00EF546E49200078
:102EC000FDF73EFB6D4B019500930722230039006F
:102ED00002A8FEF7BBFE200010F07CFBFFAD94358E
:102EE0002800183D10F076FBA542F9D1029807287A
:102EF00067D8EDF713F914171A3B3E4144475E4972
:102F00002000FDF71DFB5D4B02A800930722230064
:102F10002900FEF787F8200010F05CFBE6E7FFF7DA
:102F200019FEEFE6FDF758FBECE600215448FDF7EB
:102F3000BDFF264D5349DC352B7820000393FDF768
:102F4000FFFA514B012200930021230003A8FEF752
:102F500069F8200010F03EFB039B752B00D1D1E6F1
:102F60002A78934200D1CDE62B70CBE6FFF7A2FE84
:102F7000C8E6FEF7D9FFC5E6FEF7F8F8C2E6FEF7A9
:102F800065FBBFE641492000FDF7DAFA0021200089
:102F9000FEF798F80500200010F01CFB002D00D172
:102FA000B0E60020F8F7D8FB3300CD331878CC36E4
:102FB000F9F770FA3078F9F767FA0122344B1A7092
:102FC000A0E6344B9D44F0BD54FBFFFF2CFE0020D7
:102FD0005AF9030869F903087CF9030892F9030810
:102FE000A7F90308B8F90308BEF90308CDF90308E7
:102FF000E3F90308CBFE0308F7F903080AFA03080C
:103000001FFA030830FA030841FA0308E80A040823
:1030100050FA03085BFA03086FFA030883FA0308FF
:1030200097FA0308A1FA0308B7FA0308C8FA0308D5
:10303000D7FA0308EAFA0308FBFA03087B0104083D
:103040000EFB03081CFB030831FB030847FB0308C6
:1030500058FB03086DFB030881FB030892FB030880
:10306000A4FB0308BAFB0308D1FB0308E0FB030839
:10307000F1FB030805FC03081AFC0308A820012043
:10308000A01F012028FC0308B018012037FC03080A
:10309000003A0120AC040000F0B5444E8DB07368D6
:1030A00032689C1A0022424BE4105C430592013CBA
:1030B000039301210420F5F7AFFC002873D101210F
:1030C0000230F5F7A9FC002813D0013C7168326882
:1030D00003988B1ADB104343914262D0002C60DBD3
:1030E0009C4200DB00242000FBF710F9FDF7ECFB0D
:1030F000DFE701210800F5F78FFC051E01D0013440
:10310000E4E701210820F5F787FC0028DED073688A
:10311000326805959342D9D0264906A8FDF710FAE2
:10312000254B01220093290006AB05A8FDF77AFF85
:1031300006A810F04FFA059B002BC7D03825654331
:1031400033685D192A00736838329A421ED09B1A80
:10315000039ADB105A4318350292029B002B15DDAF
:10316000290028002F0020311838383510F045FB91
:103170002900380010F041FB3B0050331B783B76B0
:103180007B6DFB61029B013B0293E6E770680500E3
:103190002038383D756010F01DFA280010F01AFA3A
:1031A00094E75C1E9FE70DB0F0BDC046CC15012032
:1031B000B76DDBB69BFC0308B0180120F0B5594B86
:1031C000594CDC33A54406AC03930026039B0596BB
:1031D0001D78B54200D182E00CAF54493800FDF7AC
:1031E000AFF9534912A8FDF7ABF9524918A8FDF7FA
:1031F000A7F951491EA8FDF7A3F9504924A8FDF7E6
:103200009FF94F492AA8FDF79BF94E4930A8FDF7D1
:1032100097F94D4936A8FDF793F94C493CA8FDF7BD
:103220008FF94B4D42A82900FDF78AF9290048A8DB
:10323000FDF786F929004EA8FDF782F9454954A803
:10324000FDF77EF944495AA8FDF77AF9434960A889
:10325000FDF776F9290066A8FDF772F929006CA838
:10326000FDF76EF9290072A8FDF76AF93C4978A8C4
:10327000FDF766F93B497EA8FDF762F93A4984A853
:10328000FDF75EF939498AA8FDF75AF9384990A83F
:10329000FDF756F9290096A8FDF752F935492000A7
:1032A000FDF74EF9344B032200933100230005A8AB
:1032B0000197FEF7CBFC200010F08CF996AD2800AA
:1032C000183D10F087F9A542F9D10598752824D04A
:1032D000032800D979E7ECF721FF12151A1D2549BB
:1032E0002000FDF72DF9244B05A8009303222300AD
:1032F0002900FDF797FE200010F06CF9E5E7FFF7D5
:10330000CBFE62E701211D48FDF7A0FD5DE7FEF75A
:10331000BFF95AE7FDF748FF57E79D239B009D44FF
:10332000F0BDC0462CFE00208CFDFFFFA8FC03086A
:10333000B4FC0308C8FC0308DCFC0308E9FC030830
:10334000FFFC030813FD030822FD030835FD0308F5
:10335000E80A040842FD030850FD030863FD030862
:1033600075FD030883FD030895FD0308A6FD03080A
:10337000BBFD0308C7FD030878170120A81A012028
:103380000023F0B5994CA5440593994BDC33039386
:103390000123984D2B70039B1978002900D1E6E09A
:1033A00006AE95493000FDF7CBF894490CA8FDF71F
:1033B000C7F8934912A8FDF7C3F8924918A8FDF77A
:1033C000BFF891491EA8FDF7BBF8904F24A839001B
:1033D000FDF7B6F88E492AA8FDF7B2F88D4930A856
:1033E000FDF7AEF88C4936A8FDF7AAF88B493CA842
:1033F000FDF7A6F88A4942A8FDF7A2F8894C48A82B
:103400002100FDF79DF888494EA8FDF799F88749F6
:1034100054A8FDF795F886495AA8FDF791F8854913
:1034200060A8FDF78DF8210066A8FDF789F8210056
:103430006CA8FDF785F8804972A8FDF781F87F49EF
:1034400078A8FDF77DF87E497EA8FDF779F87D49DB
:1034500084A8FDF775F87C498AA8FDF771F87B49C7
:1034600090A8FDF76DF87A4996A8FDF769F87949B3
:103470009CA8FDF765F87849A2A8FDF761F877499F
:10348000A8A8FDF75DF82100AEA8FDF759F874492A
:10349000B4A8FDF755F87349BAA8FDF751F8724979
:1034A000C0A8FDF74DF87149C6A8FDF749F8704965
:1034B000CCA8FDF745F82100D2A8FDF741F8390066
:1034C000D8A8FDF73DF86B49DEA8FDF739F86A4941
:1034D000E4A8FDF735F86949EAA8FDF731F868492D
:1034E000F0A8FDF72DF82100F6A8FDF729F8210036
:1034F000FCA8FDF725F8FFA862490C30FDF720F87D
:10350000FFA861492430FDF71BF8FFA85F493C3054
:10351000FDF716F8FFA85E495430FDF711F8FFA833
:103520005C496C30FDF70CF8FFA821008430FDF7F2
:1035300007F8594B019600930722584B002105A824
:10354000FEF784FBFFAC8434200010F043F808231E
:1035500002AA5B42183C9B189C42F5D105980728AB
:103560002BD8ECF7DBFD0C15181B1E2124274A4B2A
:103570000722009305A8494BFDF754FDEEE7FEF73F
:103580006DFF2B78002B00D002E7454B9D44F0BD2A
:10359000FEF7DEFFF5E7FFF7E5F8F2E7FEF7BAFB27
:1035A000EFE7FFF725FAECE7FFF7A6FBE9E7FDF702
:1035B00001FFE6E7FFF702FEE3E70D4BDE331B7882
:1035C000002B0DD0F6F7EAFF364C2368C01A364BB5
:1035D000984205D90120F8F749FBF6F7DFFF206094
:1035E0000220F6F712F900232B70CAE764FBFFFFF5
:1035F0002CFE0020F5230120540404086104040873
:103600007704040888040408950404087B0104086E
:10361000A2040408B2040408C3040408D50404087E
:10362000E7040408E80A0408F30404080005040891
:103630001305040824050408330504083F0504089D
:103640005005040863050408770504088705040885
:103650009B050408AA050408BE050408D205040851
:10366000E8050408F805040804060408120604081E
:10367000280604083706040841060408530604080F
:103680006406040878060408820604089206040802
:103690009F060408AF060408A01601206017012049
:1036A0009C040000F0230120DC050000F8B5FD4E6D
:1036B000FD493000FCF744FFFC4CFD4D2200290081
:1036C000300009F069F8FB49FB48FCF739FFFB497A
:1036D000FB48FCF735FFFB49FB48FCF731FFFB4F8C
:1036E000FB483900FCF72CFFFA49FB48FCF728FFA0
:1036F000FA49FB48FCF724FFFA49FB48FCF720FF96
:10370000FA49FB48FCF71CFF2200FA49002009F0A7
:1037100043F8F949F948FCF713FFF949F948FCF770
:103720000FFFF949F948FCF70BFFF949F948FCF795
:1037300007FFF949F948FCF703FFF949F948FCF795
:10374000FFFEF949F948FCF7FBFEF949F948FCF797
:10375000F7FE2200F849002009F01EF8F749F84862
:10376000FCF7EEFEF749F848FCF7EAFEF749F8489F
:10377000FCF7E6FEF749F848FCF7E2FEF749F8489F
:10378000FCF7DEFEF749F848FCF7DAFE2200F749BD
:10379000002009F001F8F64EF6493000FCF7D0FEA3
:1037A0003000F5491830FCF7CBFE3000F3493030DB
:1037B000FCF7C6FE3000F2494830FCF7C1FE22009B
:1037C000F049002008F0E8FFEF4EF0493000FCF728
:1037D000B7FE3000EE491830FCF7B2FE2200ED498A
:1037E000002008F0D9FFEC4EEC493000FCF7A8FEB1
:1037F0003000EB491830FCF7A3FE2200E949002015
:1038000008F0CAFFE849E948FCF79AFEE849E948A8
:10381000FCF796FEE849E948FCF792FEE849E948DA
:10382000FCF78EFEE849E948FCF78AFEE849E948DA
:10383000FCF786FEE849E948FCF782FEE849E948DA
:10384000FCF77EFE2200E849002008F0A5FFE74EC5
:10385000E7493000FCF774FE3000E6491830FCF709
:103860006FFE3000E4493030FCF76AFE3000E34977
:103870004830FCF765FE3000E1496030FCF760FE3F
:103880002200E049002008F087FFDF4EDF493000CA
:10389000FCF756FE3000DE491830FCF751FE3000D0
:1038A000DC493030FCF74CFE3000DB494830FCF797
:1038B00047FE3000D9496030FCF742FE2200D8496B
:1038C000002008F069FFD74ED7493000FCF738FEDA
:1038D0003000D6491830FCF733FE2200D4490020CE
:1038E00008F05AFFD34ED4493000FCF729FE3000CF
:1038F000D2491830FCF724FE2200D149002008F0FC
:103900004BFFD04ED0493000FCF71AFE3000CF49B3
:103910001830FCF715FE2200CD49002008F03CFFCE
:10392000CC4ECD493000FCF70BFE3000CB491830AF
:10393000FCF706FE2200CA49002008F02DFFC94E00
:10394000C9493000FCF7FCFD3000C8491830FCF7CD
:10395000F7FD3000C6493030FCF7F2FD3000C549B4
:103960004830FCF7EDFD3000C3496030FCF7E8FD5E
:103970002200C249002008F00FFFC14EC1493000AB
:10398000FCF7DEFD3000C0491830FCF7D9FD2200FD
:10399000BE49002008F000FFBD4EBE493000FCF7D4
:1039A000CFFD3000BC491830FCF7CAFD3000BB49E0
:1039B0003030FCF7C5FD2200B949002008F0ECFECC
:1039C000B849B948FCF7BCFDB849B948FCF7B8FD9F
:1039D000B849B948FCF7B4FDB849B948FCF7B0FD9F
:1039E000B849B948FCF7ACFDB849B948FCF7A8FD9F
:1039F000B849B948FCF7A4FDB849B948FCF7A0FD9F
:103A00002200B849002008F0C7FEB74EB749300081
:103A1000FCF796FD3000B6491830FCF791FD220006
:103A2000B449002008F0B8FEB34EB4493000FCF7AA
:103A300087FD3000B2491830FCF782FD3000B149F3
:103A40003030FCF77DFD2200AF49002008F0A4FED5
:103A5000AE4EAF493000FCF773FD3000AD49183071
:103A6000FCF76EFD2200AC49002008F095FEAB4E3D
:103A7000AB493000FCF764FD3000AA491830FCF770
:103A80005FFD2200A849002008F086FEA74EA84945
:103A90003000FCF755FD300039001830FCF750FDC0
:103AA000220047E16017012083E90308000000209D
:103AB000EF3702088DE90308A016012095E90308F5
:103AC000B81601209DE90308D0160120A5E90308D6
:103AD000E8160120ACE9030800170120B6E9030845
:103AE000181701202DEB030830170120C0E9030847
:103AF00048170120D1000108C5E90308981B0120DF
:103B0000C8E90308B01B0120CBE90308C81B01204A
:103B1000CEE90308E01B0120D1E90308F81B0120CE
:103B2000D4E90308101C0120D7E90308281C012050
:103B3000DAE90308401C0120F1000108DDE903086F
:103B4000001D0120E1E90308181D0120E8E9030830
:103B5000301D0120F0E90308481D0120F9E90308A0
:103B6000601D012001EA0308781D012011010108F0
:103B7000481A01200AEA030814EA03081EEA0308A7
:103B800028EA030831010108F01701202EEA030892
:103B900035EA030859010108681B012039EA0308C6
:103BA00036EC03087101010835EE030830230120CB
:103BB0008BF303084823012038EE0308602301201B
:103BC0009CF5030878230120A5F503089023012024
:103BD0003DEA0308A823012040EA0308C02301208E
:103BE000F2430408D823012089010108701901203B
:103BF00043EA03084DEA030856EA030860EA0308AB
:103C00006AEA0308A9010108681E012074EA030892
:103C100079EA03087EEA030885EA03088AEA0308CA
:103C2000D9010108281F012094EA03089CEA03082F
:103C300009020108B0180120A3EA0308A6EA030854
:103C40002102010868210120AAEA0308B2EA030858
:103C500039020108381B0120B9EA0308BCEA03084D
:103C600051020108F8180120BFEA0308C6EA030858
:103C7000CEEA0308D1EA0308DAEA03086902010878
:103C800098210120E0EA0308E8EA03089902010804
:103C9000581F01209CFB0308F2EA0308FBEA030813
:103CA000B102010804EB0308A82001200CEB030873
:103CB000C020012014EB0308D8200120C4ED030824
:103CC000F02001201EEB03080821012050EC03081E
:103CD0002021012028EB03083821012032EB0308C2
:103CE00050210120D1020108E81901203CEB030812
:103CF00045EB0308F1020108E01E01204FEB030829
:103D000058EB030862EB030809030108701C01204B
:103D10006CEB030871EB0308290301081022012052
:103D200077EB03087AEB030841030108181A012016
:103D300024070408BC49002008F02EFDBB4EBC49F6
:103D40003000FCF7FDFB3000BA491830FCF7F8FBF7
:103D50003000B9493030FCF7F3FB2200B7490020AE
:103D600008F01AFDB649B748FCF7EAFB2200B6494D
:103D7000002008F011FDB549B548FCF7E1FB220031
:103D8000B449002008F008FDB349B448FCF7D8FB5B
:103D9000B349B448FCF7D4FBB349B448FCF7D0FBB3
:103DA000B349B448FCF7CCFBB349B448FCF7C8FBB3
:103DB000B349B448FCF7C4FB2200B349002008F023
:103DC000EBFCB24EB2493000FCF7BAFB3000B1490F
:103DD0001830FCF7B5FB2200AF49002008F0DCFCEE
:103DE000AE4EAF493000FCF7ABFB3000AD491830A8
:103DF000FCF7A6FB3000AC493030FCF7A1FB3000EB
:103E0000AA494830FCF79CFB2200A949002008F091
:103E1000C3FCA84EA8493000FCF792FB3000A7492C
:103E20001830FCF78DFB3000A5493030FCF788FBDB
:103E30002200A449002008F0AFFCA34EA3493000A3
:103E4000FCF77EFB3000A2491830FCF779FB30000C
:103E5000A0493030FCF774FB22009F49002008F095
:103E60009BFC9E4E9E493000FCF76AFB2200290015
:103E7000300008F091FC9B4E9B493000FCF760FB42
:103E800022002900300008F087FC984E9849300045
:103E9000FCF756FB22002900300008F07DFC954D10
:103EA00095492800FCF74CFB280094491830FCF792
:103EB00047FB280092493030FCF742FB280091492B
:103EC0004830FCF73DFB22008F49002008F064FCDD
:103ED0008E498F48FCF734FB8E498F48FCF730FB46
:103EE0008E498F48FCF72CFB8E498F48FCF728FB46
:103EF0008E498F48FCF724FB8E498F48FCF720FB46
:103F000022008E49002008F047FC8D498D48FCF7BF
:103F100017FB8D498D48FCF713FB8D498D48FCF745
:103F20000FFB8D498D48FCF70BFB8D4D8D4829000B
:103F3000FCF706FB8C498D48FCF702FB22008C49FC
:103F4000002008F029FC8B4E29003000FCF7F8FA1D
:103F5000300029001830FCF7F3FA30002900303027
:103F6000FCF7EEFA22008449002008F015FC834992
:103F70008348FCF7E5FA83498348FCF7E1FA834973
:103F80008348FCF7DDFA83498348FCF7D9FA834973
:103F90008348FCF7D5FA29008248FCF7D1FA2200C1
:103FA0008149002008F0F8FB804D81492800FCF78A
:103FB000C7FA28007F491830FCF7C2FA28007E496A
:103FC0003030FCF7BDFA28007C494830FCF7B8FADD
:103FD00022007B49002008F0DFFB7A497A48FCF791
:103FE000AFFA7A497A48FCF7ABFA7A497A48FCF793
:103FF000A7FA7A497A48FCF7A3FA7A497A48FCF793
:104000009FFA7A497A48FCF79BFA7A497A48FCF792
:1040100097FA7A497A48FCF793FA22007949002006
:1040200008F0BAFBF8BDC04659030108401601204C
:104030007EEB030887EB030890EB0308710301088C
:104040009AEB03088816012091030108A4EB0308EA
:1040500090200120A1030108AEEB0308901D012070
:10406000B2EB0308A81D0120B6EB0308C01D012018
:10407000BAEB0308D81D0120BEEB0308F01D012098
:10408000C2EB0308081E0120B103010840220120F1
:104090006CEB030871EB0308D1030108A01C01209D
:1040A0000CEB0308C6EB03082DEB0308E406040839
:1040B000E9030108201E0120CBEB0308D3EB030822
:1040C000DBEB030811040108C8210120E3EB03081E
:1040D000EAEB0308F1EB030831040108D8170120CB
:1040E000F8EB0308E018012003EC0308581C01203A
:1040F0000DEC03087817012004ED03081CEC0308FD
:1041000024EC03082BEC03085104010832EC0308EB
:104110002018012039EC030838180120F0E90308C1
:104120005018012043EC0308681801204DEC0308E7
:1041300080180120C0E903089818012079040108BB
:1041400057EC0308A81A012063EC0308C01A0120E9
:1041500070EC0308D81A01207DEC0308F01A012046
:10416000E80A0408081B012091EC0308201B012029
:1041700099040108F8150120B9040108A3EC03080B
:10418000A01F0120AFEC0308B81F0120C2EC0308F8
:10419000D01F0120D5EC0308E81F0120E2EC030842
:1041A0000020012018200120D9040108302001201E
:1041B000F8EC030809ED030812ED03081FED0308EE
:1041C000F904010858ED03087022012066ED030888
:1041D000882201206EED0308A022012073ED030860
:1041E000B82201207BED0308D022012083ED0308D3
:1041F000E82201204BEB03080023012091ED030886
:10420000182301202105010870B5054D054C183D06
:104210002000183C0FF0DEF9AC42F9D170BDC04669
:10422000A02401204825012070B5054D054C183DFE
:104230002000183C0FF0CEF9AC42F9D170BDC04659
:1042400098290120402A012070B5054D054C183DE4
:104250002000183C0FF0BEF9AC42F9D170BDC04649
:10426000002B0120782B012010B5084C200048308D
:104270000FF0B0F9200030300FF0ACF9200018300A
:104280000FF0A8F920000FF0A5F910BD4828012073
:1042900010B5044C200018300FF09CF920000FF0EE
:1042A00099F910BDF025012010B5044C20001830FC
:1042B0000FF090F920000FF08DF910BD6829012052
:1042C00070B5054D054C183D2000183C0FF082F9E3
:1042D000AC42F9D170BDC04630310120D831012047
:1042E00010B50A4C200060300FF074F920004830FF
:1042F0000FF070F9200030300FF06CF9200018300A
:104300000FF068F920000FF065F910BD702701204B
:1043100010B50A4C200060300FF05CF920004830E6
:104320000FF058F9200030300FF054F92000183009
:104330000FF050F920000FF04DF910BD682C01204E
:1043400010B5044C200018300FF044F920000FF095
:1043500041F910BD282D012010B5044C2000183063
:104360000FF038F920000FF035F910BDB02601200C
:1043700010B5044C200018300FF02CF920000FF07D
:1043800029F910BD682F012010B5044C2000183009
:104390000FF020F920000FF01DF910BD3829012081
:1043A00010B50A4C200060300FF014F9200048309E
:1043B0000FF010F9200030300FF00CF92000183009
:1043C0000FF008F920000FF005F910BDF8260120C4
:1043D00010B5044C200018300FF0FCF820000FF04E
:1043E000F9F810BD982F012010B5064C2000303090
:1043F0000FF0F0F8200018300FF0ECF820000FF06C
:10440000E9F810BD582D012070B5054D054C183D3B
:104410002000183C0FF0DEF8AC42F9D170BDC04668
:10442000A82E0120502F012010B5044C2000183078
:104430000FF0D0F820000FF0CDF810BDE8270120D4
:1044400010B5064C200030300FF0C4F820001830B2
:104450000FF0C0F820000FF0BDF810BDE02C0120D7
:1044600010B5044C200018300FF0B4F820000FF005
:10447000B1F810BD702A012010B5044C200018308E
:104480000FF0A8F820000FF0A5F810BD10300120A3
:1044900010B5044C200018300FF09CF820000FF0ED
:1044A00099F810BD1828012010B5064C20003030B6
:1044B0000FF090F8200018300FF08CF820000FF06B
:1044C00089F810BD4024012010B502480FF082F891
:1044D00010BDC0468824012010B502480FF07AF8BC
:1044E00010BDC046902E012070B5054D054C183DFD
:1044F0002000183C0FF06EF8AC42F9D170BDC046F8
:10450000902B0120082C012010B5044C20001830FD
:104510000FF060F820000FF05DF810BD4030012072
:1045200010B5084C200048300FF054F8200030300F
:104530000FF050F8200018300FF04CF820000FF06A
:1045400049F810BDA02A012010B5064C20003030DB
:104550000FF040F8200018300FF03CF820000FF06A
:1045600039F810BD202C012010B5064C2000303049
:104570000FF030F8200018300FF02CF820000FF06A
:1045800029F810BDC82F012010B5084C2000483074
:104590000FF020F8200030300FF01CF82000183009
:1045A0000FF018F820000FF015F810BD7825012045
:1045B00070B5054D054C183D2000183C0FF00AF869
:1045C000AC42F9D170BDC0462026012098260120BA
:1045D00070B5054D054C183D2000183C0EF0FAFF53
:1045E000AC42F9D170BDC046A82801202029012085
:1045F00010B5064C200030300EF0ECFF20001830D3
:104600000EF0E8FF20000EF0E5FF10BDF8230120BA
:1046100070B5054D054C183D2000183C0EF0DAFF32
:10462000AC42F9D170BDC046A02D0120182E01204A
:1046300010B5084C200048300EF0CCFF2000303080
:104640000EF0C8FF200018300EF0C4FF20000EF05E
:10465000C1FF10BD302E012070B5054D054C183D31
:104660002000183C0EF0B6FFAC42F9D170BDC04638
:1046700070300120183101200300083373B5036046
:10468000040008000D00EEF735FE2E1801900F28EB
:1046900007D9002201A920000EF080FF019B2060B5
:1046A000A3603200290020680FF005F80022019B6A
:1046B000216863602000CA5476BD00000122044BCB
:1046C0001A700023034A1370034A13707047C046E0
:1046D000F1310120F0310120F2310120704700005A
:1046E000F8B501210C20F4F797F9002829D01B4ECA
:1046F00001253300072788331C7829002800F4F7A8
:104700008BF9002803D0062C1CD80134E4B2290010
:104710000220F4F781F9002803D0002C14D0013CCA
:10472000E4B22000F9F73AFD4620F5F76EF82900CB
:104730000820F4F771F9002808D088363470FBF7A8
:104740002DFFF8BD0024E2E73C00EAE72900042041
:10475000F4F762F90028D0D0F3E7C0462CFE002021
:1047600010B501210420F4F757F9002806D00223E0
:10477000034C2370FEF704FE0123237010BDC046D6
:10478000F131012010B501210320F4F745F900288B
:1047900006D000F0EBFE0123024A11784B40137063
:1047A00010BDC046F031012010B501210920F4F7F9
:1047B00033F900280BD00D4B88331A78062A04D918
:1047C00000221A70FBF7EAFE10BD0132F9E7012161
:1047D0000A20F4F721F90028F6D0044B88331A7820
:1047E000002A01D10732ECE7013AEAE72CFE00206B
:1047F000012110B50800F4F70FF9002801D0F7F7F0
:10480000D7FA01210220F4F707F9002801D0F7F7C1
:10481000DBFA10BD30B519218DB00820F4F7FCF893
:10482000002837D001221C4D1C4B290068461A7005
:10483000FFF722FF1A4C06A82100FFF71DFF0022F8
:1048400006A96846FBF75CF806A80EF0C3FE6846AA
:104850000EF0C0FE134B1B78002B12D01249684695
:10486000FFF70AFF210006A8FFF706FF002206A9AE
:104870006846FBF745F806A80EF0ACFE68460EF059
:10488000A9FE002002F01AFBFA2221009200280063
:10489000F8F74CF80DB030BDCE060408003A012000
:1048A000E80A04086C580120DA06040810B5FFF77E
:1048B00017FFFFF755FFFFF765FFFFF775FFFFF7DE
:1048C00097FFFFF7A7FF0E4B1A78012A05D0032A9E
:1048D00012D04520F4F799FF10BD0A4B18780A4B07
:1048E000D9331B78002B04D0002802D1F9F72EF819
:1048F000EFE7F9F757FAECE701221A70E9E7C0464B
:10490000F1310120F03101202CFE002070B5244C43
:10491000244E2300D4331D688CB0291CF068EBF7BB
:10492000F5FD002820D02300D8331B78022B1BD1A3
:104930001D4B1B78002B15D1012002F0BFFA1B493B
:104940006846FFF799FE1A4906A8FFF795FE01226F
:1049500006A96846FAF7D4FF06A80EF03BFE6846A3
:104960000EF038FE0CB070BD3169281CEBF7CEFD9F
:104970000028F7D0D8342478012CF3D10A4B1B78C7
:10498000002BEFD1200002F099FA08496846FFF7A2
:1049900073FE074906A8FFF76FFE2200D8E7C0465E
:1049A0002CFE00205C4A01206C580120EA06040815
:1049B000E80A0408F8B5FD4EFD493000FFF75CFE3B
:1049C000FC4CFD4D22002900300007F0E5FEFB49BC
:1049D000FB48FFF751FEFB49FB48FFF74DFEFB4943
:1049E000FB48FFF749FEFB4FFB483900FFF744FE49
:1049F000FA49FB48FFF740FEFA49FB48FFF73CFE47
:104A0000FA49FB48FFF738FEFA49FB48FFF734FE46
:104A10002200FA49002007F0BFFEF949F948FFF7E4
:104A20002BFEF949F948FFF727FEF949F948FFF746
:104A300023FEF949F948FFF71FFEF949F948FFF746
:104A40001BFEF949F948FFF717FEF949F948FFF746
:104A500013FEF949F948FFF70FFE2200F84900203C
:104A600007F09AFEF749F848FFF706FEF749F848BD
:104A7000FFF702FEF749F848FFF7FEFDF749F8484F
:104A8000FFF7FAFDF749F848FFF7F6FDF749F84850
:104A9000FFF7F2FD2200F749002007F07DFEF64EF9
:104AA000F6493000FFF7E8FD3000F5491830FFF710
:104AB000E3FD3000F3493030FFF7DEFD3000F2490E
:104AC0004830FFF7D9FD2200F049002007F064FECE
:104AD000EF4EF0493000FFF7CFFD3000EE491830BF
:104AE000FFF7CAFD2200ED49002007F055FEEC4E0D
:104AF000EC493000FFF7C0FD3000EB491830FFF7FC
:104B0000BBFD2200E949002007F046FEE849E948DC
:104B1000FFF7B2FDE849E948FFF7AEFDE849E9488B
:104B2000FFF7AAFDE849E948FFF7A6FDE849E9488B
:104B3000FFF7A2FDE849E948FFF79EFDE849E9488B
:104B4000FFF79AFDE849E948FFF796FD2200E8499A
:104B5000002007F021FEE74EE7493000FFF78CFD0B
:104B60003000E6491830FFF787FD3000E449303067
:104B7000FFF782FD3000E3494830FFF77DFD30004C
:104B8000E1496030FFF778FD2200E049002007F09E
:104B900003FEDF4EDF493000FFF76EFD3000DE49D7
:104BA0001830FFF769FD3000DC493030FFF764FD55
:104BB0003000DB494830FFF75FFD3000D9496030F5
:104BC000FFF75AFD2200D849002007F0E5FDD74E37
:104BD000D7493000FFF750FD3000D6491830FFF7B5
:104BE0004BFD2200D449002007F0D6FDD34ED44916
:104BF0003000FFF741FD3000D2491830FFF73CFD8F
:104C00002200D149002007F0C7FDD04ED049300026
:104C1000FFF732FD3000CF491830FFF72DFD22009D
:104C2000CD49002007F0B8FDCC4ECD493000FFF74C
:104C300023FD3000CB491830FFF71EFD2200CA4982
:104C4000002007F0A9FDC94EC9493000FFF714FD47
:104C50003000C8491830FFF70FFD3000C64930302A
:104C6000FFF70AFD3000C5494830FFF705FD300069
:104C7000C3496030FFF700FD2200C249002007F061
:104C80008BFDC14EC1493000FFF7F6FC3000C04932
:104C90001830FFF7F1FC2200BE49002007F07CFD30
:104CA000BD4EBE493000FFF7E7FC3000BC4918306C
:104CB000FFF7E2FC3000BB493030FFF7DDFC22009B
:104CC000B949002007F068FDB849B948FFF7D4FC9E
:104CD000B849B948FFF7D0FCB849B948FFF7CCFC50
:104CE000B849B948FFF7C8FCB849B948FFF7C4FC50
:104CF000B849B948FFF7C0FCB849B948FFF7BCFC50
:104D0000B849B948FFF7B8FC2200B849002007F0BD
:104D100043FDB74EB7493000FFF7AEFC3000B6494F
:104D20001830FFF7A9FC2200B449002007F034FD39
:104D3000B34EB4493000FFF79FFC3000B249183041
:104D4000FFF79AFC3000B1493030FFF795FC2200A4
:104D5000AF49002007F020FDAE4EAF493000FFF70D
:104D60008BFC3000AD491830FFF786FC2200AC49BF
:104D7000002007F011FDAB4EAB493000FFF77CFC83
:104D80003000AA491830FFF777FC2200A84900201C
:104D900007F002FDA74EA8493000FFF76DFC300078
:104DA00039001830FFF768FC220047E16025012038
:104DB00083E9030800000020EF3702088DE90308AB
:104DC000A024012095E90308B82401209DE90308E7
:104DD000D0240120A5E90308E8240120ACE9030858
:104DE00000250120B6E90308182501202DEB030852
:104DF00030250120C0E903084825012009420108A7
:104E0000C5E9030898290120C8E90308B029012051
:104E1000CBE90308C8290120CEE90308E0290120D5
:104E2000D1E90308F8290120D4E90308102A012058
:104E3000D7E90308282A0120DAE90308402A0120DB
:104E400029420108DDE90308002B0120E1E90308FC
:104E5000182B0120E8E90308302B0120F0E90308B2
:104E6000482B0120F9E90308602B012001EA03081F
:104E7000782B012049420108482801200AEA03084A
:104E800014EA03081EEA030828EA03086942010835
:104E9000F02501202EEA030835EA030891420108B3
:104EA0006829012039EA030836EC0308A942010801
:104EB00035EE0308303101208BF30308483101201F
:104EC00038EE0308603101209CF503087831012099
:104ED000A5F50308903101203DEA0308A83101201F
:104EE00040EA0308C0310120F2430408D831012010
:104EF000C14201087027012043EA03084DEA030874
:104F000056EA030860EA03086AEA0308E142010876
:104F1000682C012074EA030879EA03087EEA030892
:104F200085EA03088AEA030811430108282D0120B5
:104F300094EA03089CEA030841430108B0260120D3
:104F4000A3EA0308A6EA030859430108682F0120D1
:104F5000AAEA0308B2EA03087143010838290120CC
:104F6000B9EA0308BCEA030889430108F8260120CE
:104F7000BFEA0308C6EA0308CEEA0308D1EA030839
:104F8000DAEA0308A1430108982F0120E0EA0308A8
:104F9000E8EA0308D1430108582D01209CFB0308CF
:104FA000F2EA0308FBEA0308E943010804EB0308FB
:104FB000A82E01200CEB0308C02E012014EB0308DF
:104FC000D82E0120C4ED0308F02E01201EEB0308AB
:104FD000082F012050EC0308202F012028EB0308A4
:104FE000382F012032EB0308502F0120094401081B
:104FF000E82701203CEB030845EB0308294401089E
:10500000E02C01204FEB030858EB030862EB030888
:1050100041440108702A01206CEB030871EB03087E
:10502000614401081030012077EB03087AEB030894
:10503000794401081828012024070408BC490020ED
:1050400007F0AAFBBB4EBC493000FFF715FB300050
:10505000BA491830FFF710FB3000B9493030FFF77C
:105060000BFB2200B749002007F096FBB649B74872
:10507000FFF702FB2200B649002007F08DFBB5497F
:10508000B548FFF7F9FA2200B449002007F084FB85
:10509000B349B448FFF7F0FAB349B448FFF7ECFA64
:1050A000B349B448FFF7E8FAB349B448FFF7E4FA64
:1050B000B349B448FFF7E0FAB349B448FFF7DCFA64
:1050C0002200B349002007F067FBB24EB24930001E
:1050D000FFF7D2FA3000B1491830FFF7CDFA2200BD
:1050E000AF49002007F058FBAE4EAF493000FFF744
:1050F000C3FA3000AD491830FFF7BEFA3000AC49B2
:105100003030FFF7B9FA3000AA494830FFF7B4FA57
:105110002200A949002007F03FFBA84EA849300013
:10512000FFF7AAFA3000A7491830FFF7A5FA3000B8
:10513000A5493030FFF7A0FA2200A449002007F06B
:105140002BFBA34EA3493000FFF796FA3000A2498B
:105150001830FFF791FA3000A0493030FFF78CFA91
:1051600022009F49002007F017FB9E4E9E49300009
:10517000FFF782FA22002900300007F00DFB9B4E5A
:105180009B493000FFF778FA22002900300007F031
:1051900003FB984E98493000FFF76EFA2200290071
:1051A000300007F0F9FA954D95492800FFF764FAA9
:1051B000280094491830FFF75FFA280092493030F0
:1051C000FFF75AFA280091494830FFF755FA2200B4
:1051D0008F49002007F0E0FA8E498F48FFF74CFA1C
:1051E0008E498F48FFF748FA8E498F48FFF744FAF7
:1051F0008E498F48FFF740FA8E498F48FFF73CFAF7
:105200008E498F48FFF738FA22008E49002007F0B8
:10521000C3FA8D498D48FFF72FFA8D498D48FFF766
:105220002BFA8D498D48FFF727FA8D498D48FFF7F6
:1052300023FA8D4D8D482900FFF71EFA8C498D48C1
:10524000FFF71AFA22008C49002007F0A5FA8B4ECE
:1052500029003000FFF710FA300029001830FFF75E
:105260000BFA300029003030FFF706FA220084499B
:10527000002007F091FA83498348FFF7FDF983493D
:105280008348FFF7F9F983498348FFF7F5F9834924
:105290008348FFF7F1F983498348FFF7EDF92900C7
:1052A0008248FFF7E9F922008149002007F074FAEB
:1052B000804D81492800FFF7DFF928007F49183029
:1052C000FFF7DAF928007E493030FFF7D5F92800DA
:1052D0007C494830FFF7D0F922007B49002007F0D5
:1052E0005BFA7A497A48FFF7C7F97A497A48FFF7B3
:1052F000C3F97A497A48FFF7BFF97A497A48FFF744
:10530000BBF97A497A48FFF7B7F97A497A48FFF743
:10531000B3F97A497A48FFF7AFF97A497A48FFF743
:10532000ABF922007949002007F036FAF8BDC046F3
:1053300091440108402401207EEB030887EB030819
:1053400090EB0308A94401089AEB03088824012084
:10535000C9440108A4EB0308902E0120D944010898
:10536000AEEB0308902B0120B2EB0308A82B012021
:10537000B6EB0308C02B0120BAEB0308D82B0120A1
:10538000BEEB0308F02B0120C2EB0308082C012020
:10539000E9440108403001206CEB030871EB03087D
:1053A00009450108A02A01200CEB0308C6EB0308FD
:1053B0002DEB0308E406040821450108202C0120F8
:1053C000CBEB0308D3EB0308DBEB030849450108EB
:1053D000C82F0120E3EB0308EAEB0308F1EB030815
:1053E00069450108D8250120F8EB0308E0260120D3
:1053F00003EC0308582A01200DEC0308782501204E
:1054000004ED03081CEC030824EC03082BEC030850
:105410008945010832EC03082026012039EC0308F5
:1054200038260120F0E903085026012043EC030848
:10543000682601204DEC030880260120C0E90308FE
:1054400098260120B145010857EC0308A82801203F
:1054500063EC0308C028012070EC0308D828012061
:105460007DEC0308F0280120E80A0408082901203F
:1054700091EC030820290120D1450108F8230120DF
:10548000F1450108A3EC0308A02D0120AFEC0308AF
:10549000B82D0120C2EC0308D02D0120D5EC030863
:1054A000E82D0120E2EC0308002E0120182E012037
:1054B00011460108302E0120F8EC030809ED03081D
:1054C00012ED03081FED03083146010858ED0308EB
:1054D0007030012066ED0308883001206EED03086E
:1054E000A030012073ED0308B83001207BED0308E4
:1054F000D030012083ED0308E83001204BEB030896
:105500000031012091ED03081831012059460108AE
:1055100073B5531A04000D00160001930F2B06D922
:10552000002201A90EF03AF8019B2060A36032002E
:10553000290020680EF0BFF80021019B22686360FB
:10554000D15473BD7047704710B502490248FAF74D
:1055500013FD10BDFC0F00005C3A012010B502489D
:10556000411CFAF7DBFA10BD243A01200023044A5B
:105570000449585898500433182BFAD17047C04644
:10558000043A0120283A0120F7B5324C05002300E7
:1055900088331B7830499B001859EBF773FB2E4971
:1055A000061C2868EBF76EFBDA3428602378071CAA
:1055B0008120002B00D18020311CC005EBF762FB5D
:1055C000041C011C381CEAF7A1FF002836D0012377
:1055D0002C6000932149301CEAF784FF0024A0428C
:1055E00015D11D49301CEBF775F91C49061CEAF76B
:1055F00079FF013400280AD11749301CEBF76AF90A
:105600001649EAF76FFF0400601E8441640000261B
:10561000631C0193019BB3420EDB2F680E49381CBB
:10562000EAF760FF00280DD0B44209DD6C600A493A
:10563000381CEBF74FF928600098FEBD0090C9E7D1
:105640006E60F9E70449381CEBF744F9013628602D
:10565000E0E7C0462CFE002000007A4400401C46D3
:1056600030B5194A194B0621525E8DB0184C9A423A
:1056700026DD2378174D002B06D02B78002B01D187
:1056800001332B700DB030BD02AB134A134968468D
:105690000093FFF73DFF08AB114A124906A8069395
:1056A000FFF736FF012206A96846FAF729F906A88E
:1056B0000DF090FF68460DF08DFF01232370E0E7A9
:1056C00000232370DEE7C046443A0120FD7F00003E
:1056D000263A0120003A0120290704081A07040885
:1056E000390704082A070408F7B500260A20F4F74A
:1056F0008CF83500062300277343224A9B18019338
:105700000D20F4F782F8F9B2F0B2FAF7F1FB642455
:10571000FAF7FEF980B20300C8229133FF339BB23F
:10572000920093422BD84519013C2DB2002CEFD1A9
:10573000962128004900EAF799FD7B0005B20199FE
:10574000B0336A42CA52012F17D1012E13D10A2059
:10575000F4F75BF80B4B0B4ADA331978094B8833B3
:105760001B78D31880331878FAF7C2FB0A20F4F7B5
:105770004CF82000FEBD3E00BCE70127C0E7012039
:10578000F8E7C0462CFE002010B5FFF7E7FEFFF754
:10579000ABFF01220400034B1A70FFF7D5FE200077
:1057A00010BDC046003A012070B50A4B0A4CCA33FE
:1057B0001B782568094A9B009958281CEBF794FB35
:1057C000FC218905EBF75EFA011C281CEBF78CFB2A
:1057D000206070BD2CFE0020FC3901205C4A0120B5
:1057E000F8B5174D07682B00164988330600381C9A
:1057F0001C78EBF747FA0C235C432C19A16AEBF7F2
:1058000041FA616AEAF7CCFE391CEBF73BFA216AF0
:10581000EAF7C6FE391CEBF735FA0021041CEAF75B
:1058200061FE002800D000242B00346088331B78F0
:10583000211C9B00E858EBF725FA3060F8BDC04604
:105840002CFE002000007A4410B5074B0749D033E6
:105850001868EBF717FA011CFE208005EBF73AF801
:10586000034B186010BDC0462CFE002000401C45B4
:105870001C3A012010B5FFF771FE0023FF201D49DF
:105880001D4AC85401339342FBD100231B4C1C4AD0
:105890001C495800013322528B42FAD11A4B002482
:1058A0001A810022194B1C60194B1A60FFF7CCFFBC
:1058B000184B194A1C60194B1C60194B1A60194B84
:1058C000DD331A7805235B42534314331BB2164A67
:1058D000A3420DDB13801288144B00241A8001228E
:1058E000134B1A70134B1C70FFF72EFE200010BDD7
:1058F0001480F0E75C3A0120FC0F0000F831012031
:10590000FF7F0000FF030000443A0120F431012032
:10591000583A0120203A012050C30000584A012083
:10592000F83901202CFE0020543A0120503A012081
:10593000003A0120263A012070B50400FFF70EFE60
:105940000022A35E164D00262B800022A35E6B80F2
:105950000022A35EAB800022A35EEB800022A35E48
:105960002B810023E05EEBF7A3FC0E4B6E811860E9
:105970000023E25E0C4B1A8000230C4A53610C4A50
:1059800053610C4B1E60FFF75FFF01220A4B1E6044
:105990000A4B1E700A4B1A70FFF7D6FD70BDC04649
:1059A000443A0120403A0120523A01205C4A012049
:1059B000283A0120584A0120203A0120003A0120CB
:1059C000263A0120634AF0B5130088331B786249F8
:1059D000D31880331C781300DA3318780B788BB027
:1059E000002B05D14B78002B00D069E00BB0F0BD47
:1059F00000255A4B03930027032363433C001B18E5
:105A000058335B00D35E0793554B1E68554B1B689C
:105A10000893554B02215A5E059206215A5E029266
:105A200008229B5E06970193504B04975B1B0097DF
:105A30000993039BAB4247DD4D4BE9180A784B783D
:105A4000120213434B4A1BB2934202D0079A9B188F
:105A50001BB2099A1C1C5353002B00DA00240521A9
:105A6000280024B2EAF7E8FC002914D12000EBF763
:105A70001FFC011C301CEBF737FA0899EBF702F911
:105A8000011C301CEBF730FA061CEBF7F1FB03B2FC
:105A9000059301230493009A231C944201DA6B4678
:105AA0001B881BB20093029B9C4202DD01230294DF
:105AB0000693019B9C4201DA012701940235B8E765
:105AC0002D4B264D039396E7049B274D002B04D0C6
:105AD000234B1E606B469B8A6B80069B002B02D07B
:105AE0006B461B89EB80002F02D06B469B882B8175
:105AF0000423EE5E009B9E4214DA6B461B88AB804B
:105B00000423EA5E1D4B0020195E914200DA1A80E0
:105B10001B4B2C801B78002B00D167E72800FFF778
:105B20000BFF63E73000EBF7C3FB009B071CF01A89
:105B3000EBF7BEFB009B9E420ADD1249EBF7A2F891
:105B4000011C381CEBF7D0F9EBF792FBA880D7E7E4
:105B50000D49F3E72CFE0020243A0120FE07000047
:105B6000403A01201C3A0120443A0120F83101203A
:105B70005C3A0120FF7F0000FC0F0000523A012038
:105B8000003A01209A99193E8FC2753D10B50C4913
:105B9000EBF778F80B49EAF79DFE0B4A110013006A
:105BA00088310978DA3352181B78803212785B001A
:105BB0009B18064A9B009958EAF78CFE10BDC04618
:105BC0008FC21D4000FEFF462CFE00200007040887
:105BD0002B4BF7B51A78002A02D15B78002B4BD0FB
:105BE000284E00250223F05EEBF762FBFFF7CEFFA5
:105BF000254B18606B00F05EEBF75AFBFFF7C6FF12
:105C0000019001A8FFF7ECFD204C019AAB00013593
:105C10001A51052DEED11E4E1E490022B35E1E4ABA
:105C2000DD3212785200525E9A4226DA1B4D23680A
:105C30001B4F2B6063686B600023F85EEBF738FB4B
:105C4000FFF7A4FF019001A8FFF7CAFD019BAB601D
:105C5000E368EB6023692B6100233B80216933807B
:105C6000E068EBF741F96169051CEAF74FFC002891
:105C700002D00A4B65615D61F7BD0133EEE7C046B6
:105C8000243A0120443A0120583A01205C4A01207C
:105C9000503A0120100704082CFE0020283A012069
:105CA000523A012070B5054D054C183D2000183CB6
:105CB0000DF090FCAC42F9D170BDC0461C4B0120E8
:105CC000C44B012070B5054D054C183D2000183C13
:105CD0000DF080FCAC42F9D170BDC04614500120DB
:105CE000BC50012070B5054D054C183D2000183CF6
:105CF0000DF070FCAC42F9D170BDC0467C51012062
:105D0000F451012010B5084C200048300DF062FC21
:105D1000200030300DF05EFC200018300DF05AFCF1
:105D200020000DF057FC10BDC44E012010B5044CEE
:105D3000200018300DF04EFC20000DF04BFC10BD83
:105D40006C4C012010B5044C200018300DF042FCC2
:105D500020000DF03FFC10BDE44F012070B5054D53
:105D6000054C183D2000183C0DF034FCAC42F9D134
:105D700070BDC046AC5701205458012010B50A4CE4
:105D8000200060300DF026FC200048300DF022FC91
:105D9000200030300DF01EFC200018300DF01AFCF1
:105DA00020000DF017FC10BDEC4D012010B50A4C81
:105DB000200060300DF00EFC200048300DF00AFC91
:105DC000200030300DF006FC200018300DF002FCF1
:105DD00020000DF0FFFB10BDE452012010B5044C73
:105DE000200018300DF0F6FB20000DF0F3FB10BD85
:105DF000A453012010B5044C200018300DF0EAFB2C
:105E000020000DF0E7FB10BD2C4D012010B5044C17
:105E1000200018300DF0DEFB20000DF0DBFB10BD84
:105E2000E455012010B5044C200018300DF0D2FBD1
:105E300020000DF0CFFB10BDB44F012010B50A4C6F
:105E4000200060300DF0C6FB200048300DF0C2FB92
:105E5000200030300DF0BEFB200018300DF0BAFBF2
:105E600020000DF0B7FB10BD744D012010B5044C9F
:105E7000200018300DF0AEFB20000DF0ABFB10BD84
:105E80001456012010B5064C200030300DF0A2FB56
:105E9000200018300DF09EFB20000DF09BFB10BD84
:105EA000D453012070B5054D054C183D2000183C19
:105EB0000DF090FBAC42F9D170BDC04624550120D5
:105EC000CC55012010B5044C200018300DF082FB99
:105ED00020000DF07FFB10BD644E012010B5064C74
:105EE000200030300DF076FB200018300DF072FBF2
:105EF00020000DF06FFB10BD5C53012010B5044C69
:105F0000200018300DF066FB20000DF063FB10BD83
:105F1000EC50012010B5044C200018300DF05AFB55
:105F200020000DF057FB10BD8C56012010B5044C1D
:105F3000200018300DF04EFB20000DF04BFB10BD83
:105F4000944E012010B5064C200030300DF042FB7D
:105F5000200018300DF03EFB20000DF03BFB10BD83
:105F6000BC4A012010B502480DF034FB10BDC046FC
:105F7000044B012010B502480DF02CFB10BDC046AB
:105F80000C55012070B5054D054C183D2000183CFE
:105F90000DF020FBAC42F9D170BDC0460C5201207F
:105FA0008452012010B5044C200018300DF012FB73
:105FB00020000DF00FFB10BDBC56012010B5084CA1
:105FC000200048300DF006FB200030300DF002FBC1
:105FD000200018300DF0FEFA20000DF0FBFA10BD85
:105FE0001C51012010B5064C200030300DF0F2FAA3
:105FF000200018300DF0EEFA20000DF0EBFA10BD85
:106000009C52012010B5064C200030300DF0E2FA11
:10601000200018300DF0DEFA20000DF0DBFA10BD84
:106020004456012010B5084C200048300DF0D2FA3B
:10603000200030300DF0CEFA200018300DF0CAFAF2
:1060400020000DF0C7FA10BDF44B012070B5054DCE
:10605000054C183D2000183C0DF0BCFAAC42F9D1BB
:1060600070BDC0469C4C0120144D012070B5054DFB
:10607000054C183D2000183C0DF0ACFAAC42F9D1AB
:1060800070BDC046244F01209C4F012010B5064C26
:10609000200030300DF09EFA200018300DF09AFAF2
:1060A00020000DF097FA10BD744A012070B5054D1F
:1060B000054C183D2000183C0DF08CFAAC42F9D18B
:1060C00070BDC0461C5401209454012010B5084CEA
:1060D000200048300DF07EFA200030300DF07AFAC2
:1060E000200018300DF076FA20000DF073FA10BD84
:1060F000AC54012070B5054D054C183D2000183CEE
:106100000DF068FAAC42F9D170BDC046EC560120E2
:10611000945701200300083373B50360040008009E
:106120000D00EDF7E7F82E1801900F2807D900228F
:1061300001A920000DF032FA019B2060A36032001B
:10614000290020680DF0B7FA0022019B21686360E6
:106150002000CA5476BD000010B59CB0684602F01D
:10616000EEFE01A8F8F7A6FF02A8F2F7CBFA03A803
:1061700002F070FE04A8F8F7C5FF05A8F5F706F9C8
:1061800006A800F0ABFE0FA802F04CFE07A8F9F736
:106190008DFD08A8FFF7D6F909A8F2F7EFF90AA8CC
:1061A000F6F740F90BA8FAF7EDF90CA802F050FE4B
:1061B0000DA8FEF783FA0EA8F9F73EFBF5F742FEAD
:1061C0002B4B00241A00883212789B1880331878E1
:1061D000431E9841C0B202F015FEFFF74BFB254865
:1061E000EDF7D8FBF6F7B2FA082002F035FE224BA5
:1061F00005201C70F8F76CFF204910A8FFF78AFFF4
:106200001F4916A8FFF786FF220016A910A8F9F764
:1062100077FB16A80DF0DEF910A80DF0DBF9F3F707
:1062200071FA0EA8F9F730F80DA8FEF757FA0CA886
:1062300002F00FFE0BA8FAF7AFF908A8FFF783F9F1
:1062400007A8F9F7FEFB0FA802F0DAFD05A8F5F79D
:106250009EF804A8F8F742FF02A8F2F769FA01A82D
:10626000F8F734FF684602F06BFE20001CB010BD4A
:106270002CFE002020890120F23101203A07040879
:10628000E80A0408704710B5FEF710FB10BD10B502
:106290006420F3F7BAFAFFF79BFCFEF737FBFFF732
:1062A000DFF910BD10B5F2F747FB10BDFA2010B5AD
:1062B000F3F7ABFA02F058FE002812D001F070F8A4
:1062C000002807D102F050FE00280AD0FA20F3F788
:1062D0009CFAF3E73220F3F798FA01F0AFFF32208F
:1062E000E6E710BD10B5F2F785F90120F8F7F0FEEA
:1062F00010BD10B5FA20F3F788FA01F0C9F810BD07
:1063000010B5F2F7D7F90120F8F7E2FE10BD70479B
:1063100010B5F6F7A9F810BD064B026810B59A4201
:1063200006D10122044B1A7000225A70FFF74AFB73
:1063300010BDC04600380040243A0120064B0268D8
:1063400010B59A4206D10022044B1A7001325A70DD
:10635000FFF738FB10BDC04600380040243A01204A
:10636000F8B5FD4EFD493000FFF7D4FEFC4CFD4D65
:1063700022002900300006F00FFAFB49FB48FFF726
:10638000C9FEFB49FB48FFF7C5FEFB49FB48FFF789
:10639000C1FEFB4FFB483900FFF7BCFEFA49FB4842
:1063A000FFF7B8FEFA49FB48FFF7B4FEFA49FB488D
:1063B000FFF7B0FEFA49FB48FFF7ACFE2200FA49AE
:1063C000002006F0E9F9F949F948FFF7A3FEF94979
:1063D000F948FFF79FFEF949F948FFF79BFEF94995
:1063E000F948FFF797FEF949F948FFF793FEF94995
:1063F000F948FFF78FFEF949F948FFF78BFEF94995
:10640000F948FFF787FE2200F849002006F0C4F99A
:10641000F749F848FFF77EFEF749F848FFF77AFE9C
:10642000F749F848FFF776FEF749F848FFF772FE9C
:10643000F749F848FFF76EFEF749F848FFF76AFE9C
:106440002200F749002006F0A7F9F64EF649300081
:10645000FFF760FE3000F5491830FFF75BFE3000B3
:10646000F3493030FFF756FE3000F2494830FFF76D
:1064700051FE2200F049002006F08EF9EF4EF0495F
:106480003000FFF747FE3000EE491830FFF742FEBC
:106490002200ED49002006F07FF9EC4EEC49300077
:1064A000FFF738FE3000EB491830FFF733FE2200CB
:1064B000E949002006F070F9E849E948FFF72AFEAB
:1064C000E849E948FFF726FEE849E948FFF722FED8
:1064D000E849E948FFF71EFEE849E948FFF71AFED8
:1064E000E849E948FFF716FEE849E948FFF712FED8
:1064F000E849E948FFF70EFE2200E849002006F0CF
:106500004BF9E74EE7493000FFF704FE3000E6495B
:106510001830FFF7FFFD3000E4493030FFF7FAFD97
:106520003000E3494830FFF7F5FD3000E1496030C5
:10653000FFF7F0FD2200E049002006F02DF9DF4EC4
:10654000DF493000FFF7E6FD3000DE491830FFF785
:10655000E1FD3000DC493030FFF7DCFD3000DB4985
:106560004830FFF7D7FD3000D9496030FFF7D2FD42
:106570002200D849002006F00FF9D74ED749300045
:10658000FFF7C8FD3000D6491830FFF7C3FD2200E1
:10659000D449002006F000F9D34ED4493000FFF76B
:1065A000B9FD3000D2491830FFF7B4FD2200D149BF
:1065B000002006F0F1F8D04ED0493000FFF7AAFDD8
:1065C0003000CF491830FFF7A5FD2200CD4900204B
:1065D00006F0E2F8CC4ECD493000FFF79BFD3000CD
:1065E000CB491830FFF796FD2200CA49002006F07B
:1065F000D3F8C94EC9493000FFF78CFD3000C849B7
:106600001830FFF787FD3000C6493030FFF782FDB4
:106610003000C5494830FFF77DFD3000C349603088
:10662000FFF778FD2200C249002006F0B5F8C14E00
:10663000C1493000FFF76EFD3000C0491830FFF748
:1066400069FD2200BE49002006F0A6F8BD4EBE49F5
:106650003000FFF75FFD3000BC491830FFF75AFDEE
:106660003000BB493030FFF755FD2200B94900200A
:1066700006F092F8B849B948FFF74CFDB849B94857
:10668000FFF748FDB849B948FFF744FDB849B94894
:10669000FFF740FDB849B948FFF73CFDB849B94894
:1066A000FFF738FDB849B948FFF734FDB849B94894
:1066B000FFF730FD2200B849002006F06DF8B74E14
:1066C000B7493000FFF726FD3000B6491830FFF714
:1066D00021FD2200B449002006F05EF8B34EB44913
:1066E0003000FFF717FD3000B2491830FFF712FDF8
:1066F0003000B1493030FFF70DFD2200AF490020D6
:1067000006F04AF8AE4EAF493000FFF703FD300007
:10671000AD491830FFF7FEFC2200AC49002006F01E
:106720003BF8AB4EAB493000FFF7F4FC3000AA4910
:106730001830FFF7EFFC2200A849002006F02CF8E3
:10674000A74EA8493000FFF7E5FC300039001830AB
:10675000FFF7E0FC220047E1DC4B012083E903085E
:1067600000000020EF3702088DE903081C4B0120D0
:1067700095E90308344B01209DE903084C4B0120A7
:10678000A5E90308644B0120ACE903087C4B012018
:10679000B6E90308944B01202DEB0308AC4B012014
:1067A000C0E90308C44B0120A55C0108C5E9030842
:1067B00014500120C8E903082C500120CBE903083C
:1067C00044500120CEE903085C500120D1E90308C0
:1067D00074500120D4E903088C500120D7E9030844
:1067E000A4500120DAE90308BC500120C55C01086F
:1067F000DDE903087C510120E1E9030894510120FF
:10680000E8E90308AC510120F0E90308C451012074
:10681000F9E90308DC51012001EA0308F4510120E1
:10682000E55C0108C44E01200AEA030814EA0308E3
:106830001EEA030828EA0308055D01086C4C0120E4
:106840002EEA030835EA03082D5D0108E44F012014
:1068500039EA030836EC0308455D010835EE030804
:10686000AC5701208BF30308C457012038EE03080E
:10687000DC5701209CF50308F4570120A5F5030817
:106880000C5801203DEA03082458012040EA03087F
:106890003C580120F2430408545801205D5D010872
:1068A000EC4D012043EA03084DEA030856EA0308C9
:1068B00060EA03086AEA03087D5D0108E4520120EA
:1068C00074EA030879EA03087EEA030885EA030804
:1068D0008AEA0308AD5D0108A453012094EA030885
:1068E0009CEA0308DD5D01082C4D0120A3EA0308A2
:1068F000A6EA0308F55D0108E4550120AAEA0308A9
:10690000B2EA03080D5E0108B44F0120B9EA03089A
:10691000BCEA0308255E0108744D0120BFEA0308A4
:10692000C6EA0308CEEA0308D1EA0308DAEA030854
:106930003D5E010814560120E0EA0308E8EA030876
:106940006D5E0108D45301209CFB0308F2EA0308A2
:10695000FBEA0308855E010804EB030824550120C7
:106960000CEB03083C55012014EB0308545501209F
:10697000C4ED03086C5501201EEB0308845501206B
:1069800050EC03089C55012028EB0308B455012066
:1069900032EB0308CC550120A55E0108644E0120AE
:1069A0003CEB030845EB0308C55E01085C5301207E
:1069B0004FEB030858EB030862EB0308DD5E0108A8
:1069C000EC5001206CEB030871EB0308FD5E01083D
:1069D0008C56012077EB03087AEB0308155F01085A
:1069E000944E012024070408BC49002005F0D4FE81
:1069F000BB4EBC493000FFF78DFB3000BA49183060
:106A0000FFF788FB3000B9493030FFF783FB2200E5
:106A1000B749002005F0C0FEB649B748FFF77AFB3A
:106A20002200B649002005F0B7FEB549B548FFF78A
:106A300071FB2200B449002005F0AEFEB349B44812
:106A4000FFF768FBB349B448FFF764FBB349B448A8
:106A5000FFF760FBB349B448FFF75CFBB349B448A8
:106A6000FFF758FBB349B448FFF754FB2200B34982
:106A7000002005F091FEB24EB2493000FFF74AFB0C
:106A80003000B1491830FFF745FB2200AF49002024
:106A900005F082FEAE4EAF493000FFF73BFB300001
:106AA000AD491830FFF736FB3000AC493030FFF706
:106AB00031FB3000AA494830FFF72CFB2200A949DE
:106AC000002005F069FEA84EA8493000FFF722FB20
:106AD0003000A7491830FFF71DFB3000A5493030C2
:106AE000FFF718FB2200A449002005F055FEA34E35
:106AF000A3493000FFF70EFB3000A2491830FFF722
:106B000009FB3000A0493030FFF704FB22009F4909
:106B1000002005F041FE9E4E9E493000FFF7FAFA34
:106B200022002900300005F037FE9B4E9B493000C3
:106B3000FFF7F0FA22002900300005F02DFE984EF4
:106B400098493000FFF7E6FA22002900300005F0EE
:106B500023FE954D95492800FFF7DCFA280094495B
:106B60001830FFF7D7FA280092493030FFF7D2FAF1
:106B7000280091494830FFF7CDFA22008F490020C4
:106B800005F00AFE8E498F48FFF7C4FA8E498F48F8
:106B9000FFF7C0FA8E498F48FFF7BCFA8E498F483D
:106BA000FFF7B8FA8E498F48FFF7B4FA8E498F483D
:106BB000FFF7B0FA22008E49002005F0EDFD8D4967
:106BC0008D48FFF7A7FA8D498D48FFF7A3FA8D4945
:106BD0008D48FFF79FFA8D498D48FFF79BFA8D4D41
:106BE0008D482900FFF796FA8C498D48FFF792FAF5
:106BF00022008C49002005F0CFFD8B4E290030008B
:106C0000FFF788FA300029001830FFF783FA3000C8
:106C100029003030FFF77EFA22008449002005F079
:106C2000BBFD83498348FFF775FA83498348FFF723
:106C300071FA83498348FFF76DFA83498348FFF768
:106C400069FA83498348FFF765FA29008248FFF70C
:106C500061FA22008149002005F09EFD804D8149A6
:106C60002800FFF757FA28007F491830FFF752FA3B
:106C700028007E493030FFF74DFA28007C49483023
:106C8000FFF748FA22007B49002005F085FD7A498C
:106C90007A48FFF73FFA7A497A48FFF73BFA7A4990
:106CA0007A48FFF737FA7A497A48FFF733FA7A4990
:106CB0007A48FFF72FFA7A497A48FFF72BFA7A4990
:106CC0007A48FFF727FA7A497A48FFF723FA220031
:106CD0007949002005F060FDF8BDC0462D5F010830
:106CE000BC4A01207EEB030887EB030890EB030806
:106CF000455F01089AEB0308044B0120655F01081A
:106D0000A4EB03080C550120755F0108AEEB0308E6
:106D10000C520120B2EB030824520120B6EB030809
:106D20003C520120BAEB030854520120BEEB030889
:106D30006C520120C2EB030884520120855F0108D8
:106D4000BC5601206CEB030871EB0308A55F01083A
:106D50001C5101200CEB0308C6EB03082DEB0308C4
:106D6000E4060408BD5F01089C520120CBEB030838
:106D7000D3EB0308DBEB0308E55F01084456012071
:106D8000E3EB0308EAEB0308F1EB030805600108F5
:106D9000544C0120F8EB03085C4D012003EC030880
:106DA000D45001200DEC0308F44B012004ED03083E
:106DB0001CEC030824EC03082BEC030825600108F5
:106DC00032EC03089C4C012039EC0308B44C012040
:106DD000F0E90308CC4C012043EC0308E44C01200B
:106DE0004DEC0308FC4C0120C0E90308144D0120C0
:106DF0004D60010857EC0308244F012063EC0308A1
:106E00003C4F012070EC0308544F01207DEC030837
:106E10006C4F0120E80A0408844F012091EC03081C
:106E20009C4F01206D600108744A01208D600108AB
:106E3000A3EC03081C540120AFEC030834540120D8
:106E4000C2EC03084C540120D5EC03086454012023
:106E5000E2EC03087C54012094540120AD60010849
:106E6000AC540120F8EC030809ED030812ED030807
:106E70001FED0308CD60010858ED0308EC56012012
:106E800066ED0308045701206EED03081C5701202E
:106E900073ED0308345701207BED03084C570120A4
:106EA00083ED0308645701204BEB03087C57012056
:106EB00091ED030894570120F5600108802110B579
:106EC0000400020089010348EDF7CAF8024B1C7068
:106ED00010BDC046000800506C58012010B50400D9
:106EE0000020FFF7EBFF200010BD000070B5054D3E
:106EF000054C183D2000183C0CF06CFBAC42F9D15D
:106F000070BDC04618590120C059012070B5054D0B
:106F1000054C183D2000183C0CF05CFBAC42F9D14C
:106F200070BDC046105E0120B85E012070B5054DF1
:106F3000054C183D2000183C0CF04CFBAC42F9D13C
:106F400070BDC046785F0120F05F012010B5084C8D
:106F5000200048300CF03EFB200030300CF03AFBB3
:106F6000200018300CF036FB20000CF033FB10BD75
:106F7000C05C012010B5044C200018300CF02AFB36
:106F800020000CF027FB10BD685A012010B5044CFE
:106F9000200018300CF01EFB20000CF01BFB10BD75
:106FA000E05D012070B5054D054C183D2000183CF2
:106FB0000CF010FBAC42F9D170BDC046A8650120B1
:106FC0005066012010B50A4C200060300CF002FB26
:106FD000200048300CF0FEFA200030300CF0FAFAB5
:106FE000200018300CF0F6FA20000CF0F3FA10BD77
:106FF000E85B012010B50A4C200060300CF0EAFA82
:10700000200048300CF0E6FA200030300CF0E2FAB4
:10701000200018300CF0DEFA20000CF0DBFA10BD76
:10702000E060012010B5044C200018300CF0D2FABA
:1070300020000CF0CFFA10BDA061012010B5044C67
:10704000200018300CF0C6FA20000CF0C3FA10BD76
:10705000285B012010B5044C200018300CF0BAFA5F
:1070600020000CF0B7FA10BDE063012010B5044C0D
:10707000200018300CF0AEFA20000CF0ABFA10BD76
:10708000B05D012010B50A4C200060300CF0A2FA6F
:10709000200048300CF09EFA200030300CF09AFAB4
:1070A000200018300CF096FA20000CF093FA10BD76
:1070B000705B012010B5044C200018300CF08AFAE7
:1070C00020000CF087FA10BD1064012010B5064CAA
:1070D000200030300CF07EFA200018300CF07AFAE4
:1070E00020000CF077FA10BDD061012070B5054D7D
:1070F000054C183D2000183C0CF06CFAAC42F9D15C
:1071000070BDC04620630120C863012010B5044C47
:10711000200018300CF05EFA20000CF05BFA10BD75
:10712000605C012010B5064C200030300CF052FAA3
:10713000200018300CF04EFA20000CF04BFA10BD75
:107140005861012010B5044C200018300CF042FAB0
:1071500020000CF03FFA10BDE85E012010B5044C91
:10716000200018300CF036FA20000CF033FA10BD75
:107170008864012010B5044C200018300CF02AFA65
:1071800020000CF027FA10BD905C012010B5064CD1
:10719000200030300CF01EFA200018300CF01AFAE3
:1071A00020000CF017FA10BDB858012010B50248A5
:1071B0000CF010FA10BDC0460059012010B502486D
:1071C0000CF008FA10BDC0460863012070B5054DEB
:1071D000054C183D2000183C0CF0FCF9AC42F9D1EC
:1071E00070BDC046086001208060012010B5044CCD
:1071F000200018300CF0EEF920000CF0EBF910BD77
:10720000B864012010B5084C200048300CF0E2F9B9
:10721000200030300CF0DEF9200018300CF0DAF9E4
:1072200020000CF0D7F910BD185F012010B5064CF6
:10723000200030300CF0CEF9200018300CF0CAF9E4
:1072400020000CF0C7F910BD9860012010B5064C65
:10725000200030300CF0BEF9200018300CF0BAF9E4
:1072600020000CF0B7F910BD4064012010B5084CA7
:10727000200048300CF0AEF9200030300CF0AAF9B4
:10728000200018300CF0A6F920000CF0A3F910BD76
:10729000F059012070B5054D054C183D2000183CF3
:1072A0000CF098F9AC42F9D170BDC046985A012053
:1072B000105B012070B5054D054C183D2000183CB1
:1072C0000CF088F9AC42F9D170BDC046205D0120B8
:1072D000985D012010B5064C200030300CF07AF992
:1072E000200018300CF076F920000CF073F910BD76
:1072F0007058012070B5054D054C183D2000183C14
:107300000CF068F9AC42F9D170BDC046186201209A
:107310009062012010B5084C200048300CF05AF95A
:10732000200030300CF056F9200018300CF052F9E3
:1073300020000CF04FF910BDA862012070B5054D7A
:10734000054C183D2000183C0CF044F9AC42F9D132
:1073500070BDC046E8640120906501200300083339
:1073600073B50360040008000D00EBF7C3FF2E188F
:1073700001900F2807D9002201A920000CF00EF976
:10738000019B2060A3603200290020680CF093F973
:107390000022019B216863602000CA5476BD000072
:1073A00030B593B001F0E0FD154D041E03D12870F7
:1073B000200013B030BD134801F02CFE684601F0E8
:1073C00047FE019B002B19D001230F4906A82B7003
:1073D000FFF7C4FF0D490CA8FFF7C0FF00220CA95E
:1073E00006A8F8F78DFA0CA80CF0F4F806A80CF033
:1073F000F1F868462C780CF0EDF8D9E72B70F8E737
:107400003C6701209008040896080408AC080408AA
:107410000C3030B504008DB0010068460BF0DAFC8A
:10742000210006A8009D0BF0D5FC079B280099B20F
:1074300001F0E2FD06A80CF0CDF868460CF0CAF8A1
:107440000DB030BD10B50120F2F7DFF9034801F0AF
:10745000E1FD0120F2F7D9F910BDC0465B08040830
:107460007FB508496846FFF779FF694606480BF083
:1074700070FE68460CF0AEF80021044805F0ECF907
:1074800007B000BDE80A040878660120B466012050
:1074900010B501F057FDF2F7A1F9074B186001F0A4
:1074A00063FD002807D1FFF77BFFFFF7CBFFFFF756
:1074B000D7FF01F0E9FD10BD40670120F0B591B0A4
:1074C000039306AB049300230F00029204AA0190D9
:1074D0000593137201F048FD002856D0FFF7C0FF56
:1074E0002D4C2E4920000BF00CFB200000240299AB
:1074F0000CF09BFC2A490BF004FB039E264DBC427A
:107500000FDA0134210028000BF058FB25490BF05D
:10751000F8FA31000CF089FC23490BF0F2FA183626
:10752000ECE7214928000BF0ECFA204928000BF089
:10753000E8FA1F48FFF76CFFC820F2F766F90AA8BF
:1075400001F0ACFD0AA904A80CF057F90AA80CF048
:1075500041F801F009FD002802D0059B002BEBD07B
:10756000049B1C78303C092C07D8059B012B04D1C7
:10757000019B9C4201DBA74208DA0E4801F04AFD5C
:10758000FA204000F2F741F9A4E7632404A80CF0C4
:1075900021F8200011B0F0BD746601205B080408DA
:1075A000C10A0408CEE80308C30A0408640A0408F0
:1075B0006C660120680A040810B5040018300CF04D
:1075C00009F820000CF006F8200010BD70B504008A
:1075D0000D000CF012F929002000183118300CF0C1
:1075E0000CF92B0030331A78230030331A706B6B90
:1075F0002000636370BD0000F0B5A3B006AD0EAA15
:1076000008ABAA611922069300236A44D37702AA21
:107610000092FA276A4607932B720D930193137217
:10762000BF0001F0A1FC002841D014A801F010FD1A
:10763000159C14A80BF0CEFF002C38D1FFF710FFDB
:107640001F4E204930000BF05CFA1F4930000BF050
:1076500058FA0420F8F7B6F8441FE343DB171C4040
:107660000420F8F7AFF8A0421ADD210014A8F8F7BB
:1076700097F814A92800FFF7A9FF14A8FFF79CFFAB
:10768000290014A8F7F7D2FF14A930000CF0CDFBA5
:107690000E490BF036FA14A80BF09CFF0134DFE71B
:1076A0000B48FFF7B5FE3800F2F7AFF8B9E76846C8
:1076B0000BF090FF2800FFF77FFF23B0F0BDC0461E
:1076C000746601205B08040863080408C30A040800
:1076D0006C6601200023F0B593B005930023461E8D
:1076E0000693062E72D01833190071438B4A039308
:1076F0008A18029201F038FC002800D10BE10CA896
:1077000001F0A6FC0D9F0CA80BF064FF002F00D029
:1077100001E1FFF7A5FE824C824920000BF0F1F950
:10772000814920000BF0EDF9804B07AD187801304E
:10773000EBF75EFB3B0001220095F5F783FB7C49EC
:1077400020000BF0DEF97B490BF0DBF929000BF090
:10775000D8F979490BF0D5F9744B784A1B78290090
:107760009B009858F5F716FF290020000BF0C9F987
:1077700073490BF0C6F9734BB200D35805A80593B3
:10778000FDF702FF069A05992800F6F757FA0299C5
:1077900020000CF04AFB6C490BF0B3F929002000E3
:1077A0000BF0AFF969490BF0ACF9039B069959430B
:1077B000674BC9180CF039FB66490BF0A2F9664813
:1077C000FFF726FEFA20F2F720F893E701F0CCFB52
:1077D000002800D19FE00CA801F03AFC0D9C0CA8F9
:1077E0000BF0F8FE002C00D095E0FFF739FE4C4D71
:1077F0004C4928000BF085F94B4928000BF081F922
:107800004E4F07AE883738780130EBF7F1FA230096
:1078100001220096F5F716FB454928000BF071F997
:1078200044490BF06EF931000BF06BF942490BF053
:1078300068F93B78414A9B0098583100F5F7AAFE59
:10784000310028000BF05DF93D490BF05AF93D4A33
:10785000A300D35807AD05A802930593FDF794FE46
:10786000069A05992800F6F7E9F9182161432B4B90
:107870002B4FC91838000CF0D8FA33490BF041F9F6
:10788000290038000BF03DF930490BF03AF9069B1E
:10789000013402931900182359432D4BC9180CF0D9
:1078A000C4FA2C4E31000BF02CF9062CCFD12B4B07
:1078B0000220185EEBF79CFA0C2201230095F5F7E5
:1078C000C1FA310038000BF01CF925490BF019F909
:1078D00029000BF016F931000BF013F9194B586819
:1078E000EBF7F2FA082310220095F5F7ABFA310016
:1078F00038000BF006F91B490BF003F929000BF0D7
:1079000000F931000BF0FDF81348FFF781FDFA2074
:10791000F1F77BFF5AE713B0F0BDC046E8640120E1
:10792000746601205B08040863080408B4FE0020A4
:107930002A080408CE0704083B0804082CFE00208F
:10794000C10A04085C4A01203C080408F243040808
:10795000A8650120C30A04086C660120443A01208E
:107960003F0804084B08040800B58DB002AB009333
:107970006A46002301931372FA20F1F746FF06A826
:1079800001F066FB06A968460BF037FF06A80BF06E
:1079900021FE01F0E9FA002802D0019B002BEBD078
:1079A00068460BF017FE0DB000BD000070B586B044
:1079B000FFF756FD1E4C1F4D200029000BF0A1F8CB
:1079C0001D4920000BF09DF81C4920000BF099F890
:1079D0001B4920000BF095F81A4920000BF091F894
:1079E000194920000BF08DF8184920000BF089F898
:1079F0001748FFF70DFD684601F02AFB019E684617
:107A00000BF0E8FD002E03D1FA20F1F7FEFEF2E7BD
:107A100001F03AFBFFF724FD290020000BF071F87C
:107A20000C490BF06EF80C490BF06BF806B070BD0A
:107A3000746601205B080408F80804081E0904089D
:107A40004D09040893090408CF090408150A04081D
:107A50006C660120570A04085D0A040870B50D0021
:107A60000400084908480BF04CF829000BF0A6F870
:107A700006490BF046F821000BF0A0F804490BF082
:107A800040F870BDCD07040874660120D0070408D3
:107A90006108040810B5144904000CF081F9134A78
:107AA00000280DD0124920000CF07AF90F4A002866
:107AB00013D0104920000CF073F9002806D10E4AAB
:107AC0001368013B13602368987810BD0B492000B0
:107AD0000CF066F9002803D1074A13680133F1E777
:107AE00023681878F1E7C046B8080408940000201D
:107AF000BC080408C008040890000020C40804085A
:107B0000F0B587B00500FFF7ABFC334C33492000DC
:107B10000AF0F7FF684601F09BFA6846FFF7BAFFE4
:107B2000002800D0012568460BF054FD002D03D03D
:107B30002B4920000AF0E5FF00210800FFF78EFF27
:107B4000284920000AF0DDFF274920000AF0D9FF6C
:107B5000264E200031000AF0D4FF00252900002025
:107B6000FFF77CFF224F200039000AF0CAFF2900EE
:107B70006720FFF773FF0135390020000AF0C1FFCD
:107B8000162DEBD115210020FFF768FF31002000F2
:107B90000AF0B7FF174B1968174B1868FFF75EFF1D
:107BA000164920000AF0ADFF00210800FFF756FF3C
:107BB000134920000AF0A5FF124B04001868E9F7EA
:107BC00057FB010020000AF0F9FF00210800FFF731
:107BD00045FF07B0F0BDC046746601204A0704089F
:107BE0005B0804085D0A0408530704085C070408DE
:107BF000F14304089400002090000020BCEB03082F
:107C0000C50704086866012010B50020FFF778FF5B
:107C10000248FFF7FDFBFFF723FC10BD6C66012057
:107C200010B5284904000CF0BBF8002804D1052148
:107C30000330F0F7D3FD10BD234920000CF0B0F85D
:107C4000002802D105210930F3E7204920000CF07B
:107C5000A7F8002802D105210A30EAE71C492000D4
:107C60000CF09EF8002802D105210130E1E7194906
:107C700020000CF095F8002802D105210230D8E749
:107C8000154920000CF08CF8002802D105210430A1
:107C9000CFE7124920000CF083F80521002806D018
:107CA0000F4920000CF07CF8002802D16421083034
:107CB000BFE70C4920000CF073F80028BBD1052168
:107CC0000C30B6E76B52040856EB0308E4FF0308D8
:107CD000B8080408BC080408C0080408C40804085C
:107CE000F24304080552040810B50CF059F8434259
:107CF0005841C0B210BD000030B5A9B00CAC14AAF8
:107D00000EABA26131220C9300236A44D37702AAFE
:107D100000926A460D93237213930193137201F03C
:107D200023F9002864D0FFF79BFB354D3549280027
:107D30000AF0E7FE344928000AF0E3FE3349280040
:107D40000AF0DFFE3248FFF763FB00250420F7F757
:107D500039FDA84225DD29001AA8F7F721FD1AA947
:107D60002000FFF733FC1AA8FFF726FC210006A825
:107D7000F7F75CFC274906A80BF064FF01001AA87E
:107D80000BF01BFD1AA968460BF037FD1AA80BF083
:107D900021FC06A80BF01EFC684601F04BF90135EA
:107DA000D4E701F0E1F80028B9D01AA801F050F9A1
:107DB0001AA968460BF021FD1AA80BF00BFC164916
:107DC0006846FFF791FF0028A9D114496846FFF7DC
:107DD0008BFF0028A3D10F496846FFF785FF0028D5
:107DE0009DD1019B002B03D1C830F1F70EFDD8E7E0
:107DF00068460BF0EFFB2000FFF7DEFB29B030BD3B
:107E0000746601205B0804087A0A0408930A0408CF
:107E10006C660120C30A0408130A0408C40A040893
:107E200030B543689DB00400002B02D100201DB086
:107E300030BD494D2900FFF757FF002848D002AB5D
:107E40006A4600930023137208AA06926A4601321A
:107E5000D3772900200001930793FFF745FF0028FF
:107E600049D13E492000FFF73FFF002843D1FA25C2
:107E7000AD0001F079F8002867D00EA801F0E8F80D
:107E80000F9C0EA80BF0A6FB002C5ED1FFF7E8FAC2
:107E90000420F7F797FCA0424EDD21000EA8F7F76B
:107EA0007FFC0EA96846FFF791FB0EA8FFF784FB45
:107EB00069460EA8F7F7BAFB0EA929480BF0B5FFE3
:107EC00028490AF01EFE0EA80BF084FB0134DFE700
:107ED00022492000FFF708FF0028B0D122492000E6
:107EE000FFF702FF0028AAD120492000FFF7FCFE7F
:107EF0000028A4D19AE700240420F7F763FCA042ED
:107F000025DD21000EA8F7F74BFC0EA96846FFF708
:107F10005DFB0EA8FFF750FB69460EA8F7F786FB3E
:107F20000EA90F480BF081FF0E490AF0EAFD0EA8DA
:107F30000BF050FB0134DFE7FFF784FA0C48FFF742
:107F400067FA2800F1F761FC93E7FFF789FA6846C2
:107F5000FFF732FB01206AE7D2070408DC070408B8
:107F600074660120C30A0408DF070408EA0704084E
:107F70006C66012030B58DB0FFF772FA1E4C1F49B8
:107F800020000AF0BEFD1E4920000AF0BAFD1D4C7B
:107F90002000FFF73DFA02AB6A460093002306A8D3
:107FA0001372019301F07AF806A968460BF025FCDC
:107FB00006A80BF00FFB019B002B02D10120F1F76B
:107FC00024FC694606A80BF023FF06A8FFF728FF4C
:107FD000050006A80BF0FEFA2000FFF719FA002DA5
:107FE00006D0FFF7C1FC68460BF0F4FA0DB030BDC7
:107FF0006420F1F70AFCF6E7746601205B080408C8
:10800000C80804086C660120F0B5574CA54404ABC1
:108010000293002302AA1372039301F035F800F0D3
:10802000A3FF524C002800D18CE0FFF719FA002181
:108030000800FFF713FD4E4920000AF062FD4D498C
:108040000AF05FFD4C4B1E78002E03D11520F1F78E
:10805000DCFBF7E780220EADD200484928001FF074
:1080600021FB0023FFAF3C37E95CDA5D914205D18B
:1080700080220133D2009342F6D1002608A800F0F6
:10808000E7FF08A902A80BF0B8FB08A80BF0A2FABA
:1080900000F0FAFF039800284BD002A8FFF7C0FDBC
:1080A000374902A8FFF720FE00284BD1354902A826
:1080B000FFF71AFE002801D0FFF778FC002E34D01D
:1080C000802238000027D20029001FF0EBFA0EAB07
:1080D000009300250123AB4000260193009B019AE9
:1080E0009B5D1A4229D0284920000AF00AFD01367A
:1080F000802EF3D1254AEB19934203D02449200066
:108100000AF0FFFC0135082DE4D1FF2380371F4220
:1081100004D12048FFF77CF9FFF7A2F9009B8033D8
:1081200000938023DB009F42D3D16420F1F76DFBE5
:1081300075E70100F0F752FBC0E7202120000AF0AC
:10814000D7FCD4E7FA20C000F1F75FFB124920000A
:108150000AF0D7FC0F48FFF75BF902A80BF03AFAD8
:108160000E4B9D44F0BDC046C4F7FFFF746601206E
:10817000570A04085D0A040809150120060D0120AC
:10818000ED08040880FC0308EF08040887030000DA
:10819000C30A04086C660120F30804083C080000C8
:1081A00010B58CB002AB6A46009300231E491372CF
:1081B00006A80193FFF7D2F81C4B06AA0421012060
:1081C000FFF77CF9040006A80BF004FA601E0328F0
:1081D00025D8E7F7A3FF020A0D210520FFF70CFAC7
:1081E00068460BF0F7F90CB010BDFFF785FDF7E717
:1081F0000F4906A8FFF7B2F80E4B06AA0821012086
:10820000FFF75CF9040006A80BF0E4F9082CE7D0AE
:108210002000FFF75FFAE3E7FFF7F6FEE0E7064826
:1082200000F0F8FEDCE7C046EE070408A862012073
:1082300001080408E86401201408040810B500F0DF
:1082400093FE002809D00D4B1A00C9321278012A7A
:1082500007D0002A02D0022A06D010BDFFF7A0FFE7
:10826000FBE7FFF787FEF8E7CA331B78044A9B0059
:108270009A58044B1A60FFF7C7FCEEE72CFE00206B
:108280005C4A012068660120F8B5FD4EFD493000CA
:10829000FFF764F8FC4CFD4D22002900300004F08B
:1082A0007BFAFB49FB48FFF759F8FB49FB48FFF70E
:1082B00055F8FB49FB48FFF751F8FB4FFB483900E5
:1082C000FFF74CF8FA49FB48FFF748F8FA49FB4832
:1082D000FFF744F8FA49FB48FFF740F8FA49FB4832
:1082E000FFF73CF82200FA49002004F055FAF9495A
:1082F000F948FFF733F8F949F948FFF72FF8F9493A
:10830000F948FFF72BF8F949F948FFF727F8F94939
:10831000F948FFF723F8F949F948FFF71FF8F94939
:10832000F948FFF71BF8F949F948FFF717F8220059
:10833000F849002004F030FAF749F848FFF70EF842
:10834000F749F848FFF70AF8F749F848FFF706F841
:10835000F749F848FFF702F8F749F848FEF7FEFF3B
:10836000F749F848FEF7FAFF2200F749002004F029
:1083700013FAF64EF6493000FEF7F0FF3000F549EB
:108380001830FEF7EBFF3000F3493030FEF7E6FF20
:108390003000F2494830FEF7E1FF2200F0490020AA
:1083A00004F0FAF9EF4EF0493000FEF7D7FF300045
:1083B000EE491830FEF7D2FF2200ED49002004F00C
:1083C000EBF9EC4EEC493000FEF7C8FF3000EB490A
:1083D0001830FEF7C3FF2200E949002004F0DCF961
:1083E000E849E948FEF7BAFFE849E948FEF7B6FF71
:1083F000E849E948FEF7B2FFE849E948FEF7AEFF71
:10840000E849E948FEF7AAFFE849E948FEF7A6FF70
:10841000E849E948FEF7A2FFE849E948FEF79EFF70
:108420002200E849002004F0B7F9E74EE7493000A0
:10843000FEF794FF3000E6491830FEF78FFF30005A
:10844000E4493030FEF78AFF3000E3494830FEF758
:1084500085FF3000E1496030FEF780FF2200E049EF
:10846000002004F099F9DF4EDF493000FEF776FF77
:108470003000DE491830FEF771FF3000DC49303043
:10848000FEF76CFF3000DB494830FEF767FF300035
:10849000D9496030FEF762FF2200D849002004F07D
:1084A0007BF9D74ED7493000FEF758FF3000D64948
:1084B0001830FEF753FF2200D449002004F06CF975
:1084C000D34ED4493000FEF749FF3000D24918306E
:1084D000FEF744FF2200D149002004F05DF9D04EA0
:1084E000D0493000FEF73AFF3000CF491830FEF790
:1084F00035FF2200CD49002004F04EF9CC4ECD4985
:108500003000FEF72BFF3000CB491830FEF726FF76
:108510002200CA49002004F03FF9C94EC949300081
:10852000FEF71CFF3000C8491830FEF717FF300077
:10853000C6493030FEF712FF3000C5494830FEF71B
:108540000DFF3000C3496030FEF708FF2200C2492A
:10855000002004F021F9C14EC1493000FEF7FEFEB3
:108560003000C0491830FEF7F9FE2200BE49002055
:1085700004F012F9BD4EBE493000FEF7EFFE3000A8
:10858000BC491830FEF7EAFE3000BB493030FEF738
:10859000E5FE2200B949002004F0FEF8B849B948C8
:1085A000FEF7DCFEB849B948FEF7D8FEB849B9482D
:1085B000FEF7D4FEB849B948FEF7D0FEB849B9482D
:1085C000FEF7CCFEB849B948FEF7C8FEB849B9482D
:1085D000FEF7C4FEB849B948FEF7C0FE2200B8490C
:1085E000002004F0D9F8B74EB7493000FEF7B6FEC8
:1085F0003000B6491830FEF7B1FE2200B449002021
:1086000004F0CAF8B34EB4493000FEF7A7FE3000BC
:10861000B2491830FEF7A2FE3000B1493030FEF703
:108620009DFE2200AF49002004F0B6F8AE4EAF49DF
:108630003000FEF793FE3000AD491830FEF78EFE95
:108640002200AC49002004F0A7F8AB4EAB49300043
:10865000FEF784FE3000AA491830FEF77FFE2200A4
:10866000A849002004F098F8A74EA8493000FEF76A
:1086700075FE300039001830FEF770FE220047E129
:10868000D859012083E9030800000020EF370208D1
:108690008DE903081859012095E903083059012094
:1086A0009DE9030848590120A5E903086059012004
:1086B000ACE9030878590120B6E903089059012074
:1086C0002DEB0308A8590120C0E90308C059012077
:1086D000ED6E0108C5E90308105E0120C8E9030832
:1086E000285E0120CBE90308405E0120CEE90308A3
:1086F000585E0120D1E90308705E0120D4E9030827
:10870000885E0120D7E90308A05E0120DAE90308AA
:10871000B85E01200D6F0108DDE90308785F0120D4
:10872000E1E90308905F0120E8E90308A85F012060
:10873000F0E90308C05F0120F9E90308D85F0120D0
:1087400001EA0308F05F01202D6F0108C05C0120E1
:108750000AEA030814EA03081EEA030828EA0308E1
:108760004D6F0108685A01202EEA030835EA030814
:10877000756F0108E05D012039EA030836EC030853
:108780008D6F010835EE0308A86501208BF30308FF
:10879000C065012038EE0308D86501209CF5030868
:1087A000F0650120A5F50308086601203DEA0308ED
:1087B0002066012040EA030838660120F2430408DD
:1087C00050660120A56F0108E85B012043EA030819
:1087D0004DEA030856EA030860EA03086AEA030858
:1087E000C56F0108E060012074EA030879EA030814
:1087F0007EEA030885EA03088AEA0308F56F0108A0
:10880000A061012094EA03089CEA0308257001088E
:10881000285B0120A3EA0308A6EA03083D700108CB
:10882000E0630120AAEA0308B2EA030855700108D0
:10883000B05D0120B9EA0308BCEA03086D700108C5
:10884000705B0120BFEA0308C6EA0308CEEA03080A
:10885000D1EA0308DAEA03088570010810640120F0
:10886000E0EA0308E8EA0308B5700108D0610120D6
:108870009CFB0308F2EA0308FBEA0308CD70010839
:1088800004EB0308206301200CEB0308386301208C
:1088900014EB030850630120C4ED03086863012052
:1088A0001EEB03088063012050EC0308986301204D
:1088B00028EB0308B063012032EB0308C8630120F2
:1088C000ED700108605C01203CEB030845EB0308F8
:1088D0000D710108586101204FEB030858EB0308A4
:1088E00062EB030825710108E85E01206CEB0308C8
:1088F00071EB0308457101088864012077EB0308D8
:108900007AEB03085D710108905C012024070408DC
:10891000C149002003F040FFC04EC1493000FEF7BE
:108920001DFD3000BF491830FEF718FD3000BE496C
:108930003030FEF713FD2200BC49002003F02CFF6D
:10894000BB49BC48FEF70AFD2200BB49002003F0EA
:1089500023FFBA49BA48FEF701FD2200B9490020B9
:1089600003F01AFFB849B948FEF7F8FCB849B9480E
:10897000FEF7F4FCB849B948FEF7F0FCB849B9482D
:10898000FEF7ECFCB849B948FEF7E8FCB849B9482D
:10899000FEF7E4FC2200B849002003F0FDFEB74ECC
:1089A000B7493000FEF7DAFC3000B6491830FEF760
:1089B000D5FC2200B449002003F0EEFEB34EB449CA
:1089C0003000FEF7CBFC3000B2491830FEF7C6FC91
:1089D0003000B1493030FEF7C1FC3000AF494830BB
:1089E000FEF7BCFC2200AE49002003F0D5FEAD4EE0
:1089F000AD493000FEF7B2FC3000AC491830FEF74C
:108A0000ADFC3000AA493030FEF7A8FC2200A9498D
:108A1000002003F0C1FEA84EA8493000FEF79EFCDE
:108A20003000A7491830FEF799FC3000A5493030D6
:108A3000FEF794FC2200A449002003F0ADFEA34EF3
:108A4000A3493000FEF78AFC22002900300003F021
:108A5000A3FEA04EA0493000FEF780FC22002900B2
:108A6000300003F099FE9D4E9D493000FEF776FCE4
:108A700022002900300003F08FFE9A4D9A49280009
:108A8000FEF76CFC280099491830FEF767FC2800B7
:108A900097493030FEF762FC280096494830FEF7CF
:108AA0005DFC22009449002003F076FE934994482F
:108AB000FEF754FC93499448FEF750FC93499448C0
:108AC000FEF74CFC93499448FEF748FC93499448C0
:108AD000FEF744FC93499448FEF740FC220093497A
:108AE000002003F059FE92499248FEF737FC924964
:108AF0009248FEF733FC92499248FEF72FFC9249C8
:108B00009248FEF72BFC924D92482900FEF726FC76
:108B100091499248FEF722FC22009149002003F07F
:108B20003BFE904E29003000FEF718FC3000290073
:108B30001830FEF713FC300029003030FEF70EFC31
:108B400022008949002003F027FE88498848FEF763
:108B500005FC88498848FEF701FC88498848FEF7EB
:108B6000FDFB88498848FEF7F9FB88498848FEF7ED
:108B7000F5FB29008748FEF7F1FB2200864900201B
:108B800003F00AFE854D86492800FEF7E7FB280022
:108B900084491830FEF7E2FB280083493030FEF7A5
:108BA000DDFB280081494830FEF7D8FB22008049D0
:108BB000002003F0F1FD7F497F48FEF7CFFB7F499E
:108BC0007F48FEF7CBFB7F497F48FEF7C7FB7F4915
:108BD0007F48FEF7C3FB7F497F48FEF7BFFB7F4915
:108BE0007F48FEF7BBFB7F497F48FEF7B7FB7F4915
:108BF0007F48FEF7B3FB22007E49002003F0CCFD46
:108C00007D4D182128000AF037FB280022007B49FF
:108C100003F0C2FDF8BDC04675710108B8580120C7
:108C20007EEB030887EB030890EB03088D710108C6
:108C30009AEB030800590120AD710108A4EB030869
:108C400008630120BD710108AEEB03080860012034
:108C5000B2EB030820600120B6EB03083860012066
:108C6000BAEB030850600120BEEB030868600120E6
:108C7000C2EB030880600120CD710108B8640120B7
:108C80006CEB030871EB0308ED710108185F01201C
:108C90000CEB0308C6EB03082DEB0308E4060408FD
:108CA0000572010898600120CBEB0308D3EB0308A1
:108CB000DBEB03082D72010840640120E3EB03089D
:108CC000EAEB0308F1EB03084D720108505A01204A
:108CD000F8EB0308585B012003EC0308D05E012089
:108CE0000DEC0308F059012004ED03081CEC030807
:108CF00024EC03082BEC03086D72010832EC030826
:108D0000985A012039EC0308B05A0120F0E9030811
:108D1000C85A012043EC0308E05A01204DEC030837
:108D2000F85A0120C0E90308105B01209572010880
:108D300057EC0308205D012063EC0308385D012037
:108D400070EC0308505D01207DEC0308685D012094
:108D5000E80A0408805D012091EC0308985D012079
:108D6000B572010870580120D5720108A3EC030800
:108D700018620120AFEC030830620120C2EC030846
:108D800048620120D5EC030860620120E2EC030890
:108D90007862012090620120F5720108A86201202A
:108DA000F8EC030809ED030812ED03081FED0308B2
:108DB0001573010858ED0308E864012066ED030807
:108DC000006501206EED03081865012073ED0308AE
:108DD000306501207BED03084865012083ED030821
:108DE000606501204BEB03087865012091ED0308D5
:108DF000906501203D7301086C660120293302084B
:108E0000704700000122802110B5044B42401870C9
:108E100049000348EBF724F910BDC046486A012019
:108E2000000C0050084B10B51A008832127804006C
:108E30009B1880331878431E9841044BC0B21870B9
:108E4000FFF7E0FF200010BD2CFE0020486A012043
:108E5000704770477047000010B50448EEF7F8F807
:108E600000210348EEF77CFC10BDC0466094012051
:108E7000C893012010B5072808D008280AD0062872
:108E800007D100210548EEF76BFC02E00448EEF73D
:108E9000DFF810BD0248EEF7DBF8F2E7C8930120D7
:108EA00060940120043810B5042807D8E7F736F994
:108EB00003060A0307000648EEF700F910BD044850
:108EC000EEF7FCF800210348EEF7A0FCF6E7C046F9
:108ED00060940120C893012010B5062808D1054BE5
:108EE0004943D86848436421E7F736F9024B586391
:108EF00010BDC046C8930120002000400300083385
:108F000073B50360040008000D00EAF7F3F92E18AA
:108F100001900F2807D9002201A920000AF03EFB8A
:108F2000019B2060A3603200290020680AF0C3FB87
:108F30000022019B216863602000CA5476BD7047FF
:108F400070470000802110B549000548EBF782F812
:108F5000044B012801D1187010BD00221A70FBE7E4
:108F600000080050496A0120802130B549008DB0C9
:108F70001C48EBF76FF81C4C01281AD12578002DFE
:108F800012D11A496846FFF7B9FF194906A8FFF739
:108F9000B5FF2A0006A96846F6F7B2FC06A80AF053
:108FA00019FB68460AF016FB0123237020780DB0E8
:108FB00030BD2378002B12D00E496846FFF79EFF84
:108FC0000B4906A8FFF79AFF002206A96846F6F7A4
:108FD00097FC06A80AF0FEFA68460AF0FBFA00239E
:108FE000E3E7C04600080050496A0120C60A0408A9
:108FF000E80A0408D40A040870B50D000400012032
:10900000F0F703FC29002000F1F794FF0120F0F7AE
:10901000FCFB70BD10B504000120F0F7F6FB20004A
:10902000EAF768F981B22000F1F784FF0120F0F738
:10903000ECFB10BD10B504000120F0F7E6FB6368FF
:10904000206899B2F1F776FF0120F0F7DEFB10BD42
:109050000300083370B5036000230400094D43602A
:10906000037229000AF004FE6368002B02D001207D
:10907000F0F7CBFB2800626800211EF02FFB2000D8
:1090800070BDC046EC8901207FB56846FFF7E0FF60
:1090900068460AF09FFA07B000BD0000030030B533
:1090A0008DB0083302AA0360009200236A460400D0
:1090B0004360037201931372FFF756FF002827D015
:1090C00006A8FFF7C5FF06A968460AF096FB06A8A2
:1090D0000AF080FA254D684629000AF061FE002852
:1090E00003D0694620000AF092FD6368002B09D086
:1090F0001F4968460AF054FE00280FD120000AF0EC
:109100000DFC05E0290068460AF04AFE0028EFD071
:1091100068460AF05FFA20000DB030BD1549684678
:109120000AF03EFE0028E9D06368002B14D0290025
:1091300068460AF035FE002812D10F4968460AF049
:1091400013FD6368002B04D0019B009899B2FFF7D0
:1091500053FF20000AF0E2FB6420F0F756FBABE778
:10916000019B009899B2FFF747FFF5E7E70A04086B
:10917000C40A0408130A0408E50A040870B5054D7A
:10918000054C183D2000183C0AF024FAAC42F9D1F5
:1091900070BDC046F46A01209C6B012070B5054D7E
:1091A000054C183D2000183C0AF014FAAC42F9D1E5
:1091B00070BDC046EC6F01209470012070B5054D64
:1091C000054C183D2000183C0AF004FAAC42F9D1D5
:1091D00070BDC04654710120CC71012010B5084CFF
:1091E000200048300AF0F6F9200030300AF0F2F999
:1091F000200018300AF0EEF920000AF0EBF910BD5B
:109200009C6E012010B5044C200018300AF0E2F9E1
:1092100020000AF0DFF910BD446C012010B5044CA9
:10922000200018300AF0D6F920000AF0D3F910BD5A
:10923000BC6F012070B5054D054C183D2000183C51
:109240000AF0C8F9AC42F9D170BDC046847701205C
:109250002C78012010B50A4C200060300AF0BAF9D1
:10926000200048300AF0B6F9200030300AF0B2F998
:10927000200018300AF0AEF920000AF0ABF910BD5A
:10928000C46D012010B50A4C200060300AF0A2F92C
:10929000200048300AF09EF9200030300AF09AF998
:1092A000200018300AF096F920000AF093F910BD5A
:1092B000BC72012010B5044C200018300AF08AF965
:1092C00020000AF087F910BD7C73012010B5044C12
:1092D000200018300AF07EF920000AF07BF910BD5A
:1092E000046D012010B5044C200018300AF072F90A
:1092F00020000AF06FF910BDBC75012010B5044CB8
:10930000200018300AF066F920000AF063F910BD59
:109310008C6F012010B50A4C200060300AF05AF919
:10932000200048300AF056F9200030300AF052F997
:10933000200018300AF04EF920000AF04BF910BD59
:109340004C6D012010B5044C200018300AF042F991
:1093500020000AF03FF910BDEC75012010B5064C55
:10936000200030300AF036F9200018300AF032F9C7
:1093700020000AF02FF910BDAC73012070B5054D27
:10938000054C183D2000183C0AF024F9AC42F9D1F4
:1093900070BDC046FC740120A475012010B5044CBA
:1093A000200018300AF016F920000AF013F910BD59
:1093B0003C6E012010B5064C200030300AF00AF94E
:1093C000200018300AF006F920000AF003F910BD59
:1093D0003473012010B5044C200018300AF0FAF85C
:1093E00020000AF0F7F810BDC470012010B5044C3D
:1093F000200018300AF0EEF820000AF0EBF810BD5B
:109400006476012010B5044C200018300AF0E2F810
:1094100020000AF0DFF810BD6C6E012010B5064C7C
:10942000200030300AF0D6F8200018300AF0D2F8C8
:1094300020000AF0CFF810BD946A012010B5024850
:109440000AF0C8F810BDC046DC6A012010B5024819
:109450000AF0C0F810BDC046E474012070B5054D97
:10946000054C183D2000183C0AF0B4F8AC42F9D184
:1094700070BDC046E47101205C72012010B5044C3F
:10948000200018300AF0A6F820000AF0A3F810BD5A
:109490009476012010B5084C200048300AF09AF864
:1094A000200030300AF096F8200018300AF092F8C8
:1094B00020000AF08FF810BDF470012010B5064CA2
:1094C000200030300AF086F8200018300AF082F8C8
:1094D00020000AF07FF810BD7472012010B5064C10
:1094E000200030300AF076F8200018300AF072F8C8
:1094F00020000AF06FF810BD1C76012010B5084C52
:10950000200048300AF066F8200030300AF062F897
:10951000200018300AF05EF820000AF05BF810BD59
:10952000CC6B012070B5054D054C183D2000183C52
:109530000AF050F8AC42F9D170BDC046746C0120FD
:10954000EC6C012070B5054D054C183D2000183C11
:109550000AF040F8AC42F9D170BDC046FC6E012063
:10956000746F012010B5064C200030300AF032F83C
:10957000200018300AF02EF820000AF02BF810BD59
:109580004C6A012070B5054D054C183D2000183C73
:109590000AF020F8AC42F9D170BDC046F473012046
:1095A0006C74012010B5084C200048300AF012F805
:1095B000200030300AF00EF8200018300AF00AF8C7
:1095C00020000AF007F810BD8474012070B5054D25
:1095D000054C183D2000183C09F0FCFFAC42F9D1C5
:1095E00070BDC046C47601206C77012003000833AB
:1095F00073B50360040008000D00E9F77BFE2E1828
:1096000001900F2807D9002201A9200009F0C6FF08
:10961000019B2060A3603200290020680AF04BF80B
:109620000022019B216863602000CA5476BD0000BF
:10963000F8B5FD4EFD493000FFF7D8FFFC4CFD4D5D
:1096400022002900300003F0A7F8FB49FB48FFF790
:10965000CDFFFB49FB48FFF7C9FFFB49FB48FFF77C
:10966000C5FFFB4FFB483900FFF7C0FFFA49FB4835
:10967000FFF7BCFFFA49FB48FFF7B8FFFA49FB4880
:10968000FFF7B4FFFA49FB48FFF7B0FF2200FA49A1
:10969000002003F081F8F949F948FFF7A7FFF949DD
:1096A000F948FFF7A3FFF949F948FFF79FFFF94988
:1096B000F948FFF79BFFF949F948FFF797FFF94988
:1096C000F948FFF793FFF949F948FFF78FFFF94988
:1096D000F948FFF78BFF2200F849002003F05CF8FF
:1096E000F749F848FFF782FFF749F848FFF77EFF90
:1096F000F749F848FFF77AFFF749F848FFF776FF90
:10970000F749F848FFF772FFF749F848FFF76EFF8F
:109710002200F749002003F03FF8F64EF6493000EA
:10972000FFF764FF3000F5491830FFF75FFF3000A6
:10973000F3493030FFF75AFF3000F2494830FFF765
:1097400055FF2200F049002003F026F8EF4EF049C3
:109750003000FFF74BFF3000EE491830FFF746FFAF
:109760002200ED49002003F017F8EC4EEC493000E0
:10977000FFF73CFF3000EB491830FFF737FF2200BE
:10978000E949002003F008F8E849E948FFF72EFF0F
:10979000E849E948FFF72AFFE849E948FFF726FFCB
:1097A000E849E948FFF722FFE849E948FFF71EFFCB
:1097B000E849E948FFF71AFFE849E948FFF716FFCB
:1097C000E849E948FFF712FF2200E849002002F0CB
:1097D000E3FFE74EE7493000FFF708FF3000E649B6
:1097E0001830FFF703FF3000E4493030FFF7FEFE8A
:1097F0003000E3494830FFF7F9FE3000E1496030BE
:10980000FFF7F4FE2200E049002002F0C5FFDF4E22
:10981000DF493000FFF7EAFE3000DE491830FFF77D
:10982000E5FE3000DC493030FFF7E0FE3000DB4978
:109830004830FFF7DBFE3000D9496030FFF7D6FE35
:109840002200D849002002F0A7FFD74ED7493000A8
:10985000FFF7CCFE3000D6491830FFF7C7FE2200D4
:10986000D449002002F098FFD34ED4493000FFF7CE
:10987000BDFE3000D2491830FFF7B8FE2200D149B2
:10988000002002F089FFD04ED0493000FFF7AEFE35
:109890003000CF491830FFF7A9FE2200CD49002043
:1098A00002F07AFFCC4ECD493000FFF79FFE30002A
:1098B000CB491830FFF79AFE2200CA49002002F077
:1098C0006BFFC94EC9493000FFF790FE3000C84910
:1098D0001830FFF78BFE3000C6493030FFF786FEA8
:1098E0003000C5494830FFF781FE3000C349603081
:1098F000FFF77CFE2200C249002002F04DFFC14E5E
:10990000C1493000FFF772FE3000C0491830FFF740
:109910006DFE2200BE49002002F03EFFBD4EBE4952
:109920003000FFF763FE3000BC491830FFF75EFEE1
:109930003000BB493030FFF759FE2200B949002002
:1099400002F02AFFB849B948FFF750FEB849B948B4
:10995000FFF74CFEB849B948FFF748FEB849B94887
:10996000FFF744FEB849B948FFF740FEB849B94887
:10997000FFF73CFEB849B948FFF738FEB849B94887
:10998000FFF734FE2200B849002002F005FFB74E71
:10999000B7493000FFF72AFE3000B6491830FFF70C
:1099A00025FE2200B449002002F0F6FEB34EB44971
:1099B0003000FFF71BFE3000B2491830FFF716FEEB
:1099C0003000B1493030FFF711FE2200AF490020CE
:1099D00002F0E2FEAE4EAF493000FFF707FE300066
:1099E000AD491830FFF702FE2200AC49002002F01A
:1099F000D3FEAB4EAB493000FFF7F8FD3000AA496B
:109A00001830FFF7F3FD2200A849002002F0C4FE41
:109A1000A74EA8493000FFF7E9FD300039001830A3
:109A2000FFF7E4FD220047E1B46B012083E903085E
:109A300000000020EF3702088DE90308F46A0120D6
:109A400095E903080C6B01209DE90308246B0120B4
:109A5000A5E903083C6B0120ACE90308546B012025
:109A6000B6E903086C6B01202DEB0308846B012021
:109A7000C0E903089C6B01207D910108C5E903083A
:109A8000EC6F0120C8E9030804700120CBE903084A
:109A90001C700120CEE9030834700120D1E90308CD
:109AA0004C700120D4E9030864700120D7E9030851
:109AB0007C700120DAE90308947001209D9101086F
:109AC000DDE9030854710120E1E903086C7101200C
:109AD000E8E9030884710120F0E903089C71012082
:109AE000F9E90308B471012001EA0308CC710120EF
:109AF000BD9101089C6E01200AEA030814EA0308DC
:109B00001EEA030828EA0308DD910108446C0120DD
:109B10002EEA030835EA030805920108BC6F01200C
:109B200039EA030836EC03081D92010835EE0308F4
:109B3000847701208BF303089C77012038EE03081B
:109B4000B47701209CF50308CC770120A5F5030824
:109B5000E47701203DEA0308FC77012040EA03088E
:109B600014780120F24304082C7801203592010872
:109B7000C46D012043EA03084DEA030856EA0308CE
:109B800060EA03086AEA030855920108BC720120E2
:109B900074EA030879EA03087EEA030885EA030801
:109BA0008AEA0308859201087C73012094EA03087D
:109BB0009CEA0308B5920108046D0120A3EA03089A
:109BC000A6EA0308CD920108BC750120AAEA0308A1
:109BD000B2EA0308E59201088C6F0120B9EA030894
:109BE000BCEA0308FD9201084C6D0120BFEA03089E
:109BF000C6EA0308CEEA0308D1EA0308DAEA030852
:109C000015930108EC750120E0EA0308E8EA03086F
:109C100045930108AC7301209CFB0308F2EA03089A
:109C2000FBEA03085D93010804EB0308FC740120C0
:109C30000CEB03081475012014EB03082C750120AC
:109C4000C4ED0308447501201EEB03085C75012078
:109C500050EC03087475012028EB03088C75012073
:109C600032EB0308A47501207D9301083C6E0120AE
:109C70003CEB030845EB03089D9301083473012076
:109C80004FEB030858EB030862EB0308B593010898
:109C9000C47001206CEB030871EB0308D593010835
:109CA0006476012077EB03087AEB0308ED93010853
:109CB0006C6E012024070408BC49002002F06CFDF2
:109CC000BB4EBC493000FFF791FC3000BA49183058
:109CD000FFF78CFC3000B9493030FFF787FC2200D9
:109CE000B749002002F058FDB649B748FFF77EFC9F
:109CF0002200B649002002F04FFDB549B548FFF7F4
:109D000075FC2200B449002002F046FDB349B44876
:109D1000FFF76CFCB349B448FFF768FCB349B4489B
:109D2000FFF764FCB349B448FFF760FCB349B4489B
:109D3000FFF75CFCB349B448FFF758FC2200B34975
:109D4000002002F029FDB24EB2493000FFF74EFC70
:109D50003000B1491830FFF749FC2200AF4900201C
:109D600002F01AFDAE4EAF493000FFF73FFC300065
:109D7000AD491830FFF73AFC3000AC493030FFF7FE
:109D800035FC3000AA494830FFF730FC2200A949D1
:109D9000002002F001FDA84EA8493000FFF726FC84
:109DA0003000A7491830FFF721FC3000A5493030BA
:109DB000FFF71CFC2200A449002002F0EDFCA34E9A
:109DC000A3493000FFF712FC3000A2491830FFF71A
:109DD0000DFC3000A0493030FFF708FC22009F49FD
:109DE000002002F0D9FC9E4E9E493000FFF7FEFB9A
:109DF00022002900300002F0CFFC9B4E9B4930002E
:109E0000FFF7F4FB22002900300002F0C5FC984E59
:109E100098493000FFF7EAFB22002900300002F0E9
:109E2000BBFC954D95492800FFF7E0FB28009449BD
:109E30001830FFF7DBFB280092493030FFF7D6FBE4
:109E4000280091494830FFF7D1FB22008F490020BC
:109E500002F0A2FC8E498F48FFF7C8FB8E498F485D
:109E6000FFF7C4FB8E498F48FFF7C0FB8E498F4830
:109E7000FFF7BCFB8E498F48FFF7B8FB8E498F4830
:109E8000FFF7B4FB22008E49002002F085FC8D49CB
:109E90008D48FFF7ABFB8D498D48FFF7A7FB8D4938
:109EA0008D48FFF7A3FB8D498D48FFF79FFB8D4D34
:109EB0008D482900FFF79AFB8C498D48FFF796FBE8
:109EC00022008C49002002F067FC8B4E29003000F4
:109ED000FFF78CFB300029001830FFF787FB3000BC
:109EE00029003030FFF782FB22008449002002F075
:109EF00053FC83498348FFF779FB83498348FFF785
:109F000075FB83498348FFF771FB83498348FFF75B
:109F10006DFB83498348FFF769FB29008248FFF7FF
:109F200065FB22008149002002F036FC804D81490A
:109F30002800FFF75BFB28007F491830FFF756FB2E
:109F400028007E493030FFF751FB28007C4948301B
:109F5000FFF74CFB22007B49002002F01DFC7A49F0
:109F60007A48FFF743FB7A497A48FFF73FFB7A4983
:109F70007A48FFF73BFB7A497A48FFF737FB7A4983
:109F80007A48FFF733FB7A497A48FFF72FFB7A4983
:109F90007A48FFF72BFB7A497A48FFF727FB220024
:109FA0007949002002F0F8FBF8BDC046059401088D
:109FB000946A01207EEB030887EB030890EB03080B
:109FC0001D9401089AEB0308DC6A01203D94010806
:109FD000A4EB0308E47401204D940108AEEB0308E0
:109FE000E4710120B2EB0308FC710120B6EB030819
:109FF00014720120BAEB03082C720120BEEB030897
:10A0000044720120C2EB03085C7201205D940108D8
:10A01000947601206CEB030871EB03087D94010832
:10A02000F47001200CEB0308C6EB03082DEB0308CA
:10A03000E40604089594010874720120CBEB030830
:10A04000D3EB0308DBEB0308BD9401081C76012069
:10A05000E3EB0308EAEB0308F1EB0308DD940108E6
:10A060002C6C0120F8EB0308346D012003EC03088D
:10A07000AC7001200DEC0308CC6B012004ED03084B
:10A080001CEC030824EC03082BEC0308FD940108E6
:10A0900032EC0308746C012039EC03088C6C01204D
:10A0A000F0E90308A46C012043EC0308BC6C012018
:10A0B0004DEC0308D46C0120C0E90308EC6C0120CE
:10A0C0002595010857EC0308FC6E012063EC03089A
:10A0D000146F012070EC03082C6F01207DEC030845
:10A0E000446F0120E80A04085C6F012091EC03082A
:10A0F000746F0120459501084C6A0120659501089F
:10A10000A3EC0308F4730120AFEC03080C740120E6
:10A11000C2EC030824740120D5EC03083C74012030
:10A12000E2EC0308547401206C7401208595010849
:10A1300084740120F8EC030809ED030812ED03080C
:10A140001FED0308A595010858ED0308C47601200A
:10A1500066ED0308DC7601206EED0308F47601203D
:10A1600073ED03080C7701207BED030824770120B1
:10A1700083ED03083C7701204BEB03085477012063
:10A1800091ED03086C770120CD95010873B50400AB
:10A19000E9F70AF9642605000023217900964900B1
:10A1A0001A002068EAF7FCF8002808D0E9F7FCF864
:10A1B000044B401B9842EFD9C046002076BD0120D9
:10A1C000FCE7C046E7030000F0B589B004921E002A
:10A1D000CA18038907000D009A4233D80222CB091E
:10A1E000134005930792002E42D0FC8828002100DE
:10A1F000E5F7B2FF01304443641BA4B2B44200D976
:10A200003400A3B20693BB7A38683979059A012BDA
:10A2100000D0002249001143C9B289B2012B17D1E5
:10A22000FF222A409BB2069364230293A3B20193B8
:10A23000049B0093069BEAF749F900280BD0002005
:10A2400009B0F0BD0B4B0C4A44210C481CF034FE05
:10A250002A00079BE6E73800FFF798FF0028EED0BA
:10A26000A3B2ED18049BADB21B190493361BBAE7D9
:10A270000120E5E7170B0408830B0408080B04080A
:10A28000F0B504000E00C818218985B0884205D9B0
:10A29000144B154A632115481CF00EFE20682179E5
:10A2A000A47A0025012C05D10235AC46F7093D0002
:10A2B00067463D4049002943C9B289B2012C0FD1FC
:10A2C000F6B26425A4B29BB20193009223000295DA
:10A2D0003200EAF7B3F943425841C0B205B0F0BDCD
:10A2E0000224EEE7170B04083E0B0408080B0408D1
:10A2F00010B529290AD003D8282907D0012010BD7C
:10A300004A2905D04B29F9D1012102E0C046F5E7E1
:10A310000221A020C005E9F7A3FEEFE7A02010B5B9
:10A3200000221021C005E9F79BFE10BDA02010B54A
:10A3300001221021C005E9F793FE10BDF0B587B0EA
:10A340001C0004ABDE1C00231700050001913370D4
:10A35000E9F72AF80C9B1C19241AE9F725F823229F
:10A360002B68039002931B4B1B6853431B0D6343E5
:10A3700005932B68019A9B681340BB4227D0C023EA
:10A38000DB009A4206D1002F04D1029B1B7BDBB27B
:10A3900033703378E9F708F8039BC01AA04207D25C
:10A3A000059B5A1E93415B421C40059B013BDFE726
:10A3B00040212A68032013688B4313602B0001227D
:10A3C0005D331A7000235C352B7007B0F0BD0020A0
:10A3D000FBE7C0460C00002013B50B00C021009223
:10A3E000490100220400FFF7A9FF0023984204D08E
:10A3F000226E2033134323660323180016BD00008A
:10A40000F0B51D00030085B001915C3316001A7889
:10A4100004000220012A00D18FE001221A70E8F71F
:10A42000C3FF270000905D373B780220012B00D04E
:10A430007EE01B183B700023019A2366A263A21DD5
:10A440002364A687E687D3871218D3878022A16862
:10A450002365E36412022368914208D140211A68FF
:10A460008A431A6080221968D2010A431A60802147
:10A47000A26A89018A4206D11968314801401960EF
:10A4800019680A431A6040221968114202D11968FA
:10A490000A431A606268002A01D0012E09D1019A8C
:10A4A00012781A73A36B0133A363E38F013B9BB252
:10A4B000E3870226E38F002B18D023689A68324284
:10A4C0000AD0A26B12781A73A36B0133A363E38FD4
:10A4D000013B9BB2E387EDE7E8F766FF009BC01AFC
:10A4E0008542E7D86B1CE5D0032021E08023A26AD7
:10A4F0009B019A4205D1802322685B0111680B43BE
:10A500001360009A29002000FFF766FF002801D0A1
:10A5100020232366A368002B06D103932368DA68FF
:10A5200003929B680393039B206E431E9841C0B225
:10A5300001233B7000235C34237005B0F0BDC0469E
:10A54000FFDFFFFF143970B5080014001D000C294F
:10A550001AD8E5F7E3FD111919071111191919197D
:10A5600019191300FFF7DAFEA2B2042329000748E5
:10A57000FFF746FFFFF7DAFE012070BDA0200221A1
:10A58000C005E9F76DFDF7E70020F6E754920120DA
:10A59000030010B50320002B14D0AE240020A4002B
:10A5A0001851083418510C341851814202D0AD2092
:10A5B00080001950A7210120890058541A701800F2
:10A5C000F0F7DAFD10BD37B56B4600240500981D85
:10A5D00004800323A1420BD0AE23CA6A9B00E9503A
:10A5E0001300A24204D09047B3239B00E8502300FD
:10A5F00018003EBD10B5F0F705FE10BDAE239B0060
:10A60000C25810B50323002A02D0136898470300EC
:10A61000180010BDAE239B00C35810B5002B01D00D
:10A620005B689847002010BD164B70B5C518040034
:10A63000280000F043FBA52301229B00E2501C33BD
:10A64000E25A183BE2500F4BE15C1F230B40012BF9
:10A650000ED0002B07D0022B0FD07F232000994370
:10A66000F0F702FE03E02900200000F00FF970BDB2
:10A670002900200000F05CFAF9E72900200000F032
:10A6800083FAF4E7AA02000070B50400150000295F
:10A6900028D1A5239B00C3580800032B10D121000B
:10A6A0005531FF318B68CA6893420AD99B1A8B6077
:10A6B0009A4200D91A002900200000F060FB002017
:10A6C00070BDA7239B00E35C032B07D1AE239B0047
:10A6D000E3581B69002B01D020009847200000F0B0
:10A6E00056FBECE7A7239B00C35C0020032BE7D1BC
:10A6F000AE239B00E3589B698342E1D0200098473A
:10A70000DEE770B50D0004001100002D41D1A52336
:10A710009B00C358022B0DD1C269036A9A4210D91B
:10A72000D21AC26100F013FB2B002A00290020007E
:10A73000F0F7EEFDA8239B00E25C012A26D0002062
:10A7400070BD9A420DD183699A420AD8A626B600F6
:10A750008259934205D22A00290000F0F8FAA55147
:10A76000E2E7A7239B00E35C032B07D1AE239B000A
:10A77000E358DB68002B01D020009847802120009F
:10A78000F0F772FD200000F00EFBD3E70020E0544C
:10A79000D6E7A7239B00C35C032BD0D1AE239B003D
:10A7A000C3585B69002BCAD029009847C8E7A72384
:10A7B000012200219B0070B5C254083BC1501033E8
:10A7C0004160C1501433C358040003208B4220D091
:10A7D000AF229200A2588A4204D05B688B4201D01B
:10A7E000200098470022402311002000F0F71AFDB6
:10A7F000B22301265B00E65223004025FC335D6650
:10A8000000222B0080212000F0F70CFD0020A68400
:10A81000256270BD0174002070470000A7229200DD
:10A82000835C0349DBB24354042383540020704704
:10A830009D020000A7229200835C042B03D1034BEE
:10A84000C35CDBB2835400207047C0469D02000009
:10A85000AE239B00C35810B50324002B09D0A722B8
:10A860009200825C0024032A03D1DB69A34200D05A
:10A870009847200010BD10B504008021F0F7F4FCCB
:10A8800000212000F0F7F0FC10BD0000F7B56022B9
:10A890000B7804000E001340202B14D0402B12D054
:10A8A000002B00D08CE04878092800D988E0E5F733
:10A8B00049FC0A012B01870022018700790014005E
:10A8C0008700F2009D00AE239B00E35831009B6897
:10A8D0002000984705002800FEBD6B469D1D002303
:10A8E0002B804B88180A0138062869D8E5F716FC32
:10A8F000041D2B6868454F00AD239B00E358207C66
:10A900001B6829009847F188002900D19AE02A881D
:10A91000002A55D00B1C914200D9131C01009AB299
:10A920002B80200000F005FA5BE0AE23227C9B0028
:10A93000E358002A05D19B6A2800984702234370F8
:10A94000E1E7DB6AF8E7D8B2052839D8AD239B00E8
:10A95000E358E5F7E3FB03080A0C0E105B68002BD5
:10A960002ED0207CCDE79B68F9E7DB68F7E71B6911
:10A97000F5E75B69F3E79B69F1E7237C002B1FD1C7
:10A98000AE239B00E35828005B6B9847BBE7237C12
:10A99000002B15D1AE239B00E35828001B6B984772
:10A9A0000723CCE78B88002B0AD1CF88002F07D153
:10A9B0004D887F2D04D8A726B600A35D032B03D1B5
:10A9C0002000FFF758FF0CE0574BE9B2E15420009C
:10A9D000F0F77EFC200000F0DAF9002D03D002230E
:10A9E000A355002577E70123A35574E78D784F4FD2
:10A9F0003D70012D04D92000FFF73DFF03256AE7D4
:10AA0000A726B600A35DDBB2022B09D0032B1DD015
:10AA10002000FFF730FF39782000FFF7FBFDEDE75E
:10AA2000002D0FD0012120006160FFF7E7FD050038
:10AA30002000002D02D0FFF71EFF4CE700F0A7F921
:10AA40000323D1E7200000F0A2F9CAE7002D0AD1C4
:10AA500002232900A35520006560FFF7DBFD2000DD
:10AA600000F095F937E761680129EBD0C9B2200001
:10AA7000FFF7D0FD397820006160FFF7BFFD051EAC
:10AA8000E0D02000FFF7F7FE63682000D9B2FFF79F
:10AA9000C1FD0223A8E7CA88012A91D1A7239B0000
:10AAA000E35CDBB2002B8BD0022B04D9211D032BDE
:10AAB00000D136E784E700252100A5600831200099
:10AAC00000F037F907E7A7239B00E35C013B022B6B
:10AAD00000D975E7CB88022B00D071E7013BE3601A
:10AAE000A9239B00E358002B01D00323E36021003E
:10AAF00002220C3115E74B880025012B00D0EAE635
:10AB0000A9229200A350AAE7A7239B00E35C013B84
:10AB1000022B00D954E74B880025012B00D0DAE640
:10AB2000A9239B00E5509AE79E020000447801208B
:10AB300060220B7870B5134004000D00202B03D069
:10AB4000402B01D0002B1AD1A7239B00E35C013BD3
:10AB5000022B14D82B79012B11D8AE239B00E3587C
:10AB600029009B6820009847EB880600002B04D141
:10AB7000002802D1200000F00AF9300070BD20004A
:10AB8000FFF779FE0026F8E770B5040060200D7825
:10AB90000E000540202D3CD0402D3AD0002D10D184
:10ABA00088887378C1B2012B1FD0002B43D0032BB0
:10ABB00007D1A7239B00E35CDBB2022B31D0032B30
:10ABC00003D02000FFF757FE0DE07388002B07D15C
:10ABD0004B0605D0F388002B02D12000F0F744FB90
:10ABE000200000F0D4F800201AE0A7239B00E35CCB
:10ABF000DBB2022B15D0032BE3D173882800002B86
:10AC00000ED14B0602D02000F0F73EFB200000F0F2
:10AC1000BEF8AE239B00E35831009B6820009847A4
:10AC200070BD4B06CDD02000F0F71EFB8021200028
:10AC3000F0F71AFBD7E7A7239B00E35CDBB2022BFC
:10AC400017D0032BBDD10F2214230A405A43A21858
:10AC500000061ED5928C002AB3D07F250D40013509
:10AC60005D437F2365190B401FD12B600222290011
:10AC70000BE04B06A5D121005531FF31030601D56C
:10AC80004139FF39002502220D60200000F051F803
:10AC9000A9E76532FF321288002A00D191E77F25AB
:10ACA0000D405D435535FF35DBE72000F0F7FCFA3A
:10ACB000002801D00123D8E72860D7E70B7803707C
:10ACC0004B784370CA788B781202134343804A79D9
:10ACD0000B79120213438380CA798B7912021343D2
:10ACE000C380704710B504008021F0F7BDFA002141
:10ACF0002000F0F7B9FA10BD002330B5984201D119
:10AD000030BD2B00C45C5D1C002CFAD1DBB20133DA
:10AD10005B0013800B7003234B70013B0278002A09
:10AD2000EED0CA545A1CD2B2023301308C54DBB27A
:10AD3000F4E71300A52210B50224920084500A0003
:10AD40008361C3610021F0F7D3FA002010BD10B574
:10AD500013000A000021F0F7CBFA002010BD130009
:10AD6000A52210B50324920084500200FC32D36562
:10AD700013660A000021F0F7CBFA002010BD10B5D1
:10AD800013000A000021F0F7C3FA002010BDA5232C
:10AD900004229B0010B5C25000231A001900F0F7DE
:10ADA000A7FA002010BDA52305229B0010B5C250B4
:10ADB00000231A001900F0F7ABFA002010BD0000C4
:10ADC000AF239B0070B5C4580323002C12D0B023CE
:10ADD0009B00C1580B1E0DD08025AD00605D002387
:10ADE000FF2807D0044BE25C8B6821009847FF23C3
:10ADF00063550023180070BD010200004323038047
:10AE000000487047D000002043230380004870476B
:10AE10001401002043230380004870476401002090
:10AE20000A2303800048704758010020AF239B008D
:10AE300070B5C45805000320002C0ED02800F0F790
:10AE400077FA832381229B00E050E118B433EB585A
:10AE50009200DB68A0589847002070BDAF23F7B57B
:10AE60009B00C35806000F0001930320002B18D04D
:10AE700014254D437519A869002813D02822B12341
:10AE80004A439B00F3589B18996CE5F7EBF90C1EAD
:10AE900008D1A9610B000A0030003900F0F728FA48
:10AEA0002000FEBD85230025019A9B00D550AC33C0
:10AEB000F3581B691800AB42F3D084218220019C17
:10AEC00089008000511820583A0098472800E8E788
:10AED000AF23F7B59B00C6580D006B4669460022AC
:10AEE0000533063104001A700A800320964259D0B7
:10AEF0002A785D30104031D020284ED1EF88687814
:10AF0000002F23D052B2002A11DAB0239B00E3585D
:10AF10003A009B6831009847EB881A1C072B00D930
:10AF20000722310092B22000FFF703FF0CE08023DC
:10AF30009B00F0543F2F00D940271B4B3A00F75499
:10AF400031002000FFF70BFF00202BE0B0239B0017
:10AF5000E3583A009B6829009847F5E768780B2882
:10AF60001BD8E5F7D1F806F11A1A1A1A1A1A1A1A82
:10AF70000D15A7239B00E35C032B0ED10222D2E721
:10AF8000A7229200A25C032A07D1023A1900CAE75D
:10AF9000A7239B00E35C032BD6D020002900FFF7FA
:10AFA000A1FE0320FEBDC0460102000070B50400F2
:10AFB00000258121F0F748F9012125872000F0F7CD
:10AFC00043F9BC23AF265B00E55282212000B60086
:10AFD000F0F73AF9A359E564AB4208D0B0239B00DF
:10AFE000E3585B689847A059F0F7AEF9A5510020E7
:10AFF00070BDF7B5040087208000F0F7A1F9AF23FA
:10B000009B000500E0500220002D3DD02700237C4E
:10B010004E37002B39D1802302229B008121200052
:10B02000F0F700F90126802326879B0031000222D9
:10B030002000F0F7F7F8BC235B00E652693BFF3BCA
:10B040003B800322082382212000F0F7EBF8230045
:10B0500001264C331E80B0239B00E35800271B6859
:10B060009847852381229B00EF500433EF50237CC7
:10B0700092000193BB4212D18023AA589B00310059
:10B080002000F0F745F90198FEBD01264023022279
:10B0900081212000F0F7C6F826874023C6E7402329
:10B0A000AA5831002000F0F733F93800ECE7032309
:10B0B000002903D0B0239B00C15000231800704723
:10B0C000AF239B00C3580320002B06D082208000B2
:10B0D00019508421002089005A507047AF239B00EB
:10B0E000C3580320002B03D08122002092009950E6
:10B0F0007047AF239B00C25810B50323002A11D01C
:10B10000852189005458023B002C0BD153508423D5
:10B110009B00D3580C3952588839C362FF39F0F775
:10B12000E7F82300180010BDAF239B00C25810B5EC
:10B130000324002A08D0047CB83BD258002C05D147
:10B14000043B0121F0F7E4F8200010BD4023012169
:10B15000F0F7DEF80024F7E7F0B51F00140085B023
:10B160000AAB1B880600D3189BB20393039ACB1932
:10B1700000929BB222000D0000F058FD00280BD178
:10B1800005B0F0BD00232200009329003B003000F1
:10B1900000F09EFC0134A4B2039BA342F2D1EFE77E
:10B1A000F0B50F0085B002930AAB1D88029B060024
:10B1B000C9188BB2039353199BB200933900039BB8
:10B1C000140000F033FD00282BD000232200009350
:10B1D0003900029B300000F07BFC012D21D9023D9B
:10B1E0000134ADB2A4B2002D13D00123220000938C
:10B1F00039002B00300000F06BFC01230399009311
:10B200000139220089B22B00300000F061FC2C19BA
:10B21000A4B20023220000933900029B300000F00A
:10B2200057FC05B0F0BD0300F0B538331B7885B08E
:10B23000029303000500002639331F7803685B7C06
:10B2400003932B68B0B21B7CF4B2D9004143686B06
:10B2500089B241183A190091D2B20021280001F0B8
:10B2600021F90134029BE4B2A34205D90136BB198E
:10B27000039ADBB29A42E4D805B0F0BD10B503687A
:10B2800000211A7C030038331B78406BDB005A43E3
:10B290001CF024FA10BD10B50400FFF7C4FF200015
:10B2A00001F029F910BD030010B5040039331970FD
:10B2B000036B1B689847236B20005B68984710BDA1
:10B2C000030010B593331B780400002B01D0FFF767
:10B2D000D5FF00212000FFF7E6FF10BD70B5040088
:10B2E000FFF7A1FF230039331D78013B1B78ED18D0
:10B2F0002368EDB25B7CAB4204D8200001F0FBF880
:10B30000002070BD230093331B78002B02D0200057
:10B31000FFF7B4FF20002900FFF7C5FF0120F0E789
:10B32000F7B5009308AB1F8809AB1B7806000C002B
:10B3300015000193DB0712D50099531C0919BA1A9D
:10B340009BB292B289B200F039FC0099631C3A1B9F
:10B3500049199BB292B289B2300000F02FFC019BD8
:10B360009B0713D500996B1C7A1B091B9BB292B2E9
:10B3700089B2300000F022FC0099631C3A1B491B83
:10B380009BB292B289B2300000F018FC019B1B07FF
:10B3900011D5009A6B1C11199BB289B23A0030008A
:10B3A00000F00CFC009A631C51199BB289B23A0060
:10B3B000300000F003FC019B5B0711D5009A6B1C69
:10B3C000111B9BB289B23A00300000F0F7FB009AE3
:10B3D0000134551BA3B2A9B23A00300000F0EEFBD5
:10B3E000F7BDF0B51C0087B0029203900CAB029839
:10B3F0001B78013005932018631CCB1880B20F0016
:10B40000121B091B00909BB292B289B2039800F004
:10B410000DFC002813D063005B421BB20493059B14
:10B4200001250193029B2200009300213B00039819
:10B43000FFF776FF00262D1B2DB2B44201D807B0CE
:10B44000F0BD002D08DB049B013C02339BB21AB215
:10B450005D19A4B204922DB20136B6B27300013365
:10B460005D19059B22000193029B31000093039814
:10B470003B002DB2FFF754FFDFE710B50400FFF7E4
:10B480001FFF2000FFF72AFF011EFAD12000FFF75F
:10B490000AFF10BD7FB50F250E006D4400930849CB
:10B4A0001300084A040001F049F8280001F056F89A
:10B4B0002A7801000096044B200000F087FE7FBD33
:10B4C000D1C30108D5C2010859BD01084118087847
:10B4D0004B780002C01880B270470020704770B5EA
:10B4E0000B780D0003704B78040043708B788370E9
:10B4F000CB78C3700B7903714B7943718B7983716E
:10B50000CB79C3710B7A03724B7A43728B7A837255
:10B51000CB7AC3720B7B03734B7B43738B7B83733D
:10B52000CB7BC3730B7C112103742800FFF7CEFF84
:10B53000132160822800FFF7C9FF1521A08228008F
:10B54000FFF7C4FFE08270BD70B50468067B257804
:10B5500072183541D2B2EBB2072A0AD9631C0360D4
:10B5600063780824A41BE4B2A340083A2B43DBB25F
:10B57000D2B20273012252428A409343180070BD36
:10B5800070B50400002360340166237303000500D6
:10B59000783319782000FFF7D7FF2B00A07279339A
:10B5A00019782000FFF7D0FF9235E0722B78A37353
:10B5B0005A425341E37370BD10B50C00FFF7C4FF4E
:10B5C0000123013CE4B2A340C01A40B210BD012BDC
:10B5D00008D0002B03D0022B06D0401A00E08018C0
:10B5E00080B270474018FBE7801AF9E7012B08D0BA
:10B5F000002B03D0022B06D0801800E0401880B248
:10B600007047801AFBE7401AF9E70300F0B5040021
:10B610000F008DB00B9260331A7A04925B7A079315
:10B6200025006035AB7A049A9B1ADBB20593059A24
:10B630003B1C974201D96B461B7DDBB20893EB881C
:10B64000A88810260A936B469E571B7F31005BB279
:10B6500006932B7C069A0393FFF7C8FF039B099080
:10B66000069A31000A98FFF7B2FF0B9B0200002BED
:10B6700017D0A97B2300923319706B4603991B8C5A
:10B6800020000091099900F023FA059B9F420DD3F9
:10B69000FF1A079BFFB20133DBB207930023049329
:10B6A000BEE76B7B002BF0D1E97BE3E7049B6034C2
:10B6B000FB1823726B461B7E63720DB0F0BDF0B5B4
:10B6C000040089B00700FFF75BFF23006B331B7892
:10B6D00060375BB2029323007A3319783800FFF7A2
:10B6E0006BFF230006907B3319783800FFF764FF67
:10B6F00023007C33197805003800FFF75DFF0A232B
:10B700000790FB560393002B59DD029B06995B19AA
:10B710005B425BB205933B7C059A0493B888FFF7C4
:10B7200065FF049BB880059A069906000500F88815
:10B73000FFF74DFF049B02000100F880032B62D845
:10B740001800E4F7EBFC023F4956039B0298F518FA
:10B750001118ABB289B200912000310000F066FAF6
:10B7600000282CD023000022012568331A802300F2
:10B77000763319783800FFF7E7FE2300039077331C
:10B7800019783800FFF7E0FE060000220399200038
:10B79000FFF73BFF310020002A00FFF736FF2900AA
:10B7A0003800FFF7D1FE0028EFD1230009226033D3
:10B7B0009A5602998A42DADB9B7B9234237007986F
:10B7C00009B0F0BD029B0398F61A01351118013635
:10B7D000ABB289B2B6B2BEE70122039B0298D61A79
:10B7E000AE19AD18121A8A180131ABB289B292B2F1
:10B7F000F0E7039A029B8A1AF51801320131ABB2C5
:10B8000089B292B2A7E73300A5E7F8B5846D0D00C1
:10B810001734FF2912D860290AD988300388E41820
:10B820006078002803D02378AB4205D1A01CF8BD76
:10B830004029F5D98630F1E72418F1E78A300088ED
:10B8400002272418260000213000FFF73FFE3900B0
:10B8500024183000FFF73AFE04368542F3D86078AA
:10B8600023780002184340BA80B20028DFD0854216
:10B8700001D1E01CDBE7A378E418F0E770B5040021
:10B88000FFF7C3FF01000020814217D02000FFF71F
:10B8900077FE2500230060357A3319782800FFF7FA
:10B8A0008BFE230090331870153B197828007C34E8
:10B8B000FFF782FE21782800FFF77EFE70BD0000B2
:10B8C0000300F7B500256A331D704027060000917C
:10B8D00001932C0000F0A8FC7F42009B30001978F7
:10B8E00073689847134B0100984211D0009B0133B5
:10B8F0000093114B9842F0D03000FFF7BFFF3B00A0
:10B9000085B2403301D19027F7576419A4B2E4E718
:10B91000019B1B785BB2002B09D090203056C018D9
:10B920002418641BA4B2002F01DDE419A4B2200086
:10B93000FEBDC046FFFF0000FEFF0000F8B51F007F
:10B9400003007033040018780E001500032808D88F
:10B95000E36DE4F7E3FB02171C20200098472D1845
:10B96000ADB22300643339001E805D802000FFF7F4
:10B970004CFF01000020814203D02000FFF79FFE12
:10B9800080B2F8BD20009847361AB6B2E9E7200029
:10B9900098472D1AE4E7200098473618F5E700008D
:10B9A000F7B51F0006000C00150000F03DFC002359
:10B9B00001937368397830009847134A0300904226
:10B9C0001FD0124A01379042F3D02A0021003000E4
:10B9D000FFF7B4FF3200703203001078032805D857
:10B9E000E4F79CFB02080B0DE418A4B2019AD318EB
:10B9F0009BB2DDE7ED18ADB2F8E7E41AF5E7ED1A12
:10BA0000F9E70198FEBDC046FFFF0000FEFF000001
:10BA100010B5024C4460FFF7C3FF10BD15C201080A
:10BA2000836D70B5002B1DD0030000260500012496
:10BA3000020081339E578E352E701C578F32147042
:10BA40000C331B78002B0DD0012B0CD1030083335A
:10BA50001B785BB29E4200DA2B708423C3569C4253
:10BA600000DD137070BD030080217E331B784156CA
:10BA70005BB25B189E4200DA2B708C42F2DD1170D3
:10BA8000F0E70000014BC3657047C046DBB4010816
:10BA9000836D10B504008B4206D081657430FFF7CA
:10BAA0001EFD2000FFF7BCFF10BD000010B5024BCB
:10BAB0004360FFF705FF10BD15C2010837B5C58FFC
:10BAC00006AC2478521B009492B2C46AA04737BDDA
:10BAD000F7B505008C352D7808AC2478002D3FD0C3
:10BAE000002B3DD0012B04D9022C30D10131C91AD1
:10BAF00089B201252C400500002C32D14C352D880F
:10BB000095422DD805004E352D88954228D905003F
:10BB10000600CB1848354A369BB22D8836888B42B2
:10BB20001CD28E4219D9731E9BB29D4218D22F1C73
:10BB30008D4200D20F1CB9B2351C9E4200D91D1C8B
:10BB40006B1A056B00949BB2AC68A04708E0032C0D
:10BB5000CFD10132D21A92B2CBE729008E42E4D87B
:10BB6000F7BD48352D888D42FAD805004A352D8815
:10BB70008D42F5D90500D3184C352E889BB202357D
:10BB80002D88934211D295420ED96B1E9BB29E42D4
:10BB9000E6D2371C964200D2171CBAB22E1C9D4228
:10BBA00000D91E1CB31ACCE732009542D8D9EEE773
:10BBB00013B500240094FFF78BFF13BD13B50124C8
:10BBC0000094FFF785FF13BD030007B54C331B88B6
:10BBD000934213D803004E331B8893420ED90300BF
:10BBE00048331B888B4209D803004A331B888B4299
:10BBF00004D9002300930133FFF76AFF07BD923099
:10BC0000022901D80170704701230370FBE710B5CA
:10BC100004008A4206D20120A34202D893429B41EB
:10BC2000584210BD8342F9D80020FAE770B50D00E4
:10BC3000010004001E004E3104AB4C301B88098803
:10BC40000088FFF7E4FF002808D0230048344A3377
:10BC50001988208833002A00FFF7D9FF70BD000043
:10BC6000F0B51E0087B00CAB05900C0015001B88CA
:10BC70008F1BB14200D8771ABFB29D4208D9EA1A89
:10BC800092B20192974225D3B44249D800220EE0E5
:10BC90005A1B92B2019297424DD23A00019F0192F3
:10BCA00032001E00130022002C0015000122039216
:10BCB0007A0812B20292012204929D4202D3012319
:10BCC0005B420493224B9E4200D1224EA6420BD2ED
:10BCD00007B0F0BD3A00019F01922A00350016001E
:10BCE00022001C001300E1E7039B002B15D12A0062
:10BCF00021000598FFF768FF029B019A9B1A9BB2EF
:10BD00001AB20292002A05DA049ADB19AD181BB2A6
:10BD1000ADB202930134A4B2D8E722002900E8E7CB
:10BD20001D00230034001E0000237A0812B2039382
:10BD300002920133C5E7B442A8D91D0023003400A4
:10BD40001E0000237A0812B203930292013BB8E767
:10BD5000FFFF0000FEFF0000F7B508AC24780726BF
:10BD6000019414003440A44601246546AC4005000B
:10BD700092352F78E4B20025012F02D82500012F3B
:10BD800027D0B24316000268127C724392B2511857
:10BD9000426B5118019A002A1DD0070001269237E4
:10BDA00001970A7807272A4362400A7062460132E7
:10BDB0001740013BBC469BB2002F16D1428F891819
:10BDC000019A1278012A02D83500012A11D03400D4
:10BDD0000FE00024D5E70A78013B2A4362409BB27A
:10BDE0000A700131002BF6D1F7BD6D006400EDB291
:10BDF000E4B2002BD5D1F7E710B50822845E0A2102
:10BE0000425E03000020A24215DD99899A88D888F5
:10BE10008918DA8989B2121892B210B29981D88140
:10BE2000002805DD1888091899815988521ADA8185
:10BE3000012001341C8110BD037E0131C9B2994239
:10BE40009B411940080070470139007EC9B2884201
:10BE500001D80138C1B2080070470000F8B51824B5
:10BE600044431B481B4E2418217D30008B00F218E0
:10BE70009F5F23690225555F98478300F2180221CE
:10BE8000515E9B5F4A1BDB1B9BB292B2207516B2C0
:10BE900018B2668061812581A78100280EDB01230D
:10BEA000238000230500E3813100E4F7DFF931004E
:10BEB000A0802800E4F7C0FAE180F8BD5D420121CE
:10BEC000012349429B1A21802DB2E381ECE7C04651
:10BED0000CAA0120F0A90120F8B518244C430A4E01
:10BEE000070033193033187835190100EB6A300038
:10BEF00098478300F31802229B5EBB4202D1303583
:10BF00002870F1E7F8BDC046F0A90120F0B55C4B00
:10BF10005C4D85B06B645C4B0290EB620222AB5EC1
:10BF20002A000027303217702A7EBC4603922C006C
:10BF3000012201930399D0B288426ED3002F03D01F
:10BF40002200614630321170019A9B1A1BB2638342
:10BF5000002B79D02700260030373B784836100078
:10BF600033700121FFF7B8FF00210198FFF7B4FFFC
:10BF7000012363763A78337892009B00A25EE35EF9
:10BF80009A425BD00023637600201A23EE5EFFF70F
:10BF900065FF0120FFF762FF6B7E3C4D002B05D053
:10BFA0002800FFF729FF3A48FFF726FF3C23E25E0F
:10BFB000002A23DB029B08333E215B5E93421DDD9A
:10BFC0002823E05EA31C3E27DF5FB8423EDA002F45
:10BFD00014DB029B06333E215B5E98420EDA011CA5
:10BFE000002800DA002189B2381C9F4200DD181CAD
:10BFF000431A9BB292B20298FFF7DAFD2800FFF7CE
:10C00000FBFE002834D02248FFF7F6FE002832D08D
:10C01000013E36B2002EC9DC16E0910061180226FE
:10C02000895F0E1C994200DA1E1C33B2019EB14298
:10C0300002DA84460127019101327BE7638B013BE1
:10C040001BB26383002B9FD105B0F0BD0028D5DB68
:10C05000029B06333E215B5E9F42CFDAF943C9174C
:10C060000840B9B21F1C834200DD071C7B1AC0E7E1
:10C07000FFF7F4FEC2E70120FFF7F0FEC3E7C0467A
:10C0800039BE0108F0A9012049BE01080CAA01200F
:10C0900024AA0120F8B506AC0027E75F07AC00260C
:10C0A000A65F08AC0025655F054CA3800323E780ED
:10C0B00026816581218062802376FFF727FFF8BD06
:10C0C000F0A901200300F0B538331D780168AAB249
:10C0D000D30083870B7CDB004387030039331F7851
:10C0E000BEB2F300C3874C7CED19A54201DDA21B53
:10C0F00092B2841CD200E3879B18021DD3878A8AE0
:10C10000831DDA87CB8A0830C387F0BD10B5FFF7EF
:10C11000D9FF10BD13B504AC24780094FFF7CEFC12
:10C1200013BDF0B5060005000700040085B05630C9
:10C1300052365435503733882A883988039000881E
:10C1400000902000FFF772FD23008C33002802D1FD
:10C15000187005B0F0BD01221A70230048333A88E8
:10C160001988914200D21A8023004A3332881988F4
:10C17000914200D91A8023004C332A8819889142B1
:10C1800000D21A80039B4E341B8822889A42E0D941
:10C190002380DEE70300002210B548331A80821D99
:10C1A000D28F5A80821CD28F9A80021DD28FDA8061
:10C1B000FFF7B7FF10BD0000034B10B503654365E3
:10C1C000036B5B68984710BD0000FFFF70B504006B
:10C1D000E3622300002538336163A5651A705D7042
:10C1E00035331D7024331D702200043B1D70012364
:10C1F00092320498137053700368206320009847AC
:10C200002000FFF7D9FF20007034FFF73BFC2570BA
:10C2100070BD0000002902D088B20A2900D101486F
:10C220007047C046FFFF000000230730C377704708
:10C2300010B50A00C46800231521A04710BD10B531
:10C240000A00C46800231621A04710BD10B51300D2
:10C25000C4680A001721A04710BD002310B51A00BA
:10C26000C4681821A04710BD002310B51A00C46887
:10C270001921A04710BD73B505000C0021781729BE
:10C2800018D002D815290CD273BD19291BD9FE2943
:10C29000FAD16B46627829212800DA7100F032F970
:10C2A00006E06B4662782800DA71EE680023B0473A
:10C2B0000234E3E76B46DA1D63780121280013702E
:10C2C000FFF7C4FFF4E7002328001A00EE680134EA
:10C2D000B047D3E7F7B501930B00143B04000D0002
:10C2E00016000020052B0ED81800E3F717FF1103E6
:10C2F000030D11110021200000F034F9310020005D
:10C3000000F03EF90120FEBD0121200000F02AF9D5
:10C310002769019B320029002000B847F3E700009D
:10C32000F7B504000E0015001F000E2941D00F299B
:10C330000BD000200B2907D12349002A00D0234924
:10C340002000FFF798FF0120FEBDFFF786FF1021B8
:10C350007B79E21CD27FDB009B18DBB201931B09C7
:10C3600019432000FFF764FF019920003140FFF7D7
:10C370005FFFB023B97920001943FFF759FF3E79D9
:10C38000019BF600F6B2F3183F68842B04DD7C268F
:10C39000019B7642F61AF6B2013D3A0031002000C8
:10C3A000EDB2FFF753FF002DF6D12000FFF75CFF41
:10C3B000C9E7FFF752FF81212000FFF739FFA908E5
:10C3C0002000FFF73CFFF0E74F3C0408563C040810
:10C3D00070B504000D001600FFF7A2FF002809D178
:10C3E0000A2D09D00D2D0FD0092D04D10F492000A1
:10C3F00000F024F8012070BD200000F024F80C4962
:10C400002000FFF738FFF5E7E51C002E07D10949AA
:10C410002000FFF730FF23689B7CEB77EAE70649B3
:10C420002000FFF728FF2368DB7CF6E7603C040868
:10C43000243C0408413C0408483C040801608B7C0F
:10C440000330C3777047002370B51A00282145696F
:10C450000400A8470023E5681A0014212000A8471B
:10C46000200001224B2100F04DF8236820001A79AA
:10C47000292100F047F8200000224B2100F042F86B
:10C48000236820001A79292100F03CF820000122BD
:10C490004B2100F037F8236829215A79200000F059
:10C4A00031F870BD13B56C462371049B6171A271A4
:10C4B000009384686B4601220F21A04716BD00231C
:10C4C00010B51A0084680921A04710BD002310B5DB
:10C4D0001A0084680A21A04710BD10B50A008468BC
:10C4E00000230B21A04710BD10B50A00846800236B
:10C4F0000E21A04710BD002310B51A00846810213A
:10C50000A04710BD10B500234469A04710BD00200E
:10C51000704700000023084A03608260C260026125
:10C520004261021DD377C21DD3778361421DFF3361
:10C530002830D377037070470FC50108F8B50400A1
:10C540000F0016001D00FFF7E5FF069BA760E660E1
:10C55000256163612000FFF7B2FFF8BD0823037077
:10C560000020704710B50A00046900232021A0476D
:10C5700010BD10B5130004690A001721A04710BDB3
:10C5800007B56B46DA1D11700121FFF7F2FF0EBDF2
:10C590008021A02010B500224900C005E7F760FD0A
:10C5A00010BD01228021A02010B59140C005E7F701
:10C5B00057FD10BDF0B50F27172489B002ABE41862
:10C5C000FF18002364260391049238702370FFF74C
:10C5D000DFFF0A4D22003900009601232800E9F709
:10C5E000FDFE6B4603991A8A28003300E9F720FE06
:10C5F000FFF7D7FF207809B0F0BDC046189301209F
:10C60000F0B50F27172400238DB06C446F4415003C
:10C61000029138702370FFF7BBFF64230B4E009329
:10C6200022003900633B3000E9F7D8FEAAB2642348
:10C6300006A93000EAF770F8FFF7B3FF2A0006A951
:10C6400002981BF02FF820780DB0F0BD1893012050
:10C65000044B1A6840231168194202D111680B4338
:10C660001360704718930120F0B5040085B002A84C
:10C670002500C61D00205C35307000952F78022003
:10C68000012F54D001272F7022642200294808323C
:10C690000568D3870195A51DEB87E387A3873B003A
:10C6A000A163E78F002F0DD1D78F002F0AD1C021B2
:10C6B0002268C9009068084033D0137BDBB2337026
:10C6C0003378F7E7002B12D0E78F002F0FD002212D
:10C6D0002768BD680D420AD0A36B1B783B73A36B20
:10C6E0000133A363E38F013B9BB2E3870023D78F22
:10C6F000002F0FD001252768B96829420AD03B7B5B
:10C70000216C0B70236C5B192364D38F013B9BB2AC
:10C71000D3872B00019907687F1A0A998F42C0D3EB
:10C72000032001235D3423700023009A137005B0A9
:10C73000F0BDC0461C89012007B5009313000A0014
:10C74000FFF792FF0EBD0000F0B50A24412385B02B
:10C750006C440B27237000230A266F443B70FFF7BD
:10C7600017FF0C4D3A002100009603AC012328006E
:10C77000FFF77AFF3300022221002800FFF7DCFFD9
:10C78000FFF70FFF237860781B02184300B205B053
:10C79000F0BDC046189301200B0010B50100180031
:10C7A0001AF0ECFB10BD10B51AF012FF10BD10B559
:10C7B000041E00D1013420001AF000FF002807D128
:10C7C0000DF014FC002801D11AF06EFB8047F2E74F
:10C7D00010BD10B51AF068FB10B51AF065FB10B566
:10C7E0001AF062FB10B51AF05FFB00000FB41823BB
:10C7F000B3B500AFFC1820CC2800E6F77BFD802302
:10C800009B00C118074B2A00C0186B46C008C00027
:10C810001B1A9D46230068467C6006F02DFA1AF02C
:10C8200043FBC0460E02000010B51AF03DFB0000AD
:10C8300010B50400024B036000F0DEF8200010BDCC
:10C84000803C040810B50400FFF7F2FF2000FFF75A
:10C85000AAFF200010BD0000836F10B5002B07D089
:10C860004161036942691A4205D0034800F07FF82C
:10C8700001231943F4E710BD883C040810B543694F
:10C880001943FFF7E9FF10BD70B5C46F0D00002C10
:10C8900001D1FFF7A1FF237F002B02D06418607F36
:10C8A00070BD200012F0CFFB236829009B69200097
:10C8B0009847F5E770B50500040075352B7874349A
:10C8C000002B05D12021FFF7DFFF012320702B7003
:10C8D000207870BD10B5040000F04CF8074B220022
:10C8E000236000237432236713705370221DA367E3
:10C8F000E367043293672000D36710BD803C0408CF
:10C9000070B5040008000D0001F02CFA002802D0D8
:10C91000280000F049FFE067280001F041FA261DD9
:10C92000002802D0280001F01DF8F067280001F06F
:10C9300055FA0834002802D0280001F033F8E067E7
:10C9400070BD70B504000D000EF0AAF821002000A3
:10C950006C31FFF7D5FF220000237432137053703F
:10C9600023672361A5676B425D41656170BD10B5AA
:10C970001AF09AFA01000F4B10B508330360243106
:10C9800000230A00040043608360C36003614361C5
:10C990008361C36103626430136053600832904264
:10C9A000FAD1082320006366A1666C300EF066FEA3
:10C9B000200010BDE03C040870B505000E0084693D
:10C9C000002C06D0A26863682900300098472468CC
:10C9D000F6E770BD70B504008069002809D0C3680F
:10C9E0005A1EC260002B04D10568FFF7DCFE280048
:10C9F000F3E70023A36170BD10B504000C4B0021C8
:10CA000008330360FFF7D8FF2000FFF7E3FF2300A0
:10CA1000A06E2433984205D0002801D00DF078FA9A
:10CA20000023A36620006C300EF0CBF8200010BD70
:10CA3000E03C040810B50400FFF7DEFF2000FFF71C
:10CA4000B2FE200010BD8368587C70478368987CD4
:10CA500070478368D86A704737B58368FF251B6BBA
:10CA60001A00180A28402A40040222431000190C18
:10CA7000294009041B0E1B06084318433EBD37B569
:10CA80008368FF255B6B1A00180A28402A400402BD
:10CA900022431000190C294009041B0E1B060843F1
:10CAA00018433EBD8368587C70478368987C704704
:10CAB0008368D86A704737B58368FF251B6B1A00F7
:10CAC000180A28402A40040222431000190C294069
:10CAD00009041B0E1B06084318433EBD37B5836887
:10CAE000FF255B6B1A00180A28402A4004022243E3
:10CAF0001000190C294009041B0E1B06084318439B
:10CB00003EBD83680533D87F704783680633D87F7E
:10CB100070470020704700207047704710B5002014
:10CB20001924914204D2E0410B7801311818F8E73A
:10CB300010BD0000104B10B50360030043331B7899
:10CB40000400002B13D08068002801D00DF0E0F91C
:10CB50006069002801D00DF0DBF9E069002801D000
:10CB60000DF0D6F9606A002801D00DF0D1F920004F
:10CB70000DF0ACFF200010BD603F0408104B10B555
:10CB80000360030043331B780400002B13D080683C
:10CB9000002801D00DF0BCF96069002801D00DF02B
:10CBA000B7F9E069002801D00DF0B2F9606A0028F9
:10CBB00001D00DF0ADF920000DF088FF200010BD70
:10CBC000703F040810B50400024B03600DF07EFFB7
:10CBD000200010BDF43E040810B50400024B0360B1
:10CBE0000DF074FF200010BD0C3F04080E4B10B573
:10CBF0000360030064331B780400002B0ED08068B0
:10CC0000002801D00DF084F96069002801D00DF0F2
:10CC10007FF9E069002801D00DF07AF920000DF0CD
:10CC200055FF200010BDC046803F040810B5040029
:10CC3000024B03600DF04AFF200010BDB83D040810
:10CC400010B50400024B03600DF040FF200010BD42
:10CC5000F43D040810B50400024B03600DF036FFEC
:10CC6000200010BD243E040810B50400024B0360F0
:10CC70000DF02CFF200010BD243F040810B5040067
:10CC8000024B03600DF022FF200010BD383F040866
:10CC900010B50400FFF74EFF2000FFF784FD2000D1
:10CCA00010BD10B50400FFF769FF2000FFF77BFD02
:10CCB000200010BD10B50400FFF784FF2000FFF72F
:10CCC00072FD200010BD10B50400FFF785FF2000A5
:10CCD000FFF769FD200010BD10B50400FFF786FFC7
:10CCE0002000FFF760FD200010BD10B50400FFF725
:10CCF0009DFF2000FFF757FD200010BD10B5040078
:10CD0000FFF79EFF2000FFF74EFD200010BD10B57D
:10CD10000400FFF79FFF2000FFF745FD200010BD36
:10CD200010B50400FFF7A0FF2000FFF73CFD200036
:10CD300010BD10B50400FFF7A1FF2000FFF733FD81
:10CD4000200010BD13B504008B6801AA996811F08A
:10CD50006BFD200016BD13B504008B6801AA59694C
:10CD600011F062FD200016BD13B504008B6801AA06
:10CD7000D96911F059FD200016BD13B504008B6868
:10CD800001AA596A11F050FD200016BD13B5040028
:10CD90008B6801AA996811F047FD200016BD13B5F4
:10CDA00004008B6801AA596911F03EFD200016BDF0
:10CDB00013B504008B6801AAD96911F035FD200074
:10CDC00016BD13B504008B6801AA596A11F02CFD39
:10CDD000200016BD13B504008B6801AA996811F0F4
:10CDE00023FD200016BD13B504008B6801AA596904
:10CDF00011F01AFD200016BD13B504008B6801AABE
:10CE0000D96911F011FD200016BD000010B5040015
:10CE1000044B036008300DF0F9FC20000DF056FEC5
:10CE2000200010BDAC3E040810B50400FFF7EEFF73
:10CE30002000FFF7B8FC200010BD000010B5040072
:10CE4000044B036008300DF0E1FC20000DF03EFEC5
:10CE5000200010BD783D040810B50400FFF7EEFF78
:10CE60002000FFF7A0FC200010BD00000E4B70B5A5
:10CE70000360056904000DF053FE854204D0002DC7
:10CE800002D028000DF044F8A068002802D0036802
:10CE90005B68984720000C300DF0B8FC20000DF0C6
:10CEA00015FE200070BDC046343E040810B50400D5
:10CEB000FFF7DCFF2000FFF776FC200010BDF0B587
:10CEC0001C0087B0019005AB04A811F0C2FC03ABB5
:10CED0000C9A210005A811F0BCFC049E059D3300AE
:10CEE0000C3B1B68F31800932B000C3B1F68EF19D9
:10CEF0002A00310001980DF0B1FD041E0ED1300062
:10CF0000E6F7F8F936182800E6F7F4F9009B2D1833
:10CF1000B3420CD17D1B6C1EA5416C4205A811F0DB
:10CF2000F1F904A811F0EEF9200007B0F0BDAF420E
:10CF300002D001360135DBE70124EFE7F0B5170039
:10CF40001C00244B85B003602200009102AB390025
:10CF5000060003A811F07DFC039DE41B2B000C3B95
:10CF60001B686400EB18200001930DF045F80700E2
:10CF700023002A00390000980DF07AFD84420DD874
:10CF8000441C38000CF0C4FF20000DF035F82300DD
:10CF9000070001002A0000980DF06AFD0200390028
:10CFA000300011F05FFB2800E6F7A4F9019B2D1873
:10CFB000AB4205D000213000013511F0DEFBD7E790
:10CFC00038000CF0A5FF03A811F09CF9300005B063
:10CFD000F0BDC046548801200A2808D82F2915D949
:10CFE0003030C0B2814211D23039080070470B0096
:10CFF000303B092BF8D9313B052B01D85739F4E7E1
:10D000000B00413B052B01D83739EEE701204042A8
:10D01000ECE7000008B4FFB5042000910021019264
:10D020001AF056FA174F06003900E6F759F90024AE
:10D03000A0420FD03000E6F75DF9451C28000CF047
:10D04000DBFF31002A0004001AF02CFB3900042019
:10D050001AF03EFA0AAB099A0199009803931CF062
:10D0600067FE0500002C06D0210004201AF030FADB
:10D0700020000CF04DFF280004B0F0BC08BC01B04B
:10D080001847C04672F8030810B50B1E04D011787B
:10D090001A001AF0EDFA0100080010BD10B5002AC0
:10D0A00001D01AF0FFFA10BD0B0010B51100002BD3
:10D0B00002D01A001AF012FB10BD10B503689B686D
:10D0C000984710BD70B5037F04000D00002B02D0FF
:10D0D0004418607F70BD11F0B6FF236829009B697A
:10D0E00020009847F6E7F8B51F00037F05000E0003
:10D0F0001400012B05D1521A38001AF0D3FA20007F
:10D10000F8BD002B01D111F09EFF2B682200DB69D6
:10D1100031009C46280064463B00A0470400EEE72F
:10D1200070B54418FF34A37F1500002B06D10368A7
:10D130001B6A98470300854200D0A077180070BD95
:10D140004B1E99410A4B02000360002343324160A9
:10D150008360C36003744374837443618361C361F8
:10D16000036243628362C362036343631370704765
:10D17000603F04084B1E99410A4B020003600023E4
:10D18000433241608360C3600374437483744361BA
:10D190008361C361036243628362C3620363436367
:10D1A00013707047703F0408531E9A4110B54260D7
:10D1B00000220400034B8160036011000EF0E2FACC
:10D1C000200010BD783E040810B503689B6898479E
:10D1D00010BD10B50368DB68984710BD10B504009A
:10D1E0000B681B699847200010BD10B504000B6840
:10D1F0005B699847200010BD10B504000B689B695F
:10D200009847200010BD10B504000B68DB699847F3
:10D21000200010BD10B503681B6A984710BD036855
:10D2200013B55B6A9847FF240300010A020C2140F2
:10D2300023400902224012040B43000E1343000650
:10D24000184316BD036813B59B6A9847FF24030073
:10D25000010A020C214023400902224012040B4320
:10D26000000E13430006184316BD0000531E9A41DA
:10D2700010B5426000220400034B8160036011007E
:10D280000EF028FA200010BD443E040810B50368D3
:10D290009B68984710BD10B50368DB68984710BDC0
:10D2A00010B504000B681B699847200010BD10B52D
:10D2B00004000B685B699847200010BD10B504009E
:10D2C0000B689B699847200010BD10B504000B68DF
:10D2D000DB699847200010BD10B503681B6A9847AA
:10D2E00010BD036813B55B6A9847FF240300010A69
:10D2F000020C214023400902224012040B43000E7D
:10D3000013430006184316BD036813B59B6A98477C
:10D31000FF240300010A020C21402340090222409D
:10D3200012040B43000E13430006184316BDF0B55C
:10D330008BB004000993180012AB089216001A78FB
:10D34000159D02926A460595149D0B680495139DE0
:10D350000793039510AD88CD88C2079B32009D6866
:10D3600003002000A84720000BB0F0BDF0B58BB043
:10D3700004000993180012AB089216001A78159D44
:10D3800002926A460595149D0B680495139D0793B8
:10D39000039510AD88CD88C2079B3200DD6803007D
:10D3A0002000A84720000BB0F0BDF0B50400160027
:10D3B00018008BB0099310AB1F7812AB1D780B6867
:10D3C00008920793149A159B04920593119B02955A
:10D3D0000193079B00979D68320003002000A84737
:10D3E00020000BB0F0BDF0B504001600180087B0A7
:10D3F00005930CAB04921A780EAB1D780F9F029523
:10D400000D9D0B68009203970195DD6832000300C3
:10D410002000A847200007B0F0BD00004B1E994136
:10D42000074B020003600023643241608360C360E5
:10D43000037443618361C361036283841370704723
:10D44000803F0408531E9A4110B50400044B42600B
:10D450000360816000210EF015FB200010BDC04666
:10D46000943D040810B503689B68984710BD10B53B
:10D470000368DB68984710BD10B504000B681B6992
:10D480009847200010BD10B504000B685B699847F1
:10D49000200010BD10B504000B689B699847200060
:10D4A00010BDF0B504001600180087B005930CAB52
:10D4B000049204CB0E9F1D780B6800920297019591
:10D4C000DD68320003002000A847200007B0F0BD4F
:10D4D000531E9A41074B10B54260036081600400FF
:10D4E0000DF01EFB0021206120000EF0D5FB200076
:10D4F00010BDC046343E040883689A680A60DB6841
:10D500004B60704783681A690A605B694B607047BB
:10D5100083689A690A60DB694B6070478368DA6ADE
:10D520000A601A6B4A605A6B8A609A6BCA60DA6B3F
:10D530000A611A6C4A615B6C8B61704783689A6CF4
:10D540000A60DA6C4A601A6D8A605A6DCA609A6D18
:10D550000A61DA6D4A611B6E8B61704783685A6E8F
:10D560000A609A6E4A60DA6E8A601A6FCA605A6FF1
:10D570000A619A6F4A61DA6F8A611A1DD26FCA61B5
:10D580001A000832D26F0A621A00883212684A62A0
:10D590001A008C32126890338A621B68CB62704723
:10D5A00083681A00943212680A601A00983212686E
:10D5B0004A601A009C3212688A601A00A03212680F
:10D5C000CA601A00A43212680A611A00A8321268EE
:10D5D0004A611A00AC3212688A611A00B0321268CD
:10D5E000CA611A00B43212680A621A00B8321268AC
:10D5F0004A621A00BC321268C0338A621B68CB626E
:10D60000704710B503689B68984710BDF0B58BB0A4
:10D6100008921600149A04000492139A18000392B8
:10D62000129A099302926A460B6810AD079388CD4F
:10D6300088C2079B3200DD6803002000A847200055
:10D640000BB0F0BDF0B58BB008921600149A040030
:10D650000492139A18000392129A099302926A464E
:10D660000B6810AD079388CD88C2079B32001D69F7
:10D6700003002000A84720000BB0F0BDF0B58BB030
:10D6800008921600149A04000492139A1800039248
:10D69000129A099302926A460B6810AD079388CDDF
:10D6A00088C2079B32005D6903002000A847200064
:10D6B0000BB0F0BDF0B58BB008921600149A0400C0
:10D6C0000492139A18000392129A099302926A46DE
:10D6D0000B6810AD079388CD88C2079B32009D6907
:10D6E00003002000A84720000BB0F0BDF0B58BB0C0
:10D6F00008921600149A04000492139A18000392D8
:10D70000129A099302926A460B6810AD079388CD6E
:10D7100088C2079B3200DD6903002000A847200073
:10D720000BB0F0BD4B1E9941044B10B54160036036
:10D7300004000DF0E9F9A060200010BDAC3E040823
:10D7400010B503689B68984710BD37B50400079D66
:10D7500008680195069D0095C5682000A84720002F
:10D760003EBD10B503681B69984710BD4B1E99411B
:10D77000044B10B54160036004000DF0C5F9A060D2
:10D78000200010BD783D040837B5069D046800955B
:10D79000A468A0473EBD70B504000868C5682000B5
:10D7A000A847200070BD000010B504000B480DF024
:10D7B0001DFA23685A689B68834203D98000805809
:10D7C000002801D1FFF708F80023054A05490CF0AD
:10D7D000A3FB002801D10CF0F7FB10BD68880120E5
:10D7E00068600408804F040810B504000B480DF071
:10D7F000FDF923685A689B68834203D980008058EA
:10D80000002801D1FEF7E8FF0023054A05490CF086
:10D8100083FB002801D10CF0D7FB10BD94780120C8
:10D8200088400408804F0408F0B5040087B0080061
:10D830000F00FFF7D9FF0100050003A8FFF71CFE4A
:10D84000039B0C3B1868E0600CF0D6FB0023E268F9
:10D850000100060003A810F0A7FC0023E2689A422A
:10D8600004D00022B256D3179B1ADB0F2900237471
:10D8700004A8FFF708FE049B0C3B1868A0610CF09D
:10D88000BBFBA26900900023010004A810F08CFCEF
:10D89000290005A8FFF7FEFD059B0C3B18682062D8
:10D8A0000CF0AAFB226A01000190002305A810F0E9
:10D8B0007BFC2800FFF7D6FD631DD8772800FFF713
:10D8C000D6FDA31DD8773800FFF76EFF124B050079
:10D8D000196823000A0026332432FFF704FC0F4B9B
:10D8E0002800196823000A004A331A32FFF7FBFBAD
:10D8F000009BA6606361019B05A8E361012364347A
:10D90000237010F0FFFC04A810F0FCFC03A810F03A
:10D91000F9FC07B0F0BDC046AC010020A801002012
:10D92000F7B505000E480DF061F92A688300D46848
:10D930000190E4182768002F0FD16820FEF737FF09
:10D9400006003900FFF76AFD29003000FFF76CFF81
:10D95000019A310028680DF009FA2068FEBDC04622
:10D960009478012010B504000B480DF03FF92368AE
:10D970005A689B68834203D980008058002801D1EF
:10D98000FEF72AFF0023054A05490CF0C5FA0028D6
:10D9900001D10CF019FB10BD8C7801205C4004080B
:10D9A000804F040810B504000B480DF01FF92368E0
:10D9B0005A689B68834203D980008058002801D1AF
:10D9C000FEF70AFF0023054A05490CF0A5FA0028D6
:10D9D00001D10CF0F9FA10BD9078012050400408F4
:10D9E000804F040810B504000B480DF0FFF82368C1
:10D9F0005A689B68834203D980008058002801D16F
:10DA0000FEF7EAFE0023054A05490CF085FA0028D6
:10DA100001D10CF0D9FA10BDA0780120C83F04084C
:10DA2000804F0408F0B5040089B008000F00FFF72C
:10DA3000D9FF0500FFF72AFC60742800FFF72BFCD4
:10DA4000A0742800FFF748FC2900E06204A8FFF753
:10DA500027FC049B0C3B1868E0600CF0CDFA002317
:10DA6000E2680100060004A810F09EFB0023E268B3
:10DA70009A4204D00022B256D3179B1ADB0F29001A
:10DA8000237405A8FFF713FC059B0C3B1868A061E5
:10DA90000CF0B2FAA26901900023010005A810F071
:10DAA00083FB290006A8FFF709FC069B0C3B1868BE
:10DAB00020620CF0A1FA226A02900023010006A85D
:10DAC00010F072FB290007A8FFF7FFFB079B0C3B38
:10DAD0001868A0620CF090FAA26A0100002303907B
:10DAE00007A810F061FB2800FFF7FBFB206328006C
:10DAF000FFF70AFC60633800FFF756FE0F4B19680A
:10DB000023000A0038330B32FFF7EDFA019BA660C1
:10DB10006361029B07A8E361039B636201234334B3
:10DB2000237010F0EFFB06A810F0ECFB05A810F036
:10DB3000E9FB04A810F0E6FB09B0F0BDB00100203D
:10DB4000F7B505000E480DF051F82A688300D46837
:10DB50000190E4182768002F0FD14420FEF727FE1C
:10DB600006003900FFF706FB29003000FFF75AFFD7
:10DB7000019A310028680DF0F9F82068FEBDC04612
:10DB8000A078012010B504000B480DF02FF8236891
:10DB90005A689B68834203D980008058002801D1CD
:10DBA000FEF71AFE0023054A05490CF0B5F90028D6
:10DBB00001D10CF009FA10BDA4780120A83F040897
:10DBC000804F0408F0B5040089B008000F00FFF78B
:10DBD000D9FF0500FFF7F8FA60742800FFF7F9FA9B
:10DBE000A0742800FFF716FB2900E06204A8FFF7E5
:10DBF000F5FA049B0C3B1868E0600CF0FDF900237B
:10DC0000E2680100060004A810F0CEFA0023E268E2
:10DC10009A4204D00022B256D3179B1ADB0F290078
:10DC2000237405A8FFF7E1FA059B0C3B1868A06177
:10DC30000CF0E2F9A26901900023010005A810F0A0
:10DC4000B3FA290006A8FFF7D7FA069B0C3B186821
:10DC500020620CF0D1F9226A02900023010006A88C
:10DC600010F0A2FA290007A8FFF7CDFA079B0C3B9A
:10DC70001868A0620CF0C0F9A26A010000230390AA
:10DC800007A810F091FA2800FFF7C9FA20632800CE
:10DC9000FFF7D8FA60633800FFF786FD0F4B19686D
:10DCA00023000A0038330B32FFF71DFA019BA660F0
:10DCB0006361029B07A8E361039B63620123433412
:10DCC000237010F01FFB06A810F01CFB05A810F035
:10DCD00019FB04A810F016FB09B0F0BDB00100203C
:10DCE000F7B505000E480CF081FF2A688300D46860
:10DCF0000190E4182768002F0FD14420FEF757FD4C
:10DD000006003900FFF71CFA29003000FFF75AFF20
:10DD1000019A310028680DF029F82068FEBDC04640
:10DD2000A478012010B504000B480CF05FFF2368B5
:10DD30005A689B68834203D980008058002801D12B
:10DD4000FEF74AFD0023054A05490CF0E5F80028D6
:10DD500001D10CF039F910BD88780120E83F0408A2
:10DD6000804F040810B504000A480CF03FFF2268F9
:10DD70000023916881420BD95268800080589842F4
:10DD800006D0054A05490CF0C7F8431E9841C3B2B6
:10DD9000180010BD6888012068600408804F0408DE
:10DDA00010B504000A480CF021FF22680023916896
:10DDB00081420BD9526880008058984206D0054AAB
:10DDC00005490CF0A9F8431E9841C3B2180010BDD4
:10DDD0008C7801205C400408804F040810B50400D2
:10DDE0000A480CF003FF22680023916881420BD996
:10DDF000526880008058984206D0054A05490CF0C8
:10DE00008BF8431E9841C3B2180010BD90780120D2
:10DE100050400408804F0408F0B50026350085B056
:10DE200002910B9C0A990392013B039A571901979F
:10DE30003F78621ABA4208DC07000B009C420ED001
:10DE40001A7801333A700137F8E77AB2002AF3DD25
:10DE5000E41BAB4201D90135E7E70136E5E7611A7A
:10DE60004018013E10D36B461B7A0370019B197852
:10DE70000023994203D14B1CC0186418F1E7E25CFF
:10DE8000C7187A700133F4E7013D10D36B461B7A53
:10DE90000370039B5F5D0023591CBB4202D14018F5
:10DEA000E418F1E7E65CC3185E700B00F4E705B018
:10DEB000F0BDF7B5089F080019000A9B0B9DFE1ADC
:10DEC000002F00D12E689C190194009313000200CA
:10DED0000998FFF7A1FF099BC41A002F07D02B68F0
:10DEE00039009A1BFFF7DAF82B689E1BA4192C60E7
:10DEF000F7BD37B50D00099C0898190023680090FC
:10DF0000C3180193079813002A00FFF785FF079BAA
:10DF1000C01A206037BDF7B514001D00099A089B90
:10DF200001919E1AB023C2681340202B0BD1099A8D
:10DF300029002000FFF7B2F8099B019AE018310090
:10DF4000FFF7B2F8F7BD102B0CD00027019A310073
:10DF50002000FFF7A9F8099BE919DA1BA019FFF7C0
:10DF60009DF8EFE76C30FFF71FFC2D210700FFF74E
:10DF7000A9F82B78834204D12B7801272370013430
:10DF8000E4E72B213800FFF79DF82B788342F3D08C
:10DF900030213800FFF796F82B788342D5D1099BC2
:10DFA000012BD2DD78213800FFF78CF86B788342A3
:10DFB00006D12B78022723706B7863700234C5E793
:10DFC00058213800FFF77EF86B788342BDD1F0E727
:10DFD00037B51500089C1800236800920193069A33
:10DFE000079BFFF798FF256037BDF8B5170006AA15
:10DFF000127806000D00002A10D0040028000A2123
:10E00000E2F730F979180B79013C280023700A21D6
:10E01000E2F7A2F8051EF1D1301BF8BD4A221A40E2
:10E02000402A0AD10400393A2B001340FB181B790F
:10E03000013C2370ED08F7D1EEE714225B0400D415
:10E04000103A34000F21BF182B000B40FB5C013C41
:10E0500023702D09F8D1DFE7F8B51E0008AB1B7857
:10E0600014000700079A002B17D00500200031008C
:10E070000A220023E5F71CF8069B013D9A18137944
:10E0800020002B7031000A220023E5F711F80E0062
:10E0900004000143EAD1781BF8BD4A231340402B0A
:10E0A00010D105000722230006991340CB181B79D5
:10E0B000013D2B70E40873071C432300F60833432B
:10E0C000F1D1E8E71423520400D4103B3D000F21A6
:10E0D000069AD31822000A409A5C013D2A7024094E
:10E0E00032071443220036093243F3D1D3E710B587
:10E0F00004000068002804D005F0EAF901235B421F
:10E100006360200010BD73B56C46D5B20600009167
:10E110006260002D08D11900069A009805F001FAF6
:10E12000069B834200D0013533002571300006CCB8
:10E1300006C376BDF0B593B00B9318AB0A9204CB2F
:10E14000089014001B786C34200003920493FFF7AE
:10E150002BFB07002000FFF7F3FC02001A9B38326C
:10E160001B68127819780500914214D01E00026BCA
:10E170000D92C2690592026A0292340004220C3B9D
:10E180001B68F318A34213D92178B869415C114286
:10E190000ED00134F6E7426B0D92426A0592826A14
:10E1A00002921A000C3A1668741EA6419E19E4E702
:10E1B000A41B069400D1AFE06E4B61000EA80E9335
:10E1C00010F00BFAEA6AA31A002B5FDD002A00DBCD
:10E1D0001C00EB68002B53D0610000220EA810F049
:10E1E0005DF90EA810F012F93319A97C019300967D
:10E1F000EB68AA680E98FFF70FFE07000EA810F054
:10E2000005F901220E9B5242F91A0EA810F00EF9E0
:10E21000EB6A002B0ADD697C0EA810F0AEFA002C28
:10E2200036DBEA6A31190EA810F01CFA039BDA6893
:10E23000B023134007930E9B0C3B1F68029BDF1912
:10E240000023920500D5AB69DF194A4B79000FA86E
:10E250000F9310F0C2F9039B9C6800230693079B61
:10E26000102B03D1A7429B415B42069300260DABC6
:10E27000F05C042822D8E1F751FF7267155962005B
:10E28000220031000EA810F049F9C1E71C00BFE7D9
:10E290002B0039331A7861420EA810F01DFA069A45
:10E2A0003100C0E78022039B9200DB680993134290
:10E2B00004D0AA6969690FA810F0D4F90136042EB8
:10E2C000D5D1029B012B06D91A000599013A0131DB
:10E2D0000FA810F0C7F90F9B0C3B19688C4208D9A6
:10E2E000079B611A202B3ED1049A0FA810F0F4F975
:10E2F000210010AD00910F9B0A990B9A2800FFF79F
:10E3000002FF109B0AAC0A932B790FA823710FF020
:10E31000F9FF0EA80FF0F6FF0023039A9360089A06
:10E320000AAB03CB03C2089813B0F0BD029B002BCD
:10E33000C4D0059B19780FA810F01FFABEE70EA9EC
:10E340000FA810F08AF9B9E7069B002B05D0E11B56
:10E35000049A0FA810F0C0F9B0E70499EBE7069B08
:10E36000002BABD0F3E70A00049B00210FA810F0AC
:10E370009FF8BDE754880120F0B593B00B9318AB1C
:10E380000A9204CB089014001B786C34200003928E
:10E390000493FFF709FA07002000FFF7A1FC020031
:10E3A0001A9B38321B68127819780500914214D0F4
:10E3B0001E00026B0D92C2690592026A029234003D
:10E3C00004220C3B1B68F318A34213D92178B869C7
:10E3D000415C11420ED00134F6E7426B0D92426A65
:10E3E0000592826A02921A000C3A1668741EA641BF
:10E3F0009E19E4E7A41B069400D1AFE06E4B6100C8
:10E400000EA80E9310F0E9F8EA6AA31A002B5FDD5C
:10E41000002A00DB1C00EB68002B53D061000022B7
:10E420000EA810F03BF80EA80FF0F0FF3319A97CEE
:10E4300001930096EB68AA680E98FFF7EDFC0700C1
:10E440000EA80FF0E3FF01220E9B5242F91A0EA80C
:10E450000FF0ECFFEB6A002B0ADD697C0EA810F0D0
:10E460008CF9002C36DBEA6A31190EA810F0FAF8A4
:10E47000039BDA68B023134007930E9B0C3B1F6885
:10E48000029BDF190023920500D5AB69DF194A4BC7
:10E4900079000FA80F9310F0A0F8039B9C6800234D
:10E4A0000693079B102B03D1A7429B415B42069327
:10E4B00000260DABF05C042822D8E1F72FFE72672E
:10E4C00015596200220031000EA810F027F8C1E7AC
:10E4D0001C00BFE72B0039331A7861420EA810F0F8
:10E4E000FBF8069A3100C0E78022039B9200DB68AC
:10E4F0000993134204D0AA6969690FA810F0B2F811
:10E500000136042ED5D1029B012B06D91A0005999C
:10E51000013A01310FA810F0A5F80F9B0C3B1968C8
:10E520008C4208D9079B611A202B3ED1049A0FA870
:10E5300010F0D2F8210010AD00910F9B0A990B9AB0
:10E540002800FFF7E0FD109B0AAC0A932B790FA877
:10E5500023710FF0D7FE0EA80FF0D4FE0023039A0C
:10E560009360089A0AAB03CB03C2089813B0F0BDBE
:10E57000029B002BC4D0059B19780FA810F0FDF862
:10E58000BEE70EA90FA810F068F8B9E7069B002BAC
:10E5900005D0E11B049A0FA810F09EF8B0E704998B
:10E5A000EBE7069B002BABD0F3E70A00049B0021AE
:10E5B0000FA80FF07DFFBDE754880120F0B591B0A2
:10E5C00004AFBA611822FB6130233961B918CB1846
:10E5D0001B7810243B6038231500CB181B78F96C8E
:10E5E000FB60BB186C31786118190CF07AFA7B1952
:10E5F0001819FFF7D9F892B0B8600CF085FABB6D26
:10E60000FC6DF86202930394182400231420324E08
:10E610003C1904AD00932018330040222900FEF776
:10E62000F9FC04003F281BDD431C7B606B460F3464
:10E63000E408E4001B1B9D460CF066FABB6DFC6D04
:10E64000F8620293039400231824142000933C19C9
:10E6500004AD201833007A682900FEF7DBFC0400C3
:10E6600018221423B918CE18083BCB180022210019
:10E6700030000FF02BFE2C1930000FF0C7FEFB6AA4
:10E6800022002900B868FEF72EFD3B680296002B99
:10E6900016D0FB680193FB6C0093BA69FB6939697A
:10E6A0007869FFF747FD30000FF02CFE1822102389
:10E6B000BA18D0180CF085FABD4678690DB0F0BDD7
:10E6C000FB680193FB6C0093BA69FB69396978694F
:10E6D000FFF752FEE7E7C046A03F040830B504004C
:10E6E00087B0049205930CAA0AAB1D7812780B9B95
:10E6F0000D98019202900093049A059B2000002D32
:10E7000004D0FFF717FD200007B030BDFFF734FE3F
:10E71000F9E7F0B591B004AF3A6220227B6228237A
:10E72000BA18D31820CBF86028001B786C30B96079
:10E730007B60FFF7F5F8030026333B61EB6888B098
:10E74000FB6104AB7B614A23FA6904001A40BA6199
:10E75000396D0026402A02D0082A00D07BE0786973
:10E760000096FB693A691430FFF73FFC7B69F86259
:10E77000227C1B1A1433002A1BD06A46400010303A
:10E78000C008C000121A9546202012220C216A44AB
:10E7900038187A614118A21DD27F039102937B69D8
:10E7A00000950193A1681300B868E268FFF7A1FB28
:10E7B0007B69FA6A002E34D0396D00292EDBF969A5
:10E7C000090505D5013B0834E17F19700132FA6271
:10E7D000AA68F96A914214DA110068460E31C90834
:10E7E000C900411A20208D460C213818411804AC6C
:10E7F0000193029100942B007968B868FFF7E8FB59
:10E8000023000022AA60FA6A0092F868396A7A6ADC
:10E81000FFF779FCBD46F8680DB0F0BD013B073449
:10E82000D2E7F9698905D3D5396D0029D0D0B96906
:10E830002A34402902D1013B2178C6E7F9693869B9
:10E840004904C90F41188878591E08702178023B85
:10E8500019700232BBE73B6D002B01DC3B6D594266
:10E8600001267CE770B5040086B00AA820C80C9E7B
:10E8700000780296019000952000FFF74AFF2000E3
:10E8800006B070BDF0B58FB004AF1826FB61282329
:10E89000BA61BA19D31810CBB8601B787B603023EB
:10E8A000D3181D78E368FB60DB070FD408200295BE
:10E8B0007B6800940193BC19BA69FB692018FFF7C3
:10E8C00028FF3B6ABB612423FB183CE020006C302E
:10E8D000FFF726F8002D41D045698669A3689E425E
:10E8E0005ADA6A469B1B7B610E33DB08DB00D31AC6
:10E8F0009D4604AB7A68180079693B61FEF7D4FB4A
:10E900000023FA68A360B0331A40202A29D12B00D3
:10E9100018250824009624267819B969FA6900197F
:10E92000FFF7F1FB3B6A7819BB61BB191B78001933
:10E930003B777B6900933B69396AFA69FFF7E3FB30
:10E940003B6ABB61BB191B78BD463B771823BA688D
:10E95000FB1803CB03C2B8680BB0F0BDC569066AEB
:10E96000BCE7182008247B69381800933B69B96913
:10E97000FA690019FFF7C7FB3B6A1820BB61242323
:10E98000FA18137838183B772B000096396AFA6921
:10E990002018FFF7B8FB94E70023A3601824009623
:10E9A0002B00B969FA6908203C19F1E7F0B591B07C
:10E9B00004AF3A6220227B622823BA18D31840CBD6
:10E9C000F86030001B786C307B60B960FEF7A8FF00
:10E9D000030026333B61F36888B0FB614A23FA6980
:10E9E00005001A40002304ACBB617A611300402A81
:10E9F00004D0083B5A1E9341DBB2BB612000BB69C7
:10EA000014300093FB693A69396DFFF7EEFAF8624A
:10EA10002A7C231A1433002A19D06A464000103089
:10EA2000C008C000121A2020954612240C21381864
:10EA3000AA1DD27F41186C44029303910194009661
:10EA40001300A968EA68B868FFF753FA2300BA69A7
:10EA5000002A0FD1FA6992050CD53A6D002A09D027
:10EA60007A69F96A2A35402A2AD12A78013B1A7034
:10EA70000131F962B268F96A914214DA110068460C
:10EA80000E31C908C900411A20208D460C213818C2
:10EA9000411804AD01930291009533007968B8687C
:10EAA000FFF796FA2B000022B260FA6A0092F8682B
:10EAB000396A7A6AFFF727FBBD46F8680DB0F0BDEA
:10EAC000FA6938695204D20F821890785A1E107071
:10EAD0002A78023B1A700231CBE770B5040086B089
:10EAE0000AA820C80C9E007802960190009520008C
:10EAF000FFF75CFF200006B070BD0000F0B58BB0E2
:10EB000005000793180010AB40CB94461B78069283
:10EB10000593104AF36808AF04931A4082239B00C0
:10EB20001343F360129B62460293059B0096019388
:10EB300003003800FFF73AFF089B06AC06933B79C9
:10EB400028002371049BF3602B0006CC06C30BB096
:10EB5000F0BDC046B5BFFFFFF0B593B004AFFB6298
:10EB60002823BA62FA18D31820CBF86028001B7843
:10EB70006C307B60BB6DB960BB61FB6D00263B6296
:10EB8000FEF7CEFE030026333B61EB688CB07B6260
:10EB900004AB7B614A237A6A04001A40FA61F9697E
:10EBA000BA693B6A402902D0082900D07EE0786922
:10EBB0000296796A2830019139690091FFF74CFA81
:10EBC0007B697863227C1B1A2833002A1BD06A4693
:10EBD00040001030C008C000121A954628201222AA
:10EBE0000C216A4438187A614118A21DD27F039122
:10EBF00002937B6900950193A1681300B868E268ED
:10EC0000FFF777F97B697A6B002E34D0396A0029D7
:10EC10002EDB796A090505D5013B0834E17F1970BF
:10EC200001327A63AA68796B914214DA110068465E
:10EC30000E31C908C900411A28208D460C21381808
:10EC4000411804AC0193029100942B007968B868D4
:10EC5000FFF7BEF923000022AA607A6B0092F868E1
:10EC6000B96AFA6AFFF74FFABD46F8680FB0F0BD0F
:10EC7000013B0734D2E7796A8905D3D5B969386A87
:10EC80000143CFD0F9692A34402902D1013B2178D0
:10EC9000C5E7796A38694904C90F41188878591E4F
:10ECA00008702178023B19700232BAE7396A0029EC
:10ECB00008DC02D1B969002904D110001900002331
:10ECC00042428B41012672E7F0B5040087B00CA8E0
:10ECD00020C80E9E0F9F0078029603970190009522
:10ECE0002000FFF739FF200007B0F0BDF0B593B06A
:10ECF00004AFFB622823BA62FA18D31840CB7861BC
:10ED000030001B786C307B60BB6D3961FB60FB6D44
:10ED1000BB60FEF705FE03002633BB61F3688CB0D1
:10ED20007B624A237A6A05001A40002304AC3B62E6
:10ED3000FA611300402A04D0083B5A1E9341DBB20B
:10ED40003B6220003B6A283002937B6A0193BB69D7
:10ED50000093FA68BB68FFF77FF978632A7C231A6F
:10ED60002833002A19D06A4640001030C008C0007D
:10ED7000121A2820954612240C213818AA1DD27F79
:10ED800041186C4402930391019400961300A96802
:10ED9000EA683869FFF7ADF823003A6A002A10D113
:10EDA0007A6A92050DD5FA68B9680A4309D0FA69FA
:10EDB000796B2A35402A2AD12A78013B1A70013111
:10EDC0007963B268796B914214DA110068460E31AA
:10EDD000C908C900411A28208D460C21381841184D
:10EDE00004AD019302910095330079683869FFF70B
:10EDF000EFF82B000022B2607A6B00927869B96A52
:10EE0000FA6AFFF780F9BD4678690FB0F0BD7A6AFB
:10EE1000B8695204D20F821890785A1E10702A785E
:10EE2000023B1A700231CBE7F0B5040087B00CA8A2
:10EE300020C80E9E0F9F00780296039701900095C0
:10EE40002000FFF753FF200007B0F0BDF0B595B0EC
:10EE500004AF3A6220227B623823B960B918CB181C
:10EE600040CBF8601B787B604023CB181C783300C4
:10EE70006C3318003B61FEF753FD7368F861BB61AA
:10EE8000002B01DA0623BB6122002024102339194C
:10EE9000C91830000BF0B6FF8223F2685B001A40FD
:10EEA0008EB07A6104AD9A4200D1CAE00BF02CFE1C
:10EEB000BB6EFC6EF86202930394202410230C2096
:10EEC000BA69290000923A193C19D31820182D224A
:10EED000FEF7A0F8B862BB6A2C2B23DD6A465C1CE7
:10EEE0000F33DB08DB00D31A9D4682237A6904AD19
:10EEF0005B009A4200D1B7E00BF006FEBA6EFB6EE3
:10EF0000F862029203932022BB69B91822002024E0
:10EF100000930C2010233C19CB1820182900FEF771
:10EF200079F8B8623869FEF73FFCBA6A694613009F
:10EF30000E33DB08DB00CB1A9D4604ACAA18230075
:10EF40002900FEF7D0F8BB6A2C22BB612E23BA1829
:10EF500013702022223BBA18D218B9692800FEF794
:10EF600093F8021E05D0FB69421B0533DB7FA21814
:10EF70001370FB691B7C002B3CD0002A0AD1BB69B3
:10EF8000022B07DD6B78303B092B33D8AB78303B55
:10EF9000092B2FD86946BB695B000E33DB08DB0009
:10EFA000CB1A9D46FD2104AB7B612B7800252B3BC2
:10EFB0000B4206D12378796901350B70BB69013B9F
:10EFC000BB6220200821FB693818411864190633F8
:10EFD000DB7F029403917969009249190191FA69E2
:10EFE000F969D2688968B868FEF763FFBB6A7C6913
:10EFF0005D19BD62B268BB6A934214DA13006946B8
:10F000000E33DB08DB00CB1A20219D46082379183C
:10F01000CB1804AD02930194009533007968B86869
:10F02000FEF7D6FF2C000023B360BB6A0093F8689C
:10F030002300396A7A6AFFF766F8BD46F86811B0AE
:10F04000F0BD0BF061FDBB6EFC6EF86200930194A5
:10F05000202410230C203A193C19D31829002D2202
:10F060002018FDF7D7FF35E70BF04EFDBA6EFB6EAB
:10F07000F862009201932022B91822002024102364
:10F080000C203C19CB1820182900FDF7C3FF48E7D6
:10F09000F0B589B00400109E119F0EA820C800781A
:10F0A0000496059700260190029620000095FFF730
:10F0B000CDFE200009B0F0BDF0B595B004AF3A62C6
:10F0C00020227B623823B960B918CB1840CBF86096
:10F0D0001B787B604023CB181C7833006C331800FE
:10F0E0003B61FEF71DFC7368F861BB61002B01DA20
:10F0F0000623BB612200202410233919C9183000CF
:10F100000BF080FE8223F2685B001A408EB07A61B9
:10F1100004AD9A4200D1CAE00BF0F6FCBB6EFC6E67
:10F12000F86202930394202410230C20BA6929006A
:10F1300000923A193C19D31820182D22FDF76AFFC6
:10F14000B862BB6A2C2B23DD6A465C1C0F33DB08DC
:10F15000DB00D31A9D4682237A6904AD5B009A4294
:10F1600000D1B7E00BF0D0FCBA6EFB6EF8620292F1
:10F1700003932022BB69B9182200202400930C209D
:10F1800010233C19CB1820182900FDF743FFB86263
:10F190003869FEF709FBBA6A694613000E33DB08CB
:10F1A000DB00CB1A9D4604ACAA1823002900FDF70A
:10F1B0009AFFBB6A2C22BB612E23BA18137020223F
:10F1C000223BBA18D218B9692800FDF75DFF021E6C
:10F1D00005D0FB69421B0533DB7FA2181370FB6966
:10F1E0001B7C002B3CD0002A0AD1BB69022B07DD17
:10F1F0006B78303B092B33D8AB78303B092B2FD8B9
:10F200006946BB695B000E33DB08DB00CB1A9D4609
:10F21000FD2104AB7B612B7800252B3B0B4206D1F3
:10F220002378796901350B70BB69013BBB622020F3
:10F230000821FB693818411864190633DB7F0294F2
:10F2400003917969009249190191FA69F969D268C3
:10F250008968B868FEF72DFEBB6A7C695D19BD62DE
:10F26000B268BB6A934214DA130069460E33DB08B6
:10F27000DB00CB1A20219D4608237918CB1804AD5A
:10F2800002930194009533007968B868FEF7A0FEF8
:10F290002C000023B360BB6A0093F8682300396A2E
:10F2A0007A6AFEF730FFBD46F86811B0F0BD0BF08A
:10F2B0002BFCBB6EFC6EF86200930194202410239B
:10F2C0000C203A193C19D31829002D222018FDF7DB
:10F2D000A1FE35E70BF018FCBA6EFB6EF8620092E7
:10F2E00001932022B9182200202410230C203C195D
:10F2F000CB1820182900FDF78DFE48E7F0B589B03E
:10F300000400109E119F0EA820C80078049605974F
:10F310004C260190029620000095FFF7CDFE2000BC
:10F3200009B0F0BDF0B5A9B02E9C05936C3431AB9B
:10F330001F78060032AB20001D780492FEF734FAE5
:10F3400003902000FEF7EEFC252104000398FDF752
:10F35000B9FE07AB1870002D15D15F709D70309A03
:10F3600008A90092200080220CF067FC08A8E3F7AF
:10F37000C1FF08AB009004993000059AFEF7C3FE68
:10F38000300029B0F0BD00225D709F70DA70E6E7B2
:10F39000036810B50400002B0CD04068421C05D156
:10F3A000180004F0A3F8431C01D0606010BD0023D6
:10F3B0002360FBE701204042F8E770B50D00FFF73E
:10F3C000E7FF04002800FFF7E3FF01340130434268
:10F3D000434160426041181A43425841C0B270BD77
:10F3E00010B5FFF7EAFF030001205840C0B210BD7E
:10F3F000F0B585B00090109803936C300292119F85
:10F40000FEF7D2F90F9B01900A25022B04D0093D8B
:10F41000042B01D1FA25AD00002426000AA902A878
:10F42000FFF7DEFF0F9B002823D09E4223D002A8C7
:10F43000FFF7AEFF2A22C1B20198FDF771FE303806
:10F44000C3B2092B20D80A235C43041923006B4361
:10F450000E9A934218DC0D9AEB18934214DD0A21A0
:10F460002800E0F703FF050002A8FEF740FE013682
:10F47000D4E79E4208D10C9B1C60009A02AB03CBE0
:10F4800003C2009805B0F0BD0F9B042B03D1022EE0
:10F4900001D1643CEFE704233A6813433B60ECE797
:10F4A000F0B587B000AF7860786C3A616C307B6102
:10F4B000FEF77AF96A463B6C06009B000E33DB08C8
:10F4C000DB00D31A10229D46BB602023B918C9184F
:10F4D000B818FFF785FF00284BD01023F818FFF766
:10F4E00057FF0024C5B2FC603B6C9C4214D0FA6B01
:10F4F000A300D3581978A94208D1FB68BA689B00C9
:10F500009C50FB680133FB600134EDE73000FDF7F0
:10F51000D4FDA842F8D1F0E70024FB68012B58D9AC
:10F52000BD68FA6B08CD9B009858E3F7E3FE060030
:10F53000FB68BA689B00D3183B602B68FA6B9B0092
:10F540009858E3F7D7FE864200D906003B68043599
:10F55000AB42F2D1102501347819FEF7C8FDB44250
:10F5600007D220237919C9187819FFF739FF002825
:10F5700010D1BB6C1B68FB600423FA681343BA6CA0
:10F5800013601023BD467A68FB1803CB03C278686A
:10F5900007B0F0BD002503E00135FB689D42BCD2F9
:10F5A000BB68AE009E193368FA6B9B009B581B5DCD
:10F5B0003B601023F818FFF7EBFE3B68C0B28342B4
:10F5C000EAD0FB68BA68013BFB609B009B58336044
:10F5D000E3E7FB68012BCCD10F33F818FEF787FD6A
:10F5E000BB68FA6B1B680134FB609B009D582800C8
:10F5F000E3F780FE0600B44218D210222023B91887
:10F60000C918B818FFF7ECFE0028B2D010222B5D05
:10F61000B818BB60FFF7BCFEBB68C0B28342A8D17C
:10F620001023F818FEF763FD0134E4E7B442A0D1DB
:10F63000BB6BFA681A60A4E7F0B589B000AFF86058
:10F64000F86CBA616C30FB61FEF7AEF86A46BB6CD1
:10F65000B860DB000833D31A18229D467B61202353
:10F66000BA18D1181000FFF7BBFE00283CD01823B1
:10F670000024F818FFF78CFE2600BB6CC5B25B00B7
:10F680003B613B69A34211D07A6CA300D35819782F
:10F69000A94205D17A69B3009C5001360134F0E7E4
:10F6A000B868FDF70AFDA842F8D1F3E7002E1BD099
:10F6B0001823F818FEF71BFD6A46B3003B610E33B2
:10F6C000DB08DB00D31A9D4600246D463B69A3424C
:10F6D0002BD07B697A6C1B59BB609B009858E3F771
:10F6E00009FE28510434F1E70024250026001822E1
:10F6F0002023BA18D1181000FFF772FE002834D06A
:10F700001823F818FFF744FEC3B27B6000233B6167
:10F710009E4221D99A00A81884460068A04206D8C3
:10F720003A6901323A610133F2E70124DFE778698F
:10F730008218106811007A6C800080587A68005D29
:10F740009042F0D0013E7A69B00012582858BA6051
:10F750000A6062461060DBE73B699E4205D01823D1
:10F76000F818FEF7C4FC0134C1E7012E13D12B6851
:10F77000A34217D17B69BA6C1B68934200D39B1AD2
:10F780003A6C13601823BD46FA68FB1803CB03C21A
:10F79000F86809B0F0BD022E04D12B68A342E9D06D
:10F7A0006B68E5E73B6D1B687B6104237A69134353
:10F7B0003A6DE6E7F0B5A3B02A9C0D906C342000BA
:10F7C0000991129213932C9FFEF7ACFA0B90200034
:10F7D000FDF7EAFF0A902D98E3F78CFD00240E90C8
:10F7E000149412AD28A92800FFF7FAFD149E0028F2
:10F7F00066D00E9B9C4263D2002E61D12D9B3200BD
:10F800001B1919780A980C93FDF78AFC252800D05B
:10F810008FE2631C0C932D9B621C995C0A9832004A
:10F82000FDF77EFC1596452801D04F2808D1A31C72
:10F830000C930C9A2D9B0A98995C0022FDF770FCA2
:10F840004138382800D9BEE112ACE0F77BFC7000EB
:10F850009800D001F800BC01BC01BC0114013401C6
:10F86000BC01BC01BC015F01BC01BC01BC01BC010D
:10F870008D019201C101BC01BC01BC01CB01D001D1
:10F88000F601BC01BC01BC01BC01BC01BC014C00C7
:10F8900076009E00A700BB00BC01BC017600BC0145
:10F8A000BC01BC01BC013F017F01BC01BC01BC012A
:10F8B000BC01BC01B201BC01BC01BC01C601D0014C
:10F8C000002E02D10E9B9C4207D02B9B1B680993F4
:10F8D0000423099A13432B9A13600D9B06CD06C38C
:10F8E0000D9823B0F0BD16AE31000B98FDF726FE43
:10F8F00014AB06932A9B039605930723049315AB39
:10F9000002936B4628AA03CA03C310AC139B129A36
:10F91000200012AD0999FFF7C3FD0CCC0CC5149B58
:10F92000002B01D1159BBB610C9C013459E716AE2D
:10F9300031000B98FDF7F2FDDAE716AE31000B98B7
:10F94000FDF72EFE14AB06932A9B039605930C231A
:10F95000049315AB02936B4628AA03CA03C310ACE9
:10F96000139B129A200012AD0999FFF799FD0CCC58
:10F970000CC5149B002BD7D1159B3B61D4E716AE69
:10F9800031000B98FDF7EAFDDCE716A90B98FDF7AF
:10F99000BFFD169B12AD10AC05935AE014AB079354
:10F9A0002A9B28AA0693022305931D3304931E3B2A
:10F9B000039315AB02936B4603CA03C3129A10ADAF
:10F9C00063681EE02000FFF7E3FCFF2318400A9B5A
:10F9D00010AD9B690F931B5C1B071ED52000FEF723
:10F9E00086FB14AB07932A9B0922069301230593F8
:10F9F000039315AB02936B46049228AA42CA42C3F2
:10FA00000CC828000999FFF7F3FC0CCD0CC4149B1B
:10FA1000002B89D1159BFB6086E714AB07932A9BCB
:10FA200028AA0693022305931D330493153B0393E1
:10FA300015AB02936B4603CA03C32268C0E716AE38
:10FA40003300C44AC4490A98FDF74DFB12AD10AC0F
:10FA5000059614AB03932A9B049702936B4628AA3E
:10FA600003CA03C32000129A139B0999FFF7A2FE51
:10FA70000CCC0CC558E714AB07932A9B10AD06932A
:10FA800002230593153304930023039315AB0293CC
:10FA90006B4628AA03CA03C328006368129A09990F
:10FAA000FFF7A6FC0CCD0CC4149B002B00D03BE749
:10FAB000159BBB6038E714AB07932A9B10AD0693E8
:10FAC000022305930A3304930B3BDEE714AB079341
:10FAD0002A9B28AA0693022305930A3304930B3B1F
:10FAE000039315AB02936B4603CA03C310AD63685F
:10FAF000129A28000999FFF77BFC0CCD0CC4149BCB
:10FB0000002B00D010E7159B013B36E714AB0793A1
:10FB10002A9B28AA069302230593393304930023D2
:10FB2000039315AB02936B4603CA03C310AD63681E
:10FB3000129A28000999FFF75BFC0CCD0CC4149BAA
:10FB4000002B00D0F0E6159B7B60EDE62000FFF770
:10FB50001FFC0022C1B20A98FDF7E2FA0A2832D14E
:10FB600012A8FEF7C4FADFE616AE33007B4A7C49E2
:10FB700069E714AB07932A9B28AA069302230593EF
:10FB80003B3304930023039315AB02936B4603CAE4
:10FB900003C310AD6368129A28000999FFF728FC87
:10FBA0000CCD0CC4149B002B00D0BDE6159B3B6014
:10FBB000BAE62000FFF7ECFB0022C1B20A98FDF77D
:10FBC000AFFA0928CCD00423149A13431493ABE65C
:10FBD00016AE3300634A644935E716A90B98FDF762
:10FBE0008BFCD6E616A90B98FDF78CFCD1E614AB7E
:10FBF00007932A9B28AA0693042305935B4B10AD19
:10FC000004930023039315AB02936B4603CA03C30B
:10FC100028006368129A0999FFF7EAFB0CCD0CC41F
:10FC2000149B002B00D07FE6159B514A9A18002B9D
:10FC300001DA64331A007A6176E62000FFF7A8FB48
:10FC4000FF2318400A9B9B690F931B5CDB07BAD507
:10FC500014AB06932A9B28AA05930E230493454BC5
:10FC600010AD039316AB02936B4603CA03C328007F
:10FC7000099922686368FFF713FC2300200006CD72
:10FC800006C328A9FFF7ACFB002800D14CE6149B63
:10FC9000002B00D048E6169B002B00D044E6200045
:10FCA000FFF776FB2D2105000A98FDF70BFAEDB260
:10FCB000A84231D114AB07932A9B00260693022356
:10FCC00016AA02926A46059315330493039628A94F
:10FCD00009C909C210AC2000139B129A099912ADF0
:10FCE000FFF786FB2A00210009C909C202230593F8
:10FCF0003933049316AB02936B4614AA07922A9ADF
:10FD00000396069228AA03CA03C32000109A6368C8
:10FD10000999FFF76DFBABE62000FFF739FB2B21BC
:10FD200004000A98FDF7CEF9E4B2A04200D0FBE54A
:10FD3000C0E70C9B28001E78FFF72AFBC0B2864262
:10FD400003D12800FEF7D3F9EFE50423149A1343F7
:10FD50001493EAE5913F0408883F0408973F04089C
:10FD6000913F0408A03F0408973F04080F270000B4
:10FD700094F8FFFFB4010020F0B50B258DB007907B
:10FD8000149808926C300993FDF7CAFD08ABED1882
:10FD90000023040012A908A82B70FFF70EFB071E12
:10FDA0005ED108A8FFF7F4FA23004B331B78C0B2EA
:10FDB0002870834204D022004A32127882421DD138
:10FDC000227C002A03D0A21DD27F824216D0621D5F
:10FDD000D27F824212D02D21834200D1023916985F
:10FDE0000EF0CBFC08A8FEF782F912A9FFF7F8FA8B
:10FDF000002835D008A8FFF7CBFA2870002301931C
:10FE000002930B2308AA9B18227C1B78002A03D09C
:10FE1000A21DD27F9A4227D0621DD27F9A4223D060
:10FE200022004E3212789A421ED1019B002B03D140
:10FE3000302116980EF0A1FC029B08A80133029312
:10FE4000FEF755F912A9FFF7CBFA0190002855D01B
:10FE500008A8FFF79DFA0B2308AA9B181870D0E793
:10FE60000023012702930193BA4B0B93237C002BB1
:10FE700003D020210BA80EF0B0FB230064331B78C5
:10FE80000493002B3FD0230000254E3306930395A7
:10FE9000002F00D0B1E00B2308AA9B181E78237C0A
:10FEA000002B00D1CCE0A31DDB7FB34200D0C7E024
:10FEB000039B002B00D0A0E0002D00D09DE0029B12
:10FEC000002B00D194E06B460BA8197A0EF055FC7C
:10FED000039E019B0296059308A8FEF708F912A954
:10FEE000FFF77EFA049D00287DD008A8FFF750FA9E
:10FEF0000B2308AA9B181870002574E001270197AE
:10FF0000B2E7012745E0049D039543E0631DDB7FD5
:10FF1000B3420CD1039B002B09D1002D07D12E2118
:10FF200016980EF02AFC0123019E039344E023005F
:10FF30005C331B78B34204D0230062331B78B34296
:10FF40005BD1002D59D1019B002B56D0652116980D
:10FF50000EF013FC08A8FEF7CAF812A9FFF740FA42
:10FF6000061E049000D1F2E008A8FFF711FA0B2357
:10FF700008AA9B18C0B2187023004B331B78834229
:10FF80002AD023004A331B782D21834225D02F000D
:10FF900035000196002F30D10B2308AA9B181E783C
:10FFA0000A203100FDF718F8431CAFD03030C1B241
:10FFB00016980EF0E2FB012608A8FEF798F812A9A1
:10FFC000FFF70EFA00289CD008A8FFF7E1F90B23F1
:10FFD00008AA9B181870DCE72B2116980EF0CDFBB1
:10FFE0003500E9E70596059B2F00019335004FE7A3
:10FFF00016980EF091F9029B03930B9B0C3B1B6828
:020000040802F0
:10000000002B13D0039B002B06D1002D04D16B468F
:100010000BA8197A0EF0B1FB0BAAE168A0680AF0F0
:100020005FFF002802D10422159B1A60079A08ABD3
:1000300003CB03C20BA80EF065F907980DB0F0BD15
:10004000631DDB7FB34218D10B9B039A0C3B1B68EB
:10005000002AD2D1002DD0D1002B04D06B460BA8A2
:10006000197A0EF08AFB00262E2116980EF085FBD9
:10007000049B0393019B05932EE70B2208ABD21838
:100080000A210698FDF700F800280CD0069B2E00E8
:10009000C11A3031C9B216980EF06FFB029B0133C2
:1000A0000293049BE7E723005C331B78B34204D040
:1000B000230062331B78B3429FD10B9B0C3B1B6820
:1000C000002D9AD1019A002A97D0002B07D0039BCC
:1000D000002B04D16B460BA8197A0EF04EFB65215C
:1000E00016980EF04AFB08A8FEF701F812A9FFF7D0
:1000F00077F9071E05902AD008A8FFF749F90B23C6
:1001000008AA9B18C0B2187023004B331B78834297
:1001100006D022004A3212783E00824200D062E7C6
:10012000267C002E04D0A21DD27F824200D159E746
:10013000621DD27F3E00824200D154E72D218342CE
:1001400000D1023916980EF018FB3E00C4E6019D5E
:1001500053E7C04654880120F0B58FB00AAC636005
:100160000CAE1C4B0690079130002021179D0A927F
:100170000C930EF032FA169B049602936B4603958D
:1001800014AA03CA03C308AF0A9A07993800636820
:10019000FFF7F2FD230006CF06C30C9F0AF0B4FC64
:1001A00018990D900DAB38002A000AF01BFA14A91B
:1001B0002000FFF702F9002803D002232A68134326
:1001C0002B60069B300006CC06C30EF09BF8069809
:1001D0000FB0F0BD54880120F0B58FB00AAC636059
:1001E0000CAE1C4B0690079130002021179D0A92FF
:1001F0000C930EF0F2F9169B049602936B4603954E
:1002000014AA03CA03C308AF0A9A0799380063689F
:10021000FFF7B2FD230006CF06C30C9F0AF074FC63
:1002200018990D900DAB38002A000AF029FA14A98C
:100230002000FFF7C2F8002803D002232A681343E6
:100240002B60069B300006CC06C30EF05BF80698C8
:100250000FB0F0BD54880120F0B58FB00AAC6360D8
:100260000CAE1C4B0690079130002021179D0A927E
:100270000C930EF0B2F9169B049602936B4603950D
:1002800014AA03CA03C308AF0A9A0799380063681F
:10029000FFF772FD230006CF06C30C9F0AF034FC63
:1002A00018990D900DAB38002A000AF045FA14A9F0
:1002B0002000FFF782F8002803D002232A681343A6
:1002C0002B60069B300006CC06C30EF01BF8069888
:1002D0000FB0F0BD54880120F0B591B0189C0B9080
:1002E00020006C300C920D93FDF71AFB0B230CAA27
:1002F0009B1800221A704A23E76805001F40423B02
:100300000193402F05D002330193082F01D106330A
:10031000019316A90CA8FFF750F80290002800D00E
:1003200089E00CA8FFF734F80B230CAA9B18C0B285
:1003300018702B004A331A78131A59424B41DBB21A
:100340000693824204D02B004B331B7883421AD190
:100350002B7C002B03D0AB1DDB7F834213D06B1DA6
:10036000DB7F83420FD00CA8FDF7C1FE16A9FFF773
:1003700037F8061E00D1ADE00CA8FFF709F80B23F3
:100380000CAA9B181870002634000B230CAA9B188B
:100390002A7C1B78002A03D0AA1DD27F9A424ED015
:1003A0006A1DD27F9A424AD02A004E3212789A426F
:1003B00010D1002E06D0019A0A2A0DD1002F06D1A5
:1003C0003C002FE0002F2BD0019B082B2CD00134B8
:1003D000012612E0002E21D02A004C3212789A42D7
:1003E00004D02A004D3212789A4277D1002F1DD0C6
:1003F000019B102B77D1002426000CA8FDF777FE77
:1004000016A9FEF7EDFF00286AD00CA8FEF7C0FF82
:100410000B230CAA9B181870002EB6D102960EE082
:100420003C000126082304E03400D1E73E003C00F4
:1004300010230193E1E700231C001E0006931623FE
:100440000793019B102B4FD1804B0F932B7C002BDC
:1004500003D020210FA80EF0C0F87D4A069B9446D9
:100460006344180001990893DFF776FE2B0009908A
:1004700064331B780593002B64D02B004E330A9312
:10048000002304930393029B002B31D10B230CAA6E
:100490002F7C9B181B78002F00D18AE0AA1DD27FE9
:1004A0009A4200D085E0002C23D0E1B20FA80EF0D4
:1004B00064F900240CA8FDF71AFE16A9FEF790FFB8
:1004C000002873D00CA8FEF763FF0B230CAA9B181F
:1004D0001870DBE7012304000293B0E70126AEE7C2
:1004E00001230293ABE70126019B0793ACE7029738
:1004F00000270F9B0C3B1B68002B0DD0E1B20FA80F
:100500000EF03BF90FAAE968A8680AF0E9FC002898
:1005100002D10423199A1360002C06D1002E04D1B5
:100520000F9B0C3B1B68002B6DD0002F6BD1039BE6
:10053000002B00D082E0069A049B002A00D05B4288
:100540001A9A65E0059B012703930493029B002BF5
:10055000CED10B230CAA9B1819780798FCF73CFD09
:10056000431CC5D0049B099A93421DD81A00019BD5
:1005700003995A43089B01341B1A93429B415B42E7
:1005800019438318039104930CA8FDF7B0FD16A935
:10059000FEF726FF0028AAD00CA8FEF7F9FE0B23D1
:1005A0000CAA9B181870D4E70397EDE7059B0293FC
:1005B00069E76A1DD27F9A429AD00B220CABD218FF
:1005C00007990A98FCF760FD00281AD00A9BC01A08
:1005D0000F2800DD0638049B099A93420ED81A00B2
:1005E000019B03995A43089B01341B1A93429B4178
:1005F0005B4219438318039104935BE7059B0393C4
:1006000058E7070075E700231A9A13600423199A24
:100610001360029B002B07D0199B1B6801930223D8
:10062000019A1343199A13600B9A0CAB03CB03C2C4
:100630000FA80DF067FE0B9811B0F0BD069B002BC4
:1006400002D080231B06DFE7014BDDE75488012041
:10065000FFFFFF7FF0B589B0040012980EAD049043
:1006600011980390109802906846C0CDC0C0200039
:10067000FFF732FE200009B0F0BDF0B5012491B0C3
:10068000099018980CAD6B60C3688C460C92199E4B
:10069000234230D101235B420F930FAB04936B468F
:1006A0000290039616AA03CA03C30AAF0C9A6B689A
:1006B00061463800FFF710FE2B0006CF06C30F9BE4
:1006C000A34209D81C401A9B1C70099A0CAB03CB9F
:1006D00003C2099811B0F0BD1A9B16A91C7004231F
:1006E00028003360FEF769FE0028EED0022332684E
:1006F00013433360E9E76C30FDF712F9036A070032
:100700005A425341DBB20893836900255A42534150
:10071000DBB207930694089B002B02D0079B002BAB
:100720004BD116A90CA8FEF748FE002846D10CA80C
:10073000FEF72EFE089AC3B2002A05D1FA69545D6D
:10074000E41A62425441E4B2079A002C0AD1002A0A
:100750000AD0069B2000002B45D16A461A9B127EC8
:100760001A703BE0002A06D17A69505DC01A4342F4
:100770005841C3B20693069B002B04D1089B002B63
:1007800046D1002C3CD00CA8FDF7B1FC012301356B
:100790000893002C05D000233A6A95425B41DBB2F6
:1007A000089301230793069B002BB4D00023BA695A
:1007B00095425B41DBB20793ADE70020002C0FD0E0
:1007C0003B6AAB420CD1002D0AD000231A9A137059
:1007D000069B002B0FD0BB69AB420CD1042388E7EA
:1007E000069B002B0DD0BB69AB420AD1002D08D06F
:1007F00001231A9A1370431E98414000306064E749
:10080000200000231A9A13709842E7D0062370E75D
:100810000698002CD4D11A9B1C70DFE7F0B58FB07E
:10082000169C099020006C300A920B93FDF778F823
:100830000B230AAA9B1800221A704A23E4680500B9
:100840001C40423B0193402C05D002330193082CFD
:1008500001D10633019314A90AA8FEF7AEFD029058
:10086000002800D08EE00AA8FEF792FD0B230AAA0A
:100870009B18C0B218702B004A331A78131A5942C9
:100880004B41DBB20693824204D02B004B331B78E2
:1008900083421AD12B7C002B03D0AB1DDB7F83421C
:1008A00013D06B1DDB7F83420FD00AA8FDF71FFC1E
:1008B00014A9FEF795FD0090002868D00AA8FEF75D
:1008C00067FD0B230AAA9B181870002301261F003E
:1008D00000930B230AAA9B182A7C1B78002A03D0BA
:1008E000AA1DD27F9A4255D06A1DD27F9A4251D01A
:1008F0002A004E3212789A4211D1009A002A06D06C
:10090000019A0A2A0ED1002C06D1270031E0002CD2
:100910002DD0019B082B2ED00137009613E0009AB2
:10092000002A7DD02A004C3212789A4204D02A0044
:100930004D3212789A4275D1002C1ED0019B102B9B
:1009400074D1002700970AA8FDF7D1FB14A9FEF780
:1009500047FD002868D00AA8FEF71AFD0B230AAA53
:100960009B181870009B002BB3D1029312E0270054
:100970000096082304E0009FCFE72700102300948F
:100980000193E0E700231F000693009302E0012398
:10099000009F029316230593019B102B48D17E4B99
:1009A0000D932B7C002B03D020210DA80DF015FEFC
:1009B00001997A48DFF75AFC83B207932B0064331E
:1009C0001B780493002B63D02B0000244E33089334
:1009D0000394029B002B2FD10B230AAA2E7C9B1879
:1009E0001B78002E00D18BE0AA1DD27F9A4200D046
:1009F00086E0002F21D0F9B20DA80DF0BEFE002731
:100A00000AA8FDF774FB14A9FEF7EAFC002874D0CD
:100A10000AA8FEF7BDFC0B230AAA9B181870DBE797
:100A2000009BA2E70123B0E701239EE70123009387
:100A3000019B0593B3E7029600260D9B0C3B1B68B8
:100A4000002B0DD0F9B20DA80DF097FE0DAAE968A4
:100A5000A8680AF045FA002802D10423179A136007
:100A6000002F07D1009B002B04D10D9B0C3B1B6872
:100A7000002B70D0002E6ED1039B002B00D085E0A0
:100A8000069B002B01D06442A4B2189B1C8068E036
:100A9000049B012603931C00029B002BCCD10B234B
:100AA0000AAA9B1819780598FCF796FA431CC3D03C
:100AB000079B9C421FD8019B384A5C43A4B2121A80
:100AC0000123944200DC0023039A24181A43D3B272
:100AD0000393A4B201370AA8FDF709FB14A9FEF796
:100AE0007FFC0028A7D00AA8FEF752FC0B230AAA15
:100AF0009B181870D3E70396EDE7049B029368E711
:100B00006A1DD27F9A4297D00B220AABD218059960
:100B10000898FCF7B9FA00281BD0089BC01A0F28C8
:100B200000DD0638079B9C4210D8019B1B4A5C43A2
:100B3000A4B2121A0123944200DC0023039A241861
:100B40001A43D3B20393A4B2013759E7049B03932A
:100B500056E7060071E70023189A13800433179AAA
:100B60001360029B002B07D0179B1B680093022386
:100B7000009A1343179A1360099A0AAB03CB03C276
:100B80000DA80DF0BFFB09980FB0F0BD0123189A16
:100B90005B4213800533E2E754880120FFFF000029
:100BA000F0B589B0040012980EAD0490119803902E
:100BB000109802906846C0CDC0C02000FFF72EFEFE
:100BC000200009B0F0BD0000F0B58FB0169D09906F
:100BD00028006C300A920B93FCF7A2FE0B230AAAA2
:100BE0009B1800221A704A23EE6804001E40423B04
:100BF0000093402E05D002330093082E01D1063316
:100C0000009314A90AA8FEF7D8FB0190002800D091
:100C100089E00AA8FEF7BCFB0B230AAA9B18C0B206
:100C2000187023004A331A78131A59424B41DBB229
:100C30000693824204D023004B331B7883421AD19F
:100C4000237C002B03D0A31DDB7F834213D0631DC5
:100C5000DB7F83420FD00AA8FDF749FA14A9FEF7FB
:100C6000BFFB051E00D1AAE00AA8FEF791FB0B23EB
:100C70000AAA9B18187000252F000B230AAA9B189C
:100C8000227C1B78002A03D0A21DD27F9A424ED02C
:100C9000621DD27F9A424AD022004E3212789A4286
:100CA00010D1002D06D0009A0A2A0DD1002E06D1AF
:100CB00037002FE0002E2BD0009B082B2CD00137C3
:100CC000012512E0002D21D022004C3212789A42E8
:100CD00004D022004D3212789A4274D1002E1DD0D9
:100CE000009B102B74D100273D000AA8FDF7FFF9E7
:100CF00014A9FEF775FB002867D00AA8FEF748FB89
:100D00000B230AAA9B181870002DB6D101950EE08E
:100D100037000125082304E02F00D1E73500370014
:100D200010230093E1E700231F001D000693162304
:100D30000593009B102B4CD17B4B0D93237C002BF8
:100D400003D020210DA80DF048FC0120009940425D
:100D5000DFF702FA2300079064331B780493002B1B
:100D600068D0230000264E3308930296019B002B87
:100D700034D1237C0AAA03930B239B18039A1B7874
:100D8000002A00D189E0A21DD27F9A4200D084E0DF
:100D9000002F25D0F9B20DA80DF0EFFC00270AA80E
:100DA000FDF7A5F914A9FEF71BFB002872D00AA8CD
:100DB000FEF7EEFA0B230AAA9B181870D9E7012355
:100DC00007000193B3E70125B1E701230193AEE7E3
:100DD0000125009B0593AFE70123019300230393B3
:100DE0000D9B0C3B1B68002B0DD0F9B20DA80DF02C
:100DF000C4FC0DAAE168A0680AF072F8002802D1CC
:100E00000423179A1360002F06D1002D04D10D9BE7
:100E10000C3B1B68002B66D0039B002B63D1029B0D
:100E2000002B00D07AE0069B002B00D07642189B66
:100E30001E605EE0049B02931E00019B002BCDD13F
:100E40000B230AAA9B1819780598FCF7C5F8431CD0
:100E5000C4D0079B9E421AD8009B029A5E43C343AC
:100E6000B3429B415B421A430292861901370AA89A
:100E7000FDF73DF914A9FEF7B3FA0028ACD00AA893
:100E8000FEF786FA0B230AAA9B181870D8E70123ED
:100E90000293ECE7049B019368E7621DD27F9A42BC
:100EA0009CD00B220AABD21805990898FCF7ECF8F5
:100EB000002816D0089BC01A0F2800DD0638079BB3
:100EC0009E420BD8009B029A5E43C343B3429B41B0
:100ED0005B421A4302928619013760E7049B029332
:100EE0005DE703907CE70023189A13600433179A98
:100EF0001360019B002B07D0179B1B6800930223F4
:100F0000009A1343179A1360099A0AAB03CB03C2E2
:100F10000DA80DF0F7F909980FB0F0BD0123189A4C
:100F20005B4213600533E2E754880120F0B589B0D5
:100F3000040012980EAD049011980390109802903E
:100F40006846C0CDC0C02000FFF73EFE200009B0BB
:100F5000F0BD0000F0B58FB0169D099028006C30F0
:100F60000A920B93FCF7DCFC0B230AAA9B180022C5
:100F70001A704A23EE6804001E40423B0093402E44
:100F800005D002330093082E01D10633009314A933
:100F90000AA8FEF712FA0190002800D089E00AA8FA
:100FA000FEF7F6F90B230AAA9B18C0B218702300AB
:100FB0004A331A78131A59424B41DBB206938242E4
:100FC00004D023004B331B7883421AD1237C002B9F
:100FD00003D0A31DDB7F834213D0631DDB7F8342DD
:100FE0000FD00AA8FDF783F814A9FEF7F9F9051E3A
:100FF00000D1AAE00AA8FEF7CBF90B230AAA9B1896
:10100000187000252F000B230AAA9B18227C1B783E
:10101000002A03D0A21DD27F9A424ED0621DD27FF9
:101020009A424AD022004E3212789A4210D1002DB4
:1010300006D0009A0A2A0DD1002E06D137002FE0E3
:10104000002E2BD0009B082B2CD00137012512E05D
:10105000002D21D022004C3212789A4204D0220076
:101060004D3212789A4274D1002E1DD0009B102B65
:1010700074D100273D000AA8FDF739F814A9FEF73E
:10108000AFF9002867D00AA8FEF782F90B230AAA55
:101090009B181870002DB6D101950EE03700012580
:1010A000082304E02F00D1E7350037001023009318
:1010B000E1E700231F001D00069316230593009B04
:1010C000102B4CD17B4B0D93237C002B03D0202184
:1010D0000DA80DF082FA012000994042DFF73CF89C
:1010E0002300079064331B780493002B68D02300FF
:1010F00000264E3308930296019B002B34D1237CAB
:101100000AAA03930B239B18039A1B78002A00D189
:1011100089E0A21DD27F9A4200D084E0002F25D022
:10112000F9B20DA80DF029FB00270AA8FCF7DFFF94
:1011300014A9FEF755F9002872D00AA8FEF728F97D
:101140000B230AAA9B181870D9E701230700019303
:10115000B3E70125B1E701230193AEE70125009B29
:101160000593AFE701230193002303930D9B0C3BF1
:101170001B68002B0DD0F9B20DA80DF0FEFA0DAAD8
:10118000E168A06809F0ACFE002802D10423179A98
:101190001360002F06D1002D04D10D9B0C3B1B6862
:1011A000002B66D0039B002B63D1029B002B00D049
:1011B0007AE0069B002B00D07642189B1E605EE012
:1011C000049B02931E00019B002BCDD10B230AAA86
:1011D0009B1819780598FBF7FFFE431CC4D0079BAA
:1011E0009E421AD8009B029A5E43C343B3429B417E
:1011F0005B421A430292861901370AA8FCF777FF6F
:1012000014A9FEF7EDF80028ACD00AA8FEF7C0F844
:101210000B230AAA9B181870D8E701230293ECE766
:10122000049B019368E7621DD27F9A429CD00B22F7
:101230000AABD21805990898FBF726FF002816D0AC
:10124000089BC01A0F2800DD0638079B9E420BD86A
:10125000009B029A5E43C343B3429B415B421A43E5
:1012600002928619013760E7049B02935DE70390C1
:101270007CE70023189A13600433179A1360019BCC
:10128000002B07D0179B1B6800930223009A13437F
:10129000179A1360099A0AAB03CB03C20DA80DF08D
:1012A00031F809980FB0F0BD0123189A5B42136022
:1012B0000533E2E754880120F0B589B004001298A4
:1012C0000EAD049011980390109802906846C0CD1E
:1012D000C0C02000FFF73EFE200009B0F0BDF0B511
:1012E00091B0189F09930D93FB68944607934A2386
:1012F0000C92079A08919A43423B1343FB600FAB51
:101300000493199B029703936B4616AA060003CA1F
:1013100003C30AAD624608990CAC099B2800FFF78D
:1013200019FE230006CD06C3079B0F9AFB601A9B8C
:1013300030001A60330006CC06C311B0F0BD0000C7
:10134000F0B597B01E9C109020006C301292139351
:10135000FCF7E6FA0B2312AA9B1800221A704A2304
:10136000E46806001C40423B0293402C05D0023347
:101370000293082C01D1063302931CA912A8FEF790
:101380001CF80390002800D095E012A8FEF700F8A2
:101390000B2312AA9B18C0B2187033004A331A7874
:1013A000131A59424B41DBB20893824204D03300F6
:1013B0004B331B7883421AD1337C002B03D0B31DEF
:1013C000DB7F834213D0731DDB7F83420FD012A8D3
:1013D000FCF78DFE1CA9FEF703F8009000286FD0E3
:1013E00012A8FDF7D5FF0B2312AA9B181870002333
:1013F00010270125009301930B2312AA9B18327C1E
:101400001B78002A03D0B21DD27F9A425CD0721D95
:10141000D27F9A4258D032004E3212789A4213D17B
:10142000009A002A06D0029A0A2A11D1002C06D16D
:10143000019437E0002C33D0029B082B35D0019B60
:1014400001330193009517E0009A002A00D193E040
:1014500032004C3212789A4205D032004D32127866
:101460009A4200D08AE0002C21D0029B102B00D0A1
:1014700088E000230193009312A8FCF738FE1CA912
:10148000FDF7AEFF00287BD012A8FDF781FF0B23EC
:1014900012AA9B181870009B002BADD1039313E088
:1014A0000194009508230293E6E7009BC9E70094A6
:1014B00001940297E0E7002308930193009303E06F
:1014C00001230393009B019316230E93029B102B81
:1014D0005AD1A74B1593337C002B03D0202115A89C
:1014E0000DF07BF8089B002B51D0802400232406AC
:1014F0000693079406980799029B029ADB170F93AD
:10150000E1F7D6FD33001190099164331B78059300
:10151000002B76D033004E330A930023002400259D
:101520000493039B002B38D10B2312AA377C9B1802
:101530001B78002F00D1B3E0B21DD27F9A4200D0B9
:10154000AEE0019B002B29D06B4615A819790DF050
:1015500014F90023019312A8FCF7C9FD1CA9FDF79B
:101560003FFF002800D198E012A8FDF711FF0B23E0
:1015700012AA9B181870D7E7009B8FE701239DE7FD
:1015800001238BE701230093029B0E93A1E7012324
:10159000784C5B42ACE7012303930027159B0C3B7F
:1015A0001B68002B0ED06B4615A819790DF0E5F8D5
:1015B00015AAF168B06809F093FC002802D1042351
:1015C0001F9A1360019B002B08D1009B002B05D1B3
:1015D000159B0C3B1B68002B00D1A1E0002F00D015
:1015E0009EE0049B002B00D0B7E0089B002B04D0AA
:1015F00022002B00002554429D41209B1C605D6011
:1016000096E0059B00240493039B0025002BC4D186
:101610000B2312AA9B1819780E98FBF7DDFC070024
:10162000431CBAD0099B9D4234D802D1119B9C42E5
:1016300030D822002B0002980F99E1F759FDFB17D3
:101640000B930A970A9C0B9D069A079B121BAB41B2
:101650000124994203D801D1904200D80024049B70
:1016600023430A9C0B9D24184D41DBB20493019B3C
:101670000133019312A8FCF73AFD1CA9FDF7B0FE57
:10168000002888D012A8FDF783FE0B2312AA9B180E
:101690001870BDE701230493ECE7059B039340E733
:1016A000721DD27F9A4200D177E70B2212ABD2187B
:1016B0000E990A98FBF7E8FC00282FD00A9BC71A5E
:1016C0000F2F00DD063F099B9D4224D802D1119BBC
:1016D0009C4220D822002B0002980F99E1F708FDC8
:1016E000FB170D930C970C9C0D9D069A079B121BE4
:1016F000AB410124994203D801D1904200D8002483
:10170000049B2343DBB20493019B0C9C0D9D01338E
:1017100024184D411EE7059B04931CE707003DE795
:101720000022002320990A604B6004231F9A136053
:10173000039B002B07D01F9B1B6800930223009A7A
:1017400013431F9A1360109A12AB03CB03C215A860
:101750000CF0D8FD109817B0F0BD089B002B03D0FB
:10176000802300221B06DDE70122024B5242D9E70B
:1017700054880120FFFFFF7FF0B589B00400129864
:101780000EAD049011980390109802906846C0CD59
:10179000C0C02000FFF7D4FD200009B0F0BD00005C
:1017A000F0B595B01C9C0E9020006C3010921193F7
:1017B000FCF7B6F80B2310AA9B1800221A704A23D4
:1017C000E46806001C40423B0293402C05D00233E3
:1017D0000293082C01D1063302931AA910A8FDF731
:1017E000ECFD0390002800D095E010A8FDF7D0FD97
:1017F0000B2310AA9B18C0B2187033004A331A7812
:10180000131A59424B41DBB20D93824204D033008C
:101810004B331B7883421AD1337C002B03D0B31D8A
:10182000DB7F834213D0731DDB7F83420FD010A870
:10183000FCF75DFC1AA9FDF7D3FD009000286FD0DE
:1018400010A8FDF7A5FD0B2310AA9B181870002304
:1018500010270125009301930B2310AA9B18327CBB
:101860001B78002A03D0B21DD27F9A425CD0721D31
:10187000D27F9A4258D032004E3212789A4213D117
:10188000009A002A06D0029A0A2A11D1002C06D109
:10189000019437E0002C33D0029B082B35D0019BFC
:1018A00001330193009517E0009A002A00D18CE0E3
:1018B00032004C3212789A4205D032004D32127802
:1018C0009A4200D083E0002C21D0029B102B00D044
:1018D00081E000230193009310A8FCF708FC1AA9EB
:1018E000FDF77EFD002874D010A8FDF751FD0B23F5
:1018F00010AA9B181870009B002BADD1039313E026
:101900000194009508230293E6E7009BC9E7009441
:1019100001940297E0E700230D930193009303E005
:1019200001230393009B019316230B93029B102B1F
:1019300053D19B4B1393337C002B03D0202113A84E
:101940000CF04BFE029B029ADB1701204042C117AC
:101950000C93E1F7ADFB33000F900A9164331B78D1
:101960000593002B72D033004E33069300230024DE
:1019700000250493039B002B34D10B2310AA377C42
:101980009B181B78002F00D1ACE0B21DD27F9A4289
:1019900000D0A7E0019B002B25D06B4613A8197936
:1019A0000CF0EBFE0023019310A8FCF7A0FB1AA992
:1019B000FDF716FD002800D191E010A8FDF7E8FC26
:1019C0000B2310AA9B181870D7E7009B96E70123FA
:1019D000A4E7012392E701230093029B0B93A8E75E
:1019E000012303930027139B0C3B1B68002B0ED095
:1019F0006B4613A819790CF0C0FE13AAF168B06801
:101A000009F06EFA002802D104231D9A1360019B8D
:101A1000002B08D1009B002B05D1139B0C3B1B68AE
:101A2000002B00D19BE0002F00D098E0049B002BFE
:101A300000D0B1E00D9B002B04D022002B0000252C
:101A400054429D411E9B1C605D6090E0059B0024FC
:101A50000493039B0025002BC4D10B2310AA9B18D1
:101A600019780B98FBF7B8FA0700431CBAD00A9B09
:101A70009D4231D802D10F9B9C422DD822002B00D1
:101A800002980C99E1F734FBFB170793079B069725
:101A9000DA43FC430123914203D801D1A04200D88C
:101AA0000023069C079D24184D41049A1A43D3B283
:101AB0000493019B0133019310A8FCF718FB1AA9AA
:101AC000FDF78EFC00288BD010A8FDF761FC0B23DE
:101AD00010AA9B181870C0E701230493ECE7059B3C
:101AE000039347E7721DD27F9A4200D17AE70B2217
:101AF00010ABD2180B990698FBF7C6FA00282CD029
:101B0000069BC71A0F2F00DD063F0A9B9D4221D876
:101B100002D10F9B9C421DD822002B0002980C99E9
:101B2000E1F7E6FAFB170993099B0897DA43FC43B0
:101B30000123914203D801D1A04200D80023089C80
:101B4000099D049A24184D411A43D3B20493019B72
:101B5000013328E7059B049326E7070043E70022AB
:101B600000231E990A604B6004231D9A1360039B97
:101B7000002B07D01D9B1B6800930223009A134380
:101B80001D9A13600E9A10AB03CB03C213A80CF07E
:101B9000B9FB0E9815B0F0BD01225242D317E0E711
:101BA00054880120F0B589B0040012980EAD04905D
:101BB00011980390109802906846C0CDC0C02000D4
:101BC000FFF7EEFD200009B0F0BDF0B58FB00500C5
:101BD00016980AAC6C300A9263600791179EFCF766
:101BE000A1F80CA9FBF78EFC0C9B03960593189BA0
:101BF00014AA0493169B08AF02936B4603CA03C34F
:101C0000380007990A9A6368FDF7D4FD2300200085
:101C100006CF06C314A9FDF7D0FB002803D002238A
:101C20003268134333602B00280006CC06C30FB084
:101C3000F0BDF0B58FB0050016980AAC6C300A9272
:101C400063600791179EFCF76DF80CA9FBF754FC35
:101C50000C9B03960593189B14AA0493169B08AF3C
:101C600002936B4603CA03C3380007990A9A636854
:101C7000FDF7A0FD2300200006CF06C314A9FDF741
:101C80009CFB002803D002233268134333602B00EF
:101C9000280006CC06C30FB0F0BDF0B59FB0269F5C
:101CA0000CAC6C37060038000C9263600991279DDC
:101CB000FCF738F808903800FBF776FD10A9089873
:101CC000FBF73CFC17A90898FBF728FC00230F93AF
:101CD0000FAB0693269B24AA05930723049310AB0E
:101CE00003930EAB02936B4603CA03C30AAF0C9A6D
:101CF000636809993800FDF79FFC230006CF06C3EF
:101D00000F9B002B12D1289B0E9A9A6124A92000C8
:101D1000FDF753FB002803D002232A6813432B60EE
:101D20003300300006CC06C31FB0F0BD04232A6880
:101D300013432B60EAE7F0B5A9B0309F0CAC6C37C9
:101D4000060038000C9263600991319DFBF7EAFFB1
:101D500008903800FBF728FD10A90898FBF720FC35
:101D60001CA90898FBF7FAFB00230F930FAB06930F
:101D7000309B2EAA05930C23049310AB03930EAB58
:101D800002936B4603CA03C30AAF0C9A63680999AE
:101D90003800FDF751FC230006CF06C30F9B002B34
:101DA00012D1329B0E9A1A612EA92000FDF705FB75
:101DB000002803D002232A6813432B60330030002D
:101DC00006CC06C329B0F0BD04232A6813432B6058
:101DD000EAE70000F0B591B0189F050038000CACA0
:101DE0006C3009910C926360199EFBF7DDFC0023B7
:101DF000069703930F9304270EAB02936B460FAA2B
:101E00000792184A0597049216AA03CA03C30AA8A0
:101E10000C9A63680999FDF7EBFA23000AAA03CA32
:101E200003C30F9B002B18D10E9B0F4A9A18002B4F
:101E300001DA64331A001A9B5A6116A92000FDF7D3
:101E4000BCFA002803D002233268134333602B000E
:101E5000280006CC06C311B0F0BD33681F433760BD
:101E6000EBE7C0460F27000094F8FFFFF0B593B0F2
:101E70001A9C09906C3420000D930C921B9FFBF769
:101E800093FC07902000FBF75BFE030038330A93B6
:101E900000230593036A0500002B04D0836A5A1EB1
:101EA0009341DBB20593B54B0F932B7C002B03D0F2
:101EB00020210FA80CF091FBB04B202110A810930B
:101EC0000CF08BFB2B00002639330B936B6B0196C8
:101ED0001193009606960296049611ABF05C0428C6
:101EE00078D8DEF72FF94701150105007F00B9000A
:101EF0001A9BDB6803939B0520D4029B012B1DD802
:101F0000002E1BD0012E0BD1059B002B16D111AB3F
:101F10001A78032A12D09B78012B0FD00136DCE708
:101F20000124022E2BD111ABDB78042B06D0059AAD
:101F3000002A00D120E1032B00D023E1AB690893F4
:101F4000002318A90CA80393FDF74AFA039B041E6B
:101F5000089A3DD0934212D00CA8FDF719FA6B698C
:101F6000039AC0B29B5C834236D00024039BA342F9
:101F700005D11A9B0134DB6803935B0A9C4301364D
:101F8000042E00D000E1029B012B00D86DE1002C53
:101F900000D1FCE0049B002B00D113E16E6A012408
:101FA00018A90CA8FDF71CFA029B002800D10BE130
:101FB000A34200D10AE10CA8FDF7EAF9335DC0B2F3
:101FC000834200D0E3E00CA8FCF791F80134E7E786
:101FD0009342CAD10124D2E70CA8FCF788F8039BEE
:101FE0000133AEE72B6A002B17D1AB6A002B28D048
:101FF00018A90CA8FDF7F4F9041E22D00CA8FDF7CF
:10200000C7F96B6AC0B21B7883421AD1AB6A0CA8BD
:102010000293FCF76CF80494B1E718A90CA8FDF73B
:10202000DFF9041EE1D00CA8FDF7B2F9EB69C0B2EC
:102030001B788342D9D12B6A0CA80293FCF757F87E
:102040009DE72B6A0124002B02D1059B5C4096E79B
:10205000AB6A002BDFD0F8E718A90CA8FDF7C0F990
:10206000041E53D00CA8FDF793F90B22C3B20393BF
:102070000CABD2186B461B7B0A210B981370FBF735
:1020800003F8002812D00A9BC01A3D4B1B68195C4C
:1020900010A80CF072FB009C069B013400930CA866
:1020A000FCF725F8009B00940693D5E76B7C039A18
:1020B000934208D1019B002B05D1EB6A002B19DD5F
:1020C00001940400EBE72B7C002B13D0AA7C03992E
:1020D0008A420ED1019B002B14D1009B002B13D000
:1020E0006B460FA819780CF048FB069B019C0093E7
:1020F000D5E71C00109B0C3B1B685A1E93415B42AA
:102100001C403CE7019CF5E7009CF3E70124F1E764
:1021100018A90CA8FDF764F9041E1BD10024032E96
:1021200000D130E718A90CA8FDF75AF9002800D112
:1021300025E70CA8FDF72CF9FF2308221840079B80
:102140009B6903931B5C134200D118E70CA8FBF7B3
:10215000CEFFE7E70CA8FDF71BF9FF230822184084
:10216000079B9B6903931B5C1342D7D00CA8FBF71A
:10217000BEFFD4E70124D2E70326AEE6548801204F
:10218000B00100200326059C002C00D0A5E6042306
:102190003A6813433B600CAC18A92000FDF70DF919
:1021A000002803D002233A6813433B60099B10A820
:1021B00006CC06C30CF0A6F80FA80CF0A3F80998FB
:1021C00013B0F0BDEE69EAE6A342E0D1109B0C3BF0
:1021D0001B68012B11D90022302110A80CF014F833
:1021E000021E0AD0431C04D1109B02930C3B1A68B8
:1021F000013A002110A80CF019F9049B002B0ED015
:1022000010A80CF003F9109B1B78302B07D010A8F6
:102210000CF005F92D22010010A80CF05BF90F9BC2
:102220000C3B1B68002B14D06B461978019B002BCC
:1022300001D06B46197E0FA80CF09FFA0FAAE9682F
:10224000A86808F04DFE002803D104233A68134320
:102250003B60019B002B03D0EB6A009A934296D11E
:1022600010A91C980BF0BCFF95E7002CAED18EE7AF
:10227000F0B593B01A9C09906C3420000D930C9229
:102280001B9FFBF791FA07902000FBF729FD030045
:1022900038330A9300230593036A0500002B04D00A
:1022A000836A5A1E9341DBB20593B54B0F932B7C87
:1022B000002B03D020210FA80CF08FF9B04B202168
:1022C00010A810930CF089F92B00002639330B93DA
:1022D0006B6B01961193009606960296049611ABCD
:1022E000F05C042878D8DDF72DFF470115010500C3
:1022F0007F00B9001A9BDB6803939B0520D4029BE7
:10230000012B1DD8002E1BD0012E0BD1059B002BBD
:1023100016D111AB1A78032A12D09B78012B0FD05B
:102320000136DCE70124022E2BD111ABDB78042B24
:1023300006D0059A002A00D120E1032B00D023E12A
:10234000AB690893002318A90CA80393FDF748F87C
:10235000039B041E089A3DD0934212D00CA8FDF7AF
:1023600017F86B69039AC0B29B5C834236D0002495
:10237000039BA34205D11A9B0134DB6803935B0ADC
:102380009C430136042E00D000E1029B012B00D8B3
:102390006DE1002C00D1FCE0049B002B00D113E187
:1023A0006E6A012418A90CA8FDF71AF8029B0028F0
:1023B00000D10BE1A34200D10AE10CA8FCF7E8FF31
:1023C000335DC0B2834200D0E3E00CA8FBF78FFE80
:1023D0000134E7E79342CAD10124D2E70CA8FBF706
:1023E00086FE039B0133AEE72B6A002B17D1AB6A45
:1023F000002B28D018A90CA8FCF7F2FF041E22D04D
:102400000CA8FCF7C5FF6B6AC0B21B7883421AD1D7
:10241000AB6A0CA80293FBF76AFE0494B1E718A913
:102420000CA8FCF7DDFF041EE1D00CA8FCF7B0FF00
:10243000EB69C0B21B788342D9D12B6A0CA80293F6
:10244000FBF755FE9DE72B6A0124002B02D1059B6B
:102450005C4096E7AB6A002BDFD0F8E718A90CA820
:10246000FCF7BEFF041E53D00CA8FCF791FF0B2213
:10247000C3B203930CABD2186B461B7B0A210B989B
:102480001370FAF701FE002812D00A9BC01A3D4BC8
:102490001B68195C10A80CF070F9009C069B0134B5
:1024A00000930CA8FBF723FE009B00940693D5E74E
:1024B0006B7C039A934208D1019B002B05D1EB6AF8
:1024C000002B19DD01940400EBE72B7C002B13D0CB
:1024D000AA7C03998A420ED1019B002B14D1009B48
:1024E000002B13D06B460FA819780CF046F9069B09
:1024F000019C0093D5E71C00109B0C3B1B685A1EE7
:1025000093415B421C403CE7019CF5E7009CF3E7EC
:102510000124F1E718A90CA8FCF762FF041E1BD1E7
:102520000024032E00D130E718A90CA8FCF758FFAF
:10253000002800D125E70CA8FCF72AFFFF2308227A
:102540001840079B9B6903931B5C134200D118E75B
:102550000CA8FBF7CCFDE7E70CA8FCF719FFFF235D
:1025600008221840079B9B6903931B5C1342D7D03A
:102570000CA8FBF7BCFDD4E70124D2E70326AEE6A6
:1025800054880120B00100200326059C002C00D0B7
:10259000A5E604233A6813433B600CAC18A920005D
:1025A000FCF70BFF002803D002233A6813433B607B
:1025B000099B10A806CC06C30BF0A4FE0FA80BF0D5
:1025C000A1FE099813B0F0BDEE69EAE6A342E0D19E
:1025D000109B0C3B1B68012B11D90022302110A845
:1025E0000BF012FE021E0AD0431C04D1109B029372
:1025F0000C3B1A68013A002110A80BF017FF049B4E
:10260000002B0ED010A80BF001FF109B1B78302B75
:1026100007D010A80BF003FF2D22010010A80BF02B
:1026200059FF0F9B0C3B1B68002B14D06B4619788D
:10263000019B002B01D06B46197E0FA80CF09DF872
:102640000FAAE968A86808F04BFC002803D104230E
:102650003A6813433B60019B002B03D0EB6A009A5E
:10266000934296D110A91C980BF0BAFD95E7002C67
:10267000AED18EE7F0B58DB008AC636014AB060048
:1026800008921D481A780AAF8C46159B0A9006AD31
:102690000497002A22D002936B46169A039212AA3C
:1026A00003CA03C36146089A63682800FFF7DEFB8C
:1026B000230006CD06C30A9D08F026FA169A17993C
:1026C0000B900BAB280008F037F83300380006CC2D
:1026D00006C30BF017FE30000DB0F0BD02936B4641
:1026E000169A039212AA03CA03C36146089A636842
:1026F0002800FFF7BDFDDBE754880120F0B58FB05F
:102700000AAD6B60060016AB17981B786C300A9206
:1027100007930F00FBF748F80DAB204A0493189B72
:102720000D920393079A179B0690029308AC6B4691
:10273000002A29D014AA03CA03C339000A9A6B6875
:102740002000FFF793FB0CCC0CC50D9B0C3B1C68C9
:10275000002C0FD0210019980CF00AF80D9D199843
:102760000BF054FE199B2C191B68220029000698B7
:10277000FAF7B9FC32000AAB03CB03C20DA80BF089
:10278000C1FD30000FB0F0BD14AA03CA03C3390065
:102790000A9A6B682000FFF76BFDD4E7548801208C
:1027A0000123214A1168194200D113601F4A1168A0
:1027B000194200D1136001231D4A1168194200D14A
:1027C00013601C4A1168194200D1136001231A4A90
:1027D0001168194200D11360184A1168194200D1DA
:1027E00013600123164A1168194200D11360154A7B
:1027F0001168194200D113600123134A116819426C
:1028000000D11360114A1168194200D113600123ED
:102810000F4A1168194200D113600E4A116819421B
:1028200000D113607047C046747801207078012091
:102830006C7801206878012064780120607801209C
:102840005C780120587801205478012050780120CC
:102850004C7801204878012010B50400044B036037
:10286000044B04300360F9F7E3FF200010BDC046BD
:102870005443040868430408036810B50C3B1C6803
:10288000044B04192360044B201D6360F9F7D0FF4B
:10289000200010BD544304086843040810B5040028
:1028A000FFF7DAFF2000F9F77EFF200010BD036874
:1028B00010B50C3B1B68C018FFF7F0FF10BD0000FF
:1028C00010B50B4B0400002900D1136823600029C8
:1028D0000AD10C3B52681B68E2508B0702D5201DC1
:1028E000F9F7A6FF200010BD024A0423F4E7C04612
:1028F000544304086843040810B50A000021FFF798
:10290000DFFF10BD036810B50C3B1B680400C31843
:10291000986F00280AD000F0D6FD431C06D123682A
:1029200001210C3B18682018F9F7A8FF200010BD02
:1029300010B504000B6803600C3B18684A68201847
:1029400002600021F9F7FDFF200010BD70B5040002
:10295000051D2800F9F7BEFF044B28002360044B37
:1029600000216360F9F7EDFF200070BD54430408B7
:1029700068430408002370B5050003700B680C0061
:102980000C3B1B686960CB18186F002804D05B698A
:10299000002B01D1FFF7B6FF23680C3B1868201805
:1029A0004369002B03D101332B70280070BD042133
:1029B000F9F764FFF9E770B54468050023680C3B3C
:1029C0001B68E418E3689B0412D507F000FB00289D
:1029D0000ED1A06F00280BD000F075FD431C07D16D
:1029E0006868012103680C3B1B68C018F9F746FFB3
:1029F000280070BD70B5040003680D000C3B18681A
:102A00002018F9F757FF0600002D10DD236831006C
:102A10000C3B1B68E318986F00F073FD431C07D153
:102A2000236801210C3B18682018F9F727FF70BDB7
:102A3000013DE9E7036870B50C3B1B680400C3184F
:102A4000986F150000F06DFD854206D023680121C6
:102A50000C3B18682018F9F711FF70BDF0B585B070
:102A600004000F00010002A81500FFF783FF02AB6E
:102A70001B78002B30D023680C3B1B68E3189E6842
:102A8000B5422FDADA68B0231A400192202A03D027
:102A9000711B2000FFF7AEFF23680C3B1B68E31897
:102AA0005B69002B12D12A0039002000FFF7C2FF1A
:102AB000019B202B0AD123680C3B1B68E3185B6940
:102AC000002B03D1711B2000FFF794FF0022236825
:102AD0000C3B1B68E3189A6002A8FFF76CFF20000C
:102AE00005B0F0BD2A0039002000FFF7A3FFEDE795
:102AF00007B56B46D971073301221900FFF7AEFF06
:102B00000EBD70B504000D1E08D1036801210C3BF9
:102B100018682018F9F7B2FE200070BD0800E0F731
:102B2000E9FB290002002000FFF798FFF4E70B689B
:102B30000C3B1B68C9188B6F03605A4253410371E9
:102B40007047F0B58DB006AE05910400010030006D
:102B5000FFF710FF3378002B2AD023680C3B1B684B
:102B6000E3180433DB6F0493002B01D1F9F734FE33
:102B7000210008A8FFF7DBFF23680AAF0C3B1D68A4
:102B800065192800F9F796FE059B019002930095C0
:102B9000099B089A04993800FAF783FC3B79002BCB
:102BA00006D0236801210C3B18682018F9F766FE4F
:102BB0003000FFF700FF20000DB0F0BD10B5FFF7AB
:102BC000C0FF10BDF0B50C1A9FB000AF631C7B6056
:102BD0000C23060069221049F81814F063FD230045
:102BE0006A467733DB08DB00D31A9D460C236D461B
:102BF000F9186822280014F055FD280022006830DA
:102C0000310014F04FFD00227B682800EB18673379
:102C10001A70F9F7E4FDC0468B430408F0B585B09F
:102C200000AF86B06B461E000C3615003400B8604D
:102C30007960FB6028000A21DDF714FB0D4B013C95
:102C40005B5C280023700A21DDF786FA051EF1D1AE
:102C50007B68341B9C420AD8FB682200191B0C318C
:102C6000B86814F01FFD2000BD4605B0F0BD01247A
:102C70006442F8E7DF4F0408F7B5070015000400C9
:102C8000013946182A78002A37D0B44233D2252A8F
:102C900008D16A78732A0AD07A2A15D0253A514287
:102CA0004A41AD182A78013522700134EAE7181D2F
:102CB0001A68230011781C00002919D09E4213D0F5
:102CC000197001320133F5E7AA78752AEAD11A1D85
:102CD0000192311B1A682000FFF7A0FF00280ADDCF
:102CE00024180335019BCDE731003800FFF76AFF58
:102CF00002350300C6E72100F7E7E01B2270FEBDA6
:102D00008368426830B5934212D9013B4A1C0CD00B
:102D10001C78CAB2056A944201D0ED0608D58360DA
:102D2000944200D01A70080030BD83600021FAE799
:102D300001214942F7E7000010B50400044B03608D
:102D4000243000F047FC200000F056FB200010BDAE
:102D5000FC43040810B50400FFF7EEFF2000F9F76C
:102D600022FD200010BD000073B504000D00160008
:102D7000002904D1002A02D00C48F9F730FD731B5A
:102D800001930F2B07D9002201A9200000F006FCB7
:102D9000019B2060A36032002900206800F086FCBF
:102DA0000021019B22686360D15473BD244504084F
:102DB00070B504000D0000F0B9FB054B0022236044
:102DC00023002C3325626362A26220001A7070BD5A
:102DD000FC4304080300083310B5036000230372AA
:102DE00043604B6986B00400002B13D0CA6802A868
:102DF00009690090934200D91A006846FFF7B4FFB2
:102E00006946200000F0F9FC684600F0E3FB200072
:102E100006B010BD243100F053FCF8E74369002BE5
:102E200006D0C268934203D9026A120701D5C36073
:102E3000704743608360FAE710B5036A04001B071C
:102E400005D5FFF7EBFFE068A368C01A10BD0120AD
:102E50004042FBE710B5036A04001B0702D40120BF
:102E6000404210BDFFF7DAFFA368E2689A42F6D944
:102E70001878F6E70123F0B5059C069D82610A4E9D
:102E80000A4A416101615B424169002D02DC07D1C0
:102E9000B44205D9044FA4185D41C9194161F3E753
:102EA00009194161F0BDC046FFFFFF7F01000080AE
:102EB000F0B516001F0001225242D3170C00026029
:102EC000436008238BB0119A256A13401D4001000E
:102ED00004902A0000208860C860511E8A41D2B246
:102EE00008921022119902930A40216A059011401C
:102EF0008C464B1E9941C9B2854208D060460028D5
:102F000005D010980138451EA841C0B20590504226
:102F1000424108981040029A099053425A410A408F
:102F20000892002806D06568002D0DD133003B4380
:102F30003DD109E02569002D00D168E0089B002BF8
:102F400002D1059B002B32D02000FFF767FF109BBA
:102F5000012B2FD1A3685B1B0693DB1707936369D3
:102F60005B1B1A00DB1792197B4102920393069AAE
:102F7000079BB6185F41099B002B02D1059B002BD4
:102F800043D0002F0DDBE3685B1BDA17974208DCA8
:102F900001D19E4205D863689B19A360049B1E6003
:102FA0005F60089B002B13D0039B002B14DA04985E
:102FB0000BB0F0BD109B02960397022BDBD1E368A8
:102FC0005B1B1800D91736184F4102960397D2E7BA
:102FD000059B002BE8D1EAE7E368039A5D1BEB173A
:102FE0009A42E4DC02D1029BAB42E0D8029A039BF6
:102FF000009201932000A2692169FFF73BFF029B29
:10300000039C049A13605460D1E7089BE1E7330006
:103010003B4300D192E7CAE782B0F0B587B0070022
:103020000C0016000C920022BA60FA60226A01209D
:103030004042C117029208221D000D93109B386078
:10304000796002991A40114010221A4004910592A9
:10305000002936D062680392039A002A02D1320016
:103060002A4328D118221340029A1A4223D0200062
:10307000FFF7D4FE002D1EDB039AE3689B1ADA17D4
:10308000954218DC01D19E4215D8049B002B02D03A
:1030900063689B19A360059B029A134206D00096B1
:1030A0000195A26921692000FFF7E4FE10220CA916
:1030B000380014F0F7FA380007B0F0BC08BC02B0D2
:1030C00018472269C7E7F0B5040016000827026A0E
:1030D00010201740024020009446A26A2C308D1820
:1030E000626A85B0039303000F209A4200D0E06A21
:1030F000914212D10A18002F13D063468E196160D5
:10310000A660E560002B06D0039B200000930023FF
:103110000193FFF7AFFE05B0F0BDAD192A00002600
:10312000E9E76346002BF6D0039B0197009320004C
:10313000FFF7A0FE6560A560E560ECE710B50162F1
:1031400000238A0700D0836A0022416AFFF7BBFF91
:1031500010BD10B504004A682430096800F0EEFC88
:10316000216A2000FFF7EAFF10BD10B50400002916
:1031700008D0002A06DB00238362406A0370200027
:10318000FFF7A1FF200010BD70B5036A86B00400F0
:103190000D00DB064DD54B1C49D00300426A2C3391
:1031A0000F219A4200D0C16A6369A269934202D397
:1031B000214881423DD0EEB2934236D3802349006C
:1031C0009B0099422DD2190002AB00936A4600235E
:1031D00068461372019300F035FB2169002904D081
:1031E000A36968465A1A00F0A9FC3100684600F04D
:1031F00059FB20006946243000F058FD22696369BC
:1032000061689B1AA2682000521A616AFFF75BFF8F
:10321000684600F0DFF9636901336361280006B096
:1032200070BD0029D0DA0449CEE71E70F3E700250F
:10323000F4E701256D42F1E7FFFFFF7F70B50D0058
:1032400004000431160012F00BFB2B6831002360E0
:103250000C3B2A6A1B68E2506B6A25000C35A360A0
:103260002800FFF7A5FD236829000C3B18682018EB
:10327000F9F767FB200070BDF8B5040005002600D3
:103280000F0048352800F9F725FB0A49200012F005
:10329000E7FA094B0C362360084B3900A364084B4E
:1032A0003000A360FFF784FD28003100F9F749FBE7
:1032B0002000F8BDC4440408F44404081C45040874
:1032C0000845040870B5144B04000D0016000029D1
:1032D00000D113682360002D1BD10C3B326A1B68A0
:1032E000E2500E4B002D00D1736A2000A3600C3019
:1032F000FFF722FD0A49002D00D1311D200012F0F8
:10330000A9FAAB0703D520004830F9F791FA20005D
:1033100070BD044A4823E3E7F44404080845040860
:10332000C44404081C45040810B500220221FFF71C
:10333000C9FF10BD08B4024B9C46083808BC604762
:1033400029330208036810B50C3B1B68C018FFF74F
:10335000EBFF10BD10B50400FFF7E6FF2000F9F702
:1033600022FA200010BD08B4024B9C46083808BC65
:103370006047C04655330208036810B50C3B1B6814
:10338000C018FFF7E7FF10BD10B50A000021FFF7D6
:1033900099FF10BD7047704701225242D317026057
:1033A000436000238360C360704782B00092019342
:1033B00001225242D3170260436000238360C3603E
:1033C00002B0704700207047002070470120404243
:1033D0007047036810B55B6A04009847431C03D02C
:1033E000A36818780133A36010BD012040427047E4
:1033F000012040427047000010B50400034B0360F9
:103400001C3007F0DEFB200010BDC046E445040878
:1034100010B50400FFF7F0FF2000F9F7C4F9200011
:1034200010BDF7B506000D0000240192019B9C42DF
:103430001EDA7069B3691B1A10D0019A171B9F42DC
:1034400000DD1F003A00290014F02CF97369E4191B
:10345000ED19DF19019B7761A342E7DD3368297815
:103460005B6B30009847431C02D001340135DDE727
:103470002000FEBDF7B506000D0000240192019B5F
:103480009C421EDAB168F3685B1A10D0019A171BD0
:103490009F4200DD1F003A00280014F003F9B368D2
:1034A000E419ED19DF19019BB760A342E7DD33682A
:1034B00030009B6A9847431C03D0287001340135C3
:1034C000DDE72000FEBD10B503689B69984710BD7D
:1034D0008268C16810B503008A4203D210780132B5
:1034E0009A6010BD0268926A9047FAE78368C268E2
:1034F00010B5934201D2187810BD03685B6A9847F3
:10350000FAE74369826910B59A4205D9197043698F
:1035100001334361080010BD03685B6B98470100ED
:10352000F8E710B503681B6B984710BD074B10B543
:1035300003600023040043608360C3600361436150
:1035400083611C3008F09AF8200010BDE44504089F
:103550008368C16810B502008B4202D201CB936030
:1035600010BD03689B6A9847FAE78368C26810B584
:10357000934201D2186810BD03685B6A9847FAE766
:1035800010B503681B6B984710BD002310B59A4215
:1035900002D014F078F80300180010BD0B6810B5C5
:1035A000002B02DA0948F9F71DF9934205D95200B8
:1035B000934202D2002A05DB0A6008680130F9F75D
:1035C000F6F810BD024B0B60F7E7C0462147040830
:1035D000FFFFFF7F030010B500680833984201D059
:1035E000F9F7E1F810BD000010B5436814009942E6
:1035F00004D90A0002482100F9F7F8F8080010BDC4
:103600006046040810B5054C40680919091A914232
:1036100002D21800F9F7E6F810BDC046FFFFFF7FA1
:103620000368020001208B4204D850681B188B42AB
:1036300089414842704710B5012A02D10B780370C6
:1036400010BDF9F72BFDFBE710B5012A02D10B786D
:10365000037010BD002AFCD014F02DF8F9E70B0020
:1036600010B51100012B01D1027010BD002BFCD050
:103670001A0014F033F8F8E737B50400019115008B
:103680000F2906D9002201A9FFF788FF019B2060BE
:10369000A3600199002903D02A002068FFF7DFFF0B
:1036A0000021019B22686360D15437BD10B5521AC6
:1036B000FFF7C1FF10BD10B5521AFFF7BCFF10BDD8
:1036C000F7B504000E00884220D003004D68016861
:1036D00008330F22994200D08268AA420BD201A976
:1036E00020000195FFF75AFF07002000FFF772FF47
:1036F000019B2760A360002D04D02A003168206858
:10370000FFF799FF0022236865605A55F7BDF0B5B1
:103710001600426885B00193531A9B1B00930A9BC5
:103720000D009B1B9B1803930300016808330400E2
:103730000F22994200D0826803A92000FFF72EFFD4
:103740000700002D03D02A002168FFF774FF019BBA
:10375000002B07D00A9B002B04D078191A0001997E
:10376000FFF769FF009B002B08D02368AE19991959
:103770000A9B009AED187819FFF75DFF2000FFF70C
:1037800029FF039B2760A36005B0F0BD70B515004D
:10379000436804005A1A521B08D0002D06D0006856
:1037A0004B19C31840181900FFF74EFF002163683A
:1037B0005D1B23686560595570BD70B505000E002E
:1037C000083028600B6808360C009E420BD110228E
:1037D0003100F9F763FC636828006B600023266002
:1037E0006360237270BD2B608B68AB60F3E710B52C
:1037F0000400FFF7EFFE200010BD70B50C002200A2
:10380000096808320500036808308A4215D09842DA
:103810000FD0AE68296061686960A168A960002B5B
:1038200009D02360A660002322682800636013701B
:1038300070BD0023EEE72260F5E721002800FFF7C6
:103840003FFFF0E737B5436804000191994200D289
:1038500001932500216808350F228D4200D0A2680F
:103860000198904212D001D80F2810D901A9200048
:10387000FFF794FE0500636821685A1CFFF7DBFE22
:103880002000FFF7A7FE019B2560A36037BD8D4296
:10389000FCD05A1C2800FFF7CEFE2068F8F783FF03
:1038A0002560F3E7F7B502000F00466801680832AB
:1038B0000400751C0F23914200D083689D4207D9F4
:1038C00001230093002331001A002000FFF71FFF9F
:1038D000002223689F55236865605A55F7BD000094
:1038E00070B516000C4A04000D00FFF77DFE731C36
:1038F00005D10023226865605355200070BD002E5D
:10390000FBD063685A1BB24200D932002900200064
:10391000FFF73CFFF1E7C046CD46040810B5436809
:103920000122591EFFF732FF10BD0000F0B515004F
:103930001E00040085B00AAB1B78320003930F0011
:103940001A4B2900FFF75EFE21006268731B206896
:103950009B18083102930F23884200D0A368029974
:103960008B421AD3D21B521B06D0B54204D0C019C9
:1039700041198019FFF768FE002E05D02368039ACD
:10398000D8193100FFF76BFE029B20006360002313
:1039900022680299535405B0F0BD009600232A0016
:1039A00039002000FFF7B3FEE6E7C046B046040842
:1039B00007B500920B0000224168FFF7B7FF0EBD6C
:1039C00010B543688B4203D2C91AFFF7F1FF10BD4F
:1039D0008B42FCD90022036841605A54F7E710B5C6
:1039E0000022FFF7EDFF10BD07B500920B00426803
:1039F0000021FFF79BFF0EBD73B51500064A1E00A0
:103A00000400FFF7F1FD009601002B0000222000CA
:103A1000FFF78CFF76BDC046F646040837B50500B3
:103A200003680092CC1A002201232100FFF77EFFD9
:103A3000286800193EBD0000F0B51700060087B0E9
:103A40000C9C0391029322003B4B3900FFF7DAFDF7
:103A500031007368E21B3568059208319A180492A8
:103A60000F228D4200D0B26804998A4258D3039A3B
:103A700002999B1ADB1B3000AD180393FFF7D0FDB2
:103A8000002811D0039B002B06D0A74204D0E919CF
:103A900028191A00FFF7D8FD002C24D02200029923
:103AA0002800FFF7C8FD1EE0002C06D0A7423FD338
:103AB000220002992800FFF7C7FD039B002B12D0BC
:103AC000A74210D0E9192819039AFFF7BDFDA742B4
:103AD00009D2029BEF191B199F420DD322000299B4
:103AE0002800FFF7B1FD049B3000736000233268AB
:103AF0000499535407B0F0BD029B9F4205D8059A24
:103B00009446634419002200CAE7029B2800FF1A6A
:103B10003A001900FFF798FDE21B2919E819C0E7E0
:103B20000094029B3A0003993000FFF7F0FDDAE7BA
:103B3000039B002BCDD0C5E79746040807B500923C
:103B40000B0042680021FFF777FF0EBD37B5040078
:103B500008000D00DFF7CEFB2B000090626800210B
:103B60002000FFF769FF3EBD10B5FFF7EFFF10BD66
:103B7000F7B504001500094A0F001E00FFF734FDD9
:103B800063680100DA1BAA4200D92A00089B2000C2
:103B900000933300FFF750FFFEBDC0460B470408FB
:103BA00007B55368009313680022FFF7E1FF0EBDCD
:103BB00073B5050010000E001400DFF79BFB310009
:103BC0000090230028000022FFF7D2FF76BDF7B552
:103BD00004002700466800680837B5180F23B8426C
:103BE00000D0A3689D420AD8002A02D08019FFF7AE
:103BF00022FD00232268656020005355FEBD00921F
:103C00000B00002231002000FFF781FDF1E710B525
:103C10004A680968FFF7DBFF10BD10B5FFF7F7FF33
:103C200010BD000070B50E0015000400044B00210B
:103C3000FFF7E8FC2A0031002000FFF7C8FF70BD45
:103C4000E146040870B5040008000D00DFF752FBE0
:103C50000600064B020000212000FFF7D3FC3200D3
:103C600029002000FFF7B3FF70BDC046E1460408FD
:103C700010B5FFF7E7FF10BDF7B506001D00019175
:103C800017001900084AFFF7AFFC73685C1BBC42C1
:103C900000D93C00002C05D0316822004919019858
:103CA000FFF7C9FC2000FEBD4D460408F0B5040036
:103CB00087B00D00884263D007000E000268083705
:103CC0000B680836974237D19E4228D14B68009343
:103CD00043680193002B43D0009B1022002B12D08D
:103CE000310002A8F9F7DAF9102239003000F9F7AB
:103CF000D5F9102202A93800F9F7D0F963686A688B
:103D000062606B603CE039003000F9F7C7F96A4641
:103D1000636812786B60009B636023682FE08B6898
:103D20001022390030000093F9F7B8F92B682360AE
:103D3000009B2E60A360E1E7816800919E420AD15A
:103D4000102231003800F9F7A9F923682B602760A9
:103D5000009BAB60D2E70360AB682A608360F7E743
:103D6000009B002BCAD0102231003800F9F796F9D9
:103D70006A466B6812796360019B6B602B681A70EE
:103D800007B0F0BD10B543689A4205D20468A45C40
:103D90008C4203D10132F7E701225242100010BDDC
:103DA000F8B50600456808000F00DFF7A3FA2A00FF
:103DB0000400854200D9020039003068FFF7E5FBB6
:103DC000002800D1281BF8BD73B504000D001600B3
:103DD000002904D1002A02D00C48F8F700FD731B1B
:103DE00001930F2B07D9002201A92000FFF7D6FB72
:103DF000019B2060A360320029002068FFF756FC79
:103E00000021019B22686360D15473BD24450408DE
:103E100002000B0010B504000832026006CB00233C
:103E20008A18FFF7D1FF200010BD10B54A68096855
:103E3000FEF714FE10BD836858697047836898695F
:103E400070478368586B704737B58368FF259B6B55
:103E50001A00180A28402A40040222431000190CB4
:103E6000294009041B0E1B06084318433EBD37B505
:103E70008368FF25DB6B1A00180A28402A400402D9
:103E800022431000190C294009041B0E1B0608438D
:103E900018433EBD836858697047836898697047C6
:103EA0008368586B704737B58368FF259B6B1A0092
:103EB000180A28402A40040222431000190C294005
:103EC00009041B0E1B06084318433EBD37B5836823
:103ED000FF25DB6B1A00180A28402A4004022243FF
:103EE0001000190C294009041B0E1B060843184337
:103EF0003EBD8368586A70478368986A704700209F
:103F0000704700207047704710B500201924914277
:103F100003D2E04108C9C018F9E710BD104B10B535
:103F2000036003006C331B780400002B13D08068FF
:103F3000002801D005F0ECFFE069002801D005F071
:103F4000E7FF606A002801D005F0E2FFE06A002880
:103F500001D005F0DDFF200006F0B8FD200010BD07
:103F60006C490408104B10B5036003006C331B78D8
:103F70000400002B13D08068002801D005F0C8FF92
:103F8000E069002801D005F0C3FF606A002801D075
:103F900005F0BEFFE06A002801D005F0B9FF20005F
:103FA00006F094FD200010BD7C49040810B5040003
:103FB000024B036006F08AFD200010BD0049040892
:103FC00010B50400024B036006F080FD200010BD18
:103FD000184904080E4B10B5036092235B00C35CC4
:103FE0000400002B0ED08068002801D005F090FF5F
:103FF0006069002801D005F08BFFE069002801D03E
:1040000005F086FF200006F061FD200010BDC046CF
:104010008C49040810B50400024B036006F056FDFD
:10402000200010BDC447040810B50400024B036013
:1040300006F04CFD200010BD0048040810B5040037
:10404000024B036006F042FD200010BD304804081A
:1040500010B50400024B036006F038FD200010BDCF
:104060003049040810B50400024B036006F02EFD31
:10407000200010BD4449040810B50400FFF74EFFAE
:104080002000F8F790FB200010BD10B50400FFF7EA
:1040900069FF2000F8F787FB200010BD10B5040071
:1040A000FFF784FF2000F8F77EFB200010BD10B55D
:1040B0000400FFF785FF2000F8F775FB200010BD16
:1040C00010B50400FFF786FF2000F8F76CFB200016
:1040D00010BD10B50400FFF79DFF2000F8F763FB4B
:1040E000200010BD10B50400FFF79EFF2000F8F778
:1040F0005AFB200010BD10B50400FFF79FFF200001
:10410000F8F751FB200010BD10B50400FFF7A0FF29
:104110002000F8F748FB200010BD10B50400FFF7A1
:10412000A1FF2000F8F73FFB200010BD13B50400ED
:104130008B6801AA99680AF077FB200016BD13B5B9
:1041400004008B6801AA99680AF06EFB200016BD76
:1041500013B504008B6801AA99680AF065FB20007A
:1041600016BD13B504008B6801AAD9690AF0EAFEEE
:10417000200016BD13B504008B6801AA596A0AF025
:10418000E1FE200016BD13B504008B6801AAD96AB0
:104190000AF0D8FE200016BD13B504008B6801AAF2
:1041A000D9690AF0CFFE200016BD13B504008B6854
:1041B00001AA596A0AF0C6FE200016BD13B5040014
:1041C0008B6801AAD96A0AF0BDFE200016BD13B59E
:1041D00004008B6801AA59690AF0B4FE200016BDDC
:1041E00013B504008B6801AAD9690AF0ABFE200060
:1041F00016BD000010B50400044B0360083006F043
:1042000005FB200006F062FC200010BDB848040841
:1042100010B50400FFF7EEFF2000F8F7C4FA200005
:1042200010BD000010B50400044B0360083006F018
:10423000EDFA200006F04AFC200010BD44470408B7
:1042400010B50400FFF7EEFF2000F8F7ACFA2000ED
:1042500010BD00000E4B70B503600569040006F048
:104260005FFC854204D0002D02D0280005F050FEEE
:10427000A068002802D003685B68984720000C30D3
:1042800006F0C4FA200006F021FC200070BDC046F4
:104290004048040810B50400FFF7DCFF2000F8F7E1
:1042A00082FA200010BDF0B51C0087B0019005AB6C
:1042B00004A80AF05DFE03AB21000C9A05A80AF0E1
:1042C00057FE049E059D33000C3B1B689B00F318B2
:1042D00000932B000C3B1C68A4002F192A0031000E
:1042E000019806F0CCFB041E10D1300016F03EFB06
:1042F00080003618280016F039FB009B80002D182E
:10430000B3420CD17D1B6C1EA5416C4205A80AF07E
:10431000ADFB04A80AF0AAFB200007B0F0BDAF4235
:1043200002D004360435D9E70124EFE7F0B51700D1
:104330001C002A4B85B00360009102AB22000600EE
:10434000390003A80AF014FE039DE41B2B000C3B6C
:104350001B6864109B00EB180193214BA0009C424A
:1043600001D90120404205F047FE070023002A0042
:104370003900009806F08DFB844212D8441C3800A6
:1043800005F0C6FD0120164B40429C4200D8A0001B
:1043900005F032FE2300070001002A00009806F015
:1043A00078FB0200390030000AF0EAFC280016F021
:1043B000DDFA019B80002D18AB4205D000213000B2
:1043C00004350AF068FDD1E7380005F0A1FD03A827
:1043D0000AF04CFB300005B0F0BDC04664880120F7
:1043E000FEFFFF1F0A2807D82F2915D93030814238
:1043F00012D2303908007047080030380928FAD93D
:104400000B00613B052B01D85739F3E70B00413B0B
:10441000052B01D83739EDE701204042EBE710B515
:104420000B001400002904D00A00216816F01CFCBF
:104430000300180010BD10B5002A01D016F020FCB2
:1044400010BD0B0010B51100002B02D01A0016F0A1
:1044500021FC10BD4B1E99410A4B02000360002352
:104460006C3241608360C360037443618361C361E4
:10447000036243628362C362036343638363C36310
:10448000137070476C4904084B1E99410A4B020097
:10449000036000236C3241608360C3600374436136
:1044A0008361C361036243628362C36203634363E4
:1044B0008363C363137070477C490408531E9A4199
:1044C00010B5426000220400034B816003601100BC
:1044D00007F044FA200010BD8448040810B50368B2
:1044E0009B68984710BD10B50368DB68984710BDFE
:1044F00010B504000B681B699847200010BD10B56B
:1045000004000B685B699847200010BD10B50400DB
:104510000B689B699847200010BD10B504000B681C
:10452000DB699847200010BD10B503681B6A9847E7
:1045300010BD036813B55B6A9847FF240300010AA6
:10454000020C214023400902224012040B43000EBA
:1045500013430006184316BD036813B59B6A9847BA
:10456000FF240300010A020C2140234009022240DB
:1045700012040B43000E13430006184316BD00003F
:10458000531E9A4110B5426000220400034B816023
:104590000360110007F086F9200010BD50480408A0
:1045A00010B503689B68984710BD10B50368DB68B9
:1045B000984710BD10B504000B681B699847200090
:1045C00010BD10B504000B685B699847200010BD52
:1045D00010B504000B689B699847200010BD10B50A
:1045E00004000B68DB699847200010BD10B5036814
:1045F0001B6A984710BD036813B55B6A9847FF2490
:104600000300010A020C2140234009022240120447
:104610000B43000E13430006184316BD036813B581
:104620009B6A9847FF240300010A020C21402340A3
:104630000902224012040B43000E134300061843E4
:1046400016BDF0B58BB004000993180012AB0892A8
:1046500016001A78159D02926A460595149D0B68FE
:104660000495139D0793039510AD88CD88C2079BD1
:1046700032009D6803002000A84720000BB0F0BD69
:10468000F0B58BB004000993180012AB0892160025
:104690001A78159D02926A460595149D0B6804953B
:1046A000139D0793039510AD88CD88C2079B3200F8
:1046B000DD6803002000A84720000BB0F0BDF0B576
:1046C00004001700180089B007930EAB129D139ECB
:1046D00006921A7804950596109D0B6802950F9D19
:1046E000009201959D683A0003002000A847200031
:1046F00009B0F0BD70B504001600180086B00D9D1D
:1047000005930AAB04921A7803950C9D0B680295E9
:104710000B9D00920195DD68320003002000A84740
:10472000200006B070BD00004B1E9941084B92223C
:1047300003600023520041608360C36003744361DF
:104740008361C36103624362836283547047C046DE
:104750008C490408531E9A4110B50400044B426072
:1047600003608160002107F0FFF9200010BDC04602
:10477000A047040810B503689B68984710BD10B5A2
:104780000368DB68984710BD10B504000B681B690F
:104790009847200010BD10B504000B685B6998476E
:1047A000200010BD10B504000B689B6998472000DD
:1047B00010BD0000531E9A41074B10B542600360C4
:1047C0008160040006F0ACF900212061200007F0B0
:1047D00089FB200010BDC0464048040883689A68E1
:1047E0000A60DB684B60704783681A690A605B691E
:1047F0004B60704783689A690A60DB694B60704759
:104800008368DA6A0A601A6B4A605A6B8A609A6B2C
:10481000CA60DA6B0A611A6C4A615B6C8B61704723
:1048200083689A6C0A60DA6C4A601A6D8A605A6D05
:10483000CA609A6D0A61DA6D4A611B6E8B617047BE
:1048400083685A6E0A609A6E4A60DA6E8A601A6FDE
:10485000CA605A6F0A619A6F4A61DA6F8A611A1DDB
:10486000D26FCA611A000832D26F0A621A00883207
:1048700012684A621A008C32126890338A621B688E
:10488000CB62704783681A00943212680A601A007B
:10489000983212684A601A009C3212688A601A00C4
:1048A000A0321268CA601A00A43212680A611A00A3
:1048B000A83212684A611A00AC3212688A611A0082
:1048C000B0321268CA611A00B43212680A621A0061
:1048D000B83212684A621A00BC321268C0338A6267
:1048E0001B68CB62704710B503689B68984710BD82
:1048F000F0B58BB008921600149A04000492139A33
:1049000018000392129A099302926A460B6810AD3E
:10491000079388CD88C2079B3200DD680300200022
:10492000A84720000BB0F0BDF0B58BB00892160080
:10493000149A04000492139A18000392129A09938D
:1049400002926A460B6810AD079388CD88C2079B18
:1049500032001D6903002000A84720000BB0F0BD05
:10496000F0B58BB008921600149A04000492139AC2
:1049700018000392129A099302926A460B6810ADCE
:10498000079388CD88C2079B32005D690300200031
:10499000A84720000BB0F0BDF0B58BB00892160010
:1049A000149A04000492139A18000392129A09931D
:1049B00002926A460B6810AD079388CD88C2079BA8
:1049C00032009D6903002000A84720000BB0F0BD15
:1049D000F0B58BB008921600149A04000492139A52
:1049E00018000392129A099302926A460B6810AD5E
:1049F000079388CD88C2079B3200DD690300200041
:104A0000A84720000BB0F0BD4B1E9941044B10B5D8
:104A100041600360040006F077F8A060200010BD3C
:104A2000B848040810B503689B68984710BD37B5AF
:104A30000400079D08680195069D0095C568200043
:104A4000A84720003EBD10B503681B69984710BDFC
:104A50004B1E9941044B10B541600360040006F001
:104A600053F8A060200010BD4447040837B5069DE8
:104A700004680095A468A0473EBD70B504000868AE
:104A8000C5682000A847200070BD000010B50400D4
:104A90000B4806F0ABF823685A689B68834203D939
:104AA00080008058002801D1F7F796FE0023054AC0
:104AB000054905F031FA002801D105F085FA10BD4D
:104AC0006C88012088600408804F040810B5040039
:104AD0000B4806F08BF823685A689B68834203D919
:104AE00080008058002801D1F7F776FE0023054AA0
:104AF000054905F011FA002801D105F065FA10BD4D
:104B0000F4780120944A0408804F040810B504008A
:104B10000B4806F06BF823685A689B68834203D9F8
:104B200080008058002801D1F7F756FE0023054A7F
:104B3000054905F0F1F9002801D105F045FA10BD4D
:104B400000790120B4490408804F040810B504001E
:104B50000B4806F04BF823685A689B68834203D9D8
:104B600080008058002801D1F7F736FE0023054A5F
:104B7000054905F0D1F9002801D105F025FA10BD4D
:104B80000479012094490408804F040810B50400FA
:104B90000B4806F02BF823685A689B68834203D9B8
:104BA00080008058002801D1F7F716FE0023054A3F
:104BB000054905F0B1F9002801D105F005FA10BD4D
:104BC000E8780120D4490408804F0408F0B5002596
:104BD0002C0085B002910B990392013B039A0A9F26
:104BE000161901963678CF1BBA10B24206DC0600C1
:104BF0000A9B99420DD004CB04C6FAE772B2002A90
:104C0000F5DDB600891BA34201D90134E6E7013581
:104C1000E4E7C019013D10D3029B0360019B1E789D
:104C20000023B6001F1DB34202D1C019C918F1E715
:104C3000CA58C3185A603B00F4E7013C10D3029BEA
:104C40000360039B1D5D0023AD001E1DAB4202D11E
:104C50008019C918F1E7CF58C3185F603300F4E733
:104C600005B0F0BDF7B5089F0C000B9E19000A9B1C
:104C7000002F19D0FD1AAD10A8001818019000934C
:104C8000099813002200FFF7A1FF099BC41AA41082
:104C9000002F07D0336839005A1BFFF7CCFB33686D
:104CA0005D1B64193460F7BD3568E5E737B50D0065
:104CB000099C1900236808989B00C3180193009071
:104CC000130007982A00FFF781FF079BC01A801086
:104CD000206037BDF8B5170006AA127806000D004F
:104CE000002A12D0040028000A21DBF7BBFA0431A5
:104CF0008900CB59043C280023600A21DBF72CFAF9
:104D0000051EF0D1301B8010F8BD4A221A40402AFF
:104D10000BD10400393A2B00134004339B00DB59BC
:104D2000043C2360ED08F6D1ECE714225B0400D4C8
:104D3000103A34000F212B000B409B189B00DB59CD
:104D4000043C23602D09F6D1DCE7F8B51E0008AB62
:104D50001B78070014000799002B19D005002000CC
:104D600031000A220023DEF7A3F9069B04329200E9
:104D7000D358043D2B60200031000A220023DEF7C7
:104D800097F90E0004000143E9D1781B8010F8BDAB
:104D90004A230B40402B11D105000722230013406A
:104DA000043306999B005B58043D2B60E4087307AD
:104DB0001C432300F6083343F0D1E6E714224B04EA
:104DC00000D4103A3D000F2123000B409B18069899
:104DD0009B001B58043D2B60240933071C43230010
:104DE00036093343F0D1D0E710B50468E46AA04730
:104DF00010BD0000F0B5040089B008000391FFF772
:104E0000A5FE0500FFF76AFB60612800FFF76BFB5A
:104E1000A0612800FFF788FB2900606304A8FFF762
:104E200067FB049B0C3B1868E06005F0E5F8002385
:104E3000E2680100060004A809F0B6F90023E26860
:104E40009A4204D00022B256D3179B1ADB0F237468
:104E500005A82900FFF753FB059B354F0C3B18684D
:104E60002062B8425BD8800005F0C6F8002301003C
:104E70000190226A05A809F059FD06A82900FFF74C
:104E800045FB069B0C3B1868A062B8424AD88000DC
:104E900005F0B2F8002301000290A26A06A809F00A
:104EA00045FD07A82900FFF738FB079B0C3B186856
:104EB0002063B84239D8800005F09EF8226B0100CB
:104EC0000023070007A809F031FD2800FFF731FB98
:104ED000A0632800FFF740FBE0630398FFF7D6FDCF
:104EE000144B196823000A0040330B32FFF77CFF94
:104EF000019BA660E361029BE762636201236C345D
:104F0000237007A809F0B2FD06A809F0AFFD05A8B7
:104F100009F0ACFD04A809F0F5F909B0F0BD0120D5
:104F20004042A1E701204042B2E701204042C3E7EE
:104F3000FEFFFF1FB0010020F7B505000E4805F089
:104F400055FE2A688300D4680190E4182768002F72
:104F50000FD17020F7F72BFC06003900FFF77AFA23
:104F600029003000FFF746FF019A3100286805F05C
:104F7000FDFE2068FEBDC04604790120F0B50400A6
:104F800089B008000391FFF7C1FD0500FFF708FB9A
:104F900060612800FFF709FBA0612800FFF726FBEE
:104FA0002900606304A8FFF705FB049B0C3B18680D
:104FB000E06005F021F80023E2680100060004A883
:104FC00009F0F2F80023E2689A4204D00022B256B7
:104FD000D3179B1ADB0F237405A82900FFF7F1FAFA
:104FE000059B354F0C3B18682062B8425BD88000A7
:104FF00005F002F8002301000190226A05A809F0DB
:1050000095FC06A82900FFF7E3FA069B0C3B1868FD
:10501000A062B8424AD8800004F0EEFF00230100ED
:105020000290A26A06A809F081FC07A82900FFF7F0
:10503000D6FA079B0C3B18682063B84239D8800029
:1050400004F0DAFF226B01000023070007A809F033
:105050006DFC2800FFF7CFFAA0632800FFF7DEFA07
:10506000E0630398FFF712FD144B196823000A0050
:1050700040330B32FFF7B8FE019BA660E361029B51
:10508000E762636201236C34237007A809F0EEFC29
:1050900006A809F0EBFC05A809F0E8FC04A809F053
:1050A00031F909B0F0BD01204042A1E701204042A2
:1050B000B2E701204042C3E7FEFFFF1FB00100201E
:1050C000F7B505000E4805F091FD2A688300D46805
:1050D0000190E4182768002F0FD17020F7F767FBC5
:1050E00006003900FFF7D0F929003000FFF746FF2E
:1050F000019A3100286805F039FE2068FEBDC046DF
:1051000000790120F0B5040087B008000191FFF795
:10511000DDFC0100050003A8FFF736FB039B0C3BF9
:105120001868E06004F068FF0023E26801000700EF
:1051300003A809F039F80023E2689A4204D000225B
:10514000BA56D3179B1ADB0F237404A82900FFF764
:1051500022FB049B2C4E0C3B1868A061B0424DD83A
:10516000800004F049FF002301000090A26904A818
:1051700009F0DCFB05A82900FFF714FB059B0C3B9D
:1051800018682062B0423CD8800004F035FF226AE3
:1051900001000023060005A809F0C8FB2800FFF75E
:1051A000E9FA60622800FFF7EAFAA0620198FFF7C7
:1051B0006DFC164B0500196823000A002C332432BD
:1051C000FFF712FE124B2800196823000A00BC33B7
:1051D0001A32FFF709FE009B0122636192235B00F4
:1051E000A760E66105A8E25409F040FC04A809F0B4
:1051F0003DFC03A809F086F807B0F0BD012040424D
:10520000AFE701204042C0E7FEFFFF1FAC010020D6
:10521000A8010020F7B505000E4805F0E7FC2A6854
:105220008300D4680190E4182768002F10D19420DF
:105230004000F7F7BCFA06003900FFF775FA2900BD
:105240003000FFF75FFF019A3100286805F08EFDFE
:105250002068FEBDF478012010B504000068002825
:1052600004D0FEF775F901235B426360200010BD96
:1052700010B503689B68984710BD73B56C46D5B2EE
:10528000060000916260002D08D11900069A00986E
:10529000FEF776F9069B834200D001353300257175
:1052A000300006CC06C376BDF0B591B0169C0690D2
:1052B0006C34200008920993FFF7E8FB07002000F8
:1052C000FFF7FEFE189B016C1E6805003300326874
:1052D0000C3B8A427AD0826B0B92426A0392826ABA
:1052E00002921B683A689B005469F318320004214B
:1052F0003800A047841BA410049400D1BBE0754B78
:1053000061000CA80C9309F0F6FC6A6BA31A002B41
:105310006DDD002A00DB1C00EB68002B61D0610012
:1053200000220CA809F056FC0CA809F013FCA300FD
:10533000F31801930096EB68AA68A9690C98FFF727
:1053400045FC07000CA809F005FC01220C9B524209
:10535000F91A89100CA809F007FC6B6B002B0BDD08
:1053600069690CA809F097FD002C42DBA1006A6B6B
:1053700071180CA809F004FD169BDA68B0231340DD
:1053800005930C9B0C3B1E68029B9E190023920503
:1053900000D52B6A9E194F4B71000DA80D9309F093
:1053A000AAFC169B9C6800230493059B102B03D139
:1053B000A6429B415B42049300270BABF85C042898
:1053C0002BD8DAF7ABFE7B701E626B00C26B0B92C0
:1053D000C26A0392026B02921A68002A81D00436D4
:1053E0007FE7220031000CA809F024FCB5E71C007F
:1053F000B3E761426A6C0CA809F0FCFC049A310026
:10540000B7E78022169B9200DB680793134204D013
:105410002A6AE9690DA809F0B3FC0137042FCCD141
:10542000029B012B06D91A000399013A04310DA8F9
:1054300009F0A6FC0D9B0C3B19688C4208D9059B12
:10544000611A202B3ED1179A0DA809F0D3FC210038
:105450000EAD00910D9B0899099A2800FFF70DFFEA
:105460000E9B08AC08932B790DA8237109F0FEFA66
:105470000CA809F0FBFA0023169A9360069A08AB71
:1054800003CB03C2069811B0F0BD029B002BC4D021
:10549000039B19680DA809F0FEFCBEE70CA90DA836
:1054A00009F06AFCB9E7049B002B05D0A11B179AF1
:1054B0000DA809F09FFCB0E71799EBE7049B002BC0
:1054C000ABD0F3E70A00179B00210DA809F08CFB75
:1054D000BDE7C04664880120F0B591B0169C0690E7
:1054E0006C34200008920993FFF7D0FA07002000DF
:1054F000FFF722FD189B016C1E680500330032681F
:105500000C3B8A427AD0826B0B92426A0392826A87
:1055100002921B683A689B005469F3183200042118
:105520003800A047841BA410049400D1BBE0754B45
:1055300061000CA80C9309F0DEFB6A6BA31A002B28
:105540006DDD002A00DB1C00EB68002B61D06100E0
:1055500000220CA809F03EFB0CA809F0FBFAA300FE
:10556000F31801930096EB68AA68A9690C98FFF7F5
:105570002DFB07000CA809F0EDFA01220C9B52420A
:10558000F91A89100CA809F0EFFA6B6B002B0BDDF0
:1055900069690CA809F07FFC002C42DBA1006A6B52
:1055A00071180CA809F0ECFB169BDA68B0231340C5
:1055B00005930C9B0C3B1E68029B9E1900239205D1
:1055C00000D52B6A9E194F4B71000DA80D9309F061
:1055D00092FB169B9C6800230493059B102B03D120
:1055E000A6429B415B42049300270BABF85C042866
:1055F0002BD8DAF793FD7B701E626B00C26B0B92A7
:10560000C26A0392026B02921A68002A81D00436A1
:105610007FE7220031000CA809F00CFBB5E71C0065
:10562000B3E761426A6C0CA809F0E4FB049A31000C
:10563000B7E78022169B9200DB680793134204D0E1
:105640002A6AE9690DA809F09BFB0137042FCCD128
:10565000029B012B06D91A000399013A04310DA8C7
:1056600009F08EFB0D9B0C3B19688C4208D9059BF9
:10567000611A202B3ED1179A0DA809F0BBFB21001F
:105680000EAD00910D9B0899099A2800FFF7F5FDD2
:105690000E9B08AC08932B790DA8237109F0E6F94D
:1056A0000CA809F0E3F90023169A9360069A08AB58
:1056B00003CB03C2069811B0F0BD029B002BC4D0EF
:1056C000039B19680DA809F0E6FBBEE70CA90DA81D
:1056D00009F052FBB9E7049B002B05D0A11B179AD8
:1056E0000DA809F087FBB0E71799EBE7049B002BA7
:1056F000ABD0F3E70A00179B00210DA809F074FA5C
:10570000BDE7C04664880120F0B591B004AFBA612E
:105710001822FB613023102415003961B918CB1809
:105720001B78F96C7B60BB186C317861181905F037
:10573000D8F97B191819FFF7A9F992B0F86005F0AC
:10574000E3F9BB6DFC6DF862029303941824002307
:105750001420324E3C1904AD00932018330040222F
:105760002900F7F757FC04003F281BDD431CBB60F2
:105770006B460F34E408E4001B1B9D4605F0C4F99A
:10578000BB6DFC6DF862029303940023182414206F
:1057900000933C1904AD20183300BA682900F7F7CC
:1057A00039FC040018221423B918CE18083BCB1872
:1057B00000222100300009F03DF92C19300009F0D9
:1057C000C9F9FB6A22002900F868FFF70DFB7B6826
:1057D0000296002B16D03B6D0193FB6C0093BA69C7
:1057E000FB6939697869FFF75FFD300009F03EF920
:1057F00018221023BA18D01805F0E3F9BD467869CD
:105800000DB0F0BD3B6D0193FB6C0093BA69FB6971
:1058100039697869FFF760FEE7E7C046A03F0408F2
:1058200030B5040087B005930AAB1D7804920B9B3A
:105830000C9A0D98019202900093049A059B200007
:10584000002D04D0FFF730FD200007B030BDFFF77A
:1058500043FEF9E710B503681B6B984710BD10B500
:1058600003689B6A984710BDF7B514001D00099A9C
:10587000089B01919E1AB023C2681340202B0CD1C3
:10588000099A29002000FEF7D6FD099B019A98008D
:1058900020183100FEF7D5FDF7BD102B0ED00027E4
:1058A000019A31002000FEF7CCFD099BB900B00041
:1058B000DA1B69182018FEF7BEFDEDE76C30FFF724
:1058C000E5F82D210700FFF7CAFF2B68984203D1A6
:1058D0002B68012708C4E3E72B213800FFF7BFFF3F
:1058E0002B689842F4D030213800FFF7B8FF2B68BE
:1058F0009842D4D1099B012BD1DD78213800FFF7E4
:10590000AEFF6B68984206D12B68022723606B6854
:1059100063600834C4E758213800FFF7A0FF6B68C4
:105920009842BCD1F0E737B51500089C18002368F1
:1059300000920193069A079BFFF796FF256037BDFB
:10594000F0B58FB004AF3D6C786028006C303960E2
:10595000BA61FB61FFF75EFC03002C33BB60EB68B0
:1059600096B07B614A237A6904001A40002304AE92
:10597000FA60B96C3B61402A02D0082A00D076E078
:1059800030003B69503000937B69BA68FFF7A2F999
:10599000142378621B1A227C9B00F318002A14D06F
:1059A0006A46C0001030121A182195460C22791848
:1059B0008A1806AE0392029301960095A36AE268E4
:1059C000A1683868FFF772F9330039697A6A0029EB
:1059D00033D0B96C00292DDB7969090504D5216B19
:1059E000043B196001327A62AA68796A914214DA3A
:1059F000684691000E31C908C900411A18208D4629
:105A00000C213818411804AC0193029100942B002A
:105A1000796C3868FFF787FF23000022AA607A6A52
:105A200000927868B969FA69FFF727FCBD46786883
:105A30000BB0F0BD043BE16AD3E779698905D3D5A2
:105A4000B96C0029D0D0F968402902D1043BE16B40
:105A5000C7E77969B8684904C90F02318900085855
:105A6000191F0860E16B083B19600232BBE7BB6C91
:105A7000002B01DCBB6C594201233B6180E710B570
:105A8000040086B00A980290099801900898009046
:105A90002000FFF755FF200006B010BDF0B58DB017
:105AA00004AF10267B6130233A61BD6BBA19D3185D
:105AB0001C78EB6838607B60DB0717D40820029401
:105AC000FB6BBC19019300953A697B692018FFF7BD
:105AD00037FFBB69BD463B613B7F3A683B7510238E
:105AE000FB1803CB03C2386809B0F0BD28006C3046
:105AF000FFF790FB002C31D046698469AB689C426B
:105B000048DA6A461B1BFB609B000E33DB08DB0098
:105B1000D31A9D4604ABFA6B1800F968BB60FEF718
:105B200090FC00237A68AB60B0331A40202A18D169
:105B30001025009408247819330039697A6900190E
:105B4000FFF79BFBBB6978193B613B7F3B75FB68AB
:105B50000093BB68B9697A69201818E0C669046ABD
:105B6000CCE710200825FB6838180093BB6839691A
:105B70007A694019FFF781FBBB6910203B613B7FCD
:105B800038183B7533000094B9697A694019FFF7FA
:105B900074FB9EE70023AB60009410243300396946
:105BA0007A6908203C19D7E7F0B58FB004AF3D6C97
:105BB000786028006C30BA61FB613960FFF72AFB1E
:105BC00003002C33BB60EB6896B07B614A237A6993
:105BD00004001A40002304AE3B61FA601300402A1F
:105BE00004D0083B5A1E9341DBB23B6130003B6955
:105BF000503000937B69BA68B96CFFF76BF81423D7
:105C000078621B1A227C9B00F318002A14D06A4683
:105C1000C0001030121A182195460C2279188A18E3
:105C200006AE0392029301960095A36AE268A1680A
:105C30003868FFF73BF833003A69002A0ED17A69D9
:105C400092050BD5BA6C002A08D0FA68796A402A06
:105C50002AD1E26B043B1A6001317962AA68796A41
:105C6000914214DA684691000E31C908C900411A00
:105C700018208D460C213818411804AC019302916C
:105C800000942B00796C3868FFF74DFE230000224A
:105C9000AA607A6A00927868B969FA69FFF7EDFA42
:105CA000BD4678680BB0F0BD7A69B8685204D20F6F
:105CB0000232920010581A1F1060E26B083B1A6003
:105CC0000231CAE710B5040086B00A98029009981C
:105CD0000190089800902000FFF766FF200006B0B2
:105CE00010BD0000F0B58BB0109E050094460692E2
:105CF000180007930F4AF36808AF05931A408223F0
:105D00009B001343F360129B62460293119B009623
:105D1000019303003800FFF747FF089B06AC06938A
:105D20003B7928002371059BF3602B0006CC06C34A
:105D30000BB0F0BDB5BFFFFFF0B591B004AFBD6CC7
:105D4000786028007B623B6D6C30FB607B6D396056
:105D50003A627B61FFF75EFA03002C33BB60EB68AD
:105D60000021FB614A23FA69B9611A403A61396935
:105D7000AAB0040004AEFA687B69402902D0082961
:105D800000D079E03000B969A0300291F969019141
:105D9000B9680091FEF7D9FF2823F8621B1A227C0C
:105DA0009B00F318002A14D06A46C0001030121A63
:105DB000202195460C2279188A1806AE0392029388
:105DC00001960095A36AE268A1683868FEF76EFF45
:105DD0003300B969FA6A002933D0796900292DDBCB
:105DE000F969090504D5216B043B19600132FA6297
:105DF000AA68F96A914214DA684691000E31C9081E
:105E0000C900411A20208D460C213818411804ACD5
:105E10000193029100942B00F96C3868FFF783FD21
:105E200023000022AA60FA6A00927868396A7A6AC6
:105E3000FFF723FABD4678680DB0F0BD043BE16A78
:105E4000D3E7F9698905D3D5F96878690143CFD0DB
:105E50003969402902D1043BE16BC6E7F969B868AA
:105E60004904C90F023189000858191F0860E16B05
:105E7000083B19600232BAE77969002908DC02D1CF
:105E8000F968002904D110001900002342428B4117
:105E90000121B96176E770B5040086B00B980C9DBE
:105EA0000D9E01900A980295039600902000FFF73E
:105EB00043FF200006B070BDF0B591B004AFBD6CDB
:105EC000F86028007B623B6D6C307B607B6D3A62D2
:105ED0003B60B960FFF79EF903002C333B61EB6830
:105EE000AAB0FB614A23FA6904001A40002304AEF9
:105EF000BB617A611300402A04D0083B5A1E9341CB
:105F0000DBB2BB613000BB69A0300293FB69019337
:105F10003B6900937A683B68FEF717FF2823F86215
:105F20001B1A227C9B00F318002A14D06A46C0007A
:105F30001030121A202195460C2279188A1806AEC4
:105F40000392029301960095A36AE268A168B8687B
:105F5000FEF7ACFE3300BA69002A0FD1FA69920548
:105F60000CD57A6839680A4308D07A69F96A402AF8
:105F70002AD1E26B043B1A600131F962AA68F96A1E
:105F8000914214DA684691000E31C908C900411ADD
:105F900020208D460C213818411804AC0193029141
:105FA00000942B00F96CB868FFF7BDFC23000022B9
:105FB000AA60FA6A0092F868396A7A6AFFF75DF9AE
:105FC000BD46F8680DB0F0BDFA6938695204D20FC9
:105FD0000232920010581A1F1060E26B083B1A60E0
:105FE0000231CAE770B5040086B00B980C9D0D9E77
:105FF00001900A980295039600902000FFF75CFF3D
:10600000200006B070BDF0B593B004AFBA6118229D
:10601000FB614023BA18D3181C783B6DB8606C3311
:106020001800FB607960FFF7F5F83B6D78615D68FB
:10603000002D00DA0625182322001024F91809196A
:10604000386D04F0DFFE3B6D8EB0DB6804AE3B6163
:1060500082233A695B001A403A619A4200D1BFE05C
:1060600004F052FD3A6E7B6E78620292039318231D
:106070000C20FA18131908343C1900952D22310010
:106080002018F6F7C7FF38623B6A2C2B21DD6A46E1
:106090005C1C0F33DB08DB00D31A9D4682233A6970
:1060A00004AE5B009A4200D1ADE004F02DFD3A6EE3
:1060B0007B6E7862009518250292039310230C20C2
:1060C0007A19D31822007C1931002018F6F7A2FFA4
:1060D0003862F868FEF7DAFC69463A6A93000E33D4
:1060E000DB08DB00CB1A9D4604AC2300B21831005C
:1060F000FEF77AFE3D6A2B1E0DD02A002E213000BD
:1061000011F0B6FA031E06D07A69801B526A80002D
:1061100023183A611A607A69127C002A37D0002B62
:1061200009D1022D07DD7278303A092A2FD8B278CA
:10613000303A092A2BD86946EA0008328A1A95466D
:10614000FD2104AA3A61327800262B3A0A4205D191
:106150003A692168013D11603D620136182008212D
:10616000B20038184118A4180294039139690093B9
:106170008A1801927B697A6979699B6AD268896811
:106180007868FEF76FFD3B6A3C699E193E623B6D85
:106190009A683B6A934214DA694693000E33DB082F
:1061A000DB00CB1A18219D4608237918CB1804ADC3
:1061B0000194029300953B6D796D7868FFF7B3FB0E
:1061C0002C0000233A6D93603B6A0093B86823006B
:1061D000B969FA69FFF751F8BD46B8680FB0F0BD6C
:1061E00004F092FC3B6E7C6E78620093019418245C
:1061F00010230C203A193C19D31831002D222018F5
:10620000F6F708FF3FE704F07FFC3A6E7B6E182537
:1062100078620092019310230C207A19D31822007F
:106220007C1931002018F6F7F5FE51E770B504002F
:10623000002088B002900D980E9D0F9E01900C9842
:106240000495059600902000FFF7DDFE200008B0C1
:1062500070BDF0B593B004AFBA611822FB61402362
:10626000BA18D3181C783B6DB8606C331800FB600B
:106270007960FEF7CFFF3B6D78615D68002D00DA35
:106280000625182322001024F9180919386D04F086
:10629000B9FD3B6D8EB0DB6804AE3B6182233A6989
:1062A0005B001A403A619A4200D1BFE004F02CFC36
:1062B0003A6E7B6E78620292039318230C20FA18D0
:1062C000131908343C1900952D2231002018F6F7D7
:1062D000A1FE38623B6A2C2B21DD6A465C1C0F3321
:1062E000DB08DB00D31A9D4682233A6904AE5B00CB
:1062F0009A4200D1ADE004F007FC3A6E7B6E786202
:10630000009518250292039310230C207A19D318B4
:1063100022007C1931002018F6F77CFE3862F868FC
:10632000FEF7B4FB69463A6A93000E33DB08DB00E4
:10633000CB1A9D4604AC2300B2183100FEF754FD81
:106340003D6A2B1E0DD02A002E21300011F090F94D
:10635000031E06D07A69801B526A800023183A61B6
:106360001A607A69127C002A37D0002B09D1022DDD
:1063700007DD7278303A092A2FD8B278303A092AE4
:106380002BD86946EA0008328A1A9546FD2104AAEC
:106390003A61327800262B3A0A4205D13A692168DF
:1063A000013D11603D62013618200821B200381805
:1063B0004118A41802940391396900938A18019234
:1063C0007B697A6979699B6AD26889687868FEF71F
:1063D00049FC3B6A3C699E193E623B6D9A683B6A88
:1063E000934214DA694693000E33DB08DB00CB1AC4
:1063F00018219D4608237918CB1804AD0194029307
:1064000000953B6D796D7868FFF78DFA2C000023BD
:106410003A6D93603B6A0093B8682300B969FA69E2
:10642000FEF72BFFBD46B8680FB0F0BD04F06CFB63
:106430003B6E7C6E786200930194182410230C202C
:106440003A193C19D31831002D222018F6F7E2FD35
:106450003FE704F059FB3A6E7B6E18257862009294
:10646000019310230C207A19D31822007C193100D3
:106470002018F6F7CFFD51E770B504004C2088B026
:1064800002900D980E9D0F9E01900C980495059614
:1064900000902000FFF7DDFE200008B070BD000076
:1064A000F0B51C4C0600A544909C05936C3493AB4E
:1064B0001F78200094AB04921D78FEF7E7FA039052
:1064C0002000FEF763FB252104000398FFF7C7F9BE
:1064D0000690002D18D107970895929B0AA9009362
:1064E000802206AB200005F0CFFC0AA814F03EFA8B
:1064F0000AAB009004993000059AFEF7BEFE30000A
:106500008B239B009D44F0BD0023079508970993BA
:10651000E3E7C046D4FDFFFF10B503689B699847C9
:1065200010BD036810B50400002B0CD04068421C5D
:1065300005D11800FDF719F8431C01D0606010BDAB
:1065400000232360FBE701204042F8E770B50D000F
:10655000FFF7E7FF04002800FFF7E3FF01340130F5
:106560004342434160426041181A43425841C0B21D
:1065700070BD10B5FFF7EAFF030001205840C0B21C
:1065800010BDF0B585B00090109803936C30029266
:10659000119FFEF77BFA0F9B01900A25022B04D076
:1065A000093D042B01D1FA25AD00002426000AA9DB
:1065B00002A8FFF7DEFF0F9B002823D09E4223D0C6
:1065C00002A8FFF7AEFF2A2201000198FFF742F967
:1065D0003038C3B2092B20D80A235C4304192300A6
:1065E0006B430E9A934218DC0D9AEB18934214DD1C
:1065F0000A212800D9F73AFE050002A8FEF72CFE72
:106600000136D4E79E4208D10C9B1C60009A02AB75
:1066100003CB03C2009805B0F0BD0F9B042B03D140
:10662000022E01D1643CEFE704233A6813433B6038
:10663000ECE7F0B589B000AFF860F86CBA616C3087
:10664000FB61FEF723FA6A46BB6C78619B000E3350
:10665000DB08DB00D31A18229D463B612023B918C2
:10666000C918B818FFF785FF002800D192E0182359
:10667000F818FFF756FF002405002600BB6C9C426B
:1066800011D07A6CA300D3581968A94205D13A6990
:10669000B3009C5001360134F0E77869FFF73CFF06
:1066A000A842F8D1F3E700237B61012E48D93C6969
:1066B0007A6C08CC9B00985814F058F905003A6998
:1066C000B300D318BB6023687A6C9B00985814F011
:1066D0004DF9854200D90500BB680434A342F2D1CC
:1066E00018243819FEF7B8FD7B6901337B61AB4292
:1066F00050D220233A19D1181000FFF73AFF002892
:1067000048D000247B699B00BB603B69A5005D19F4
:106710002B687A6C9B009B58BA689B587B60182347
:10672000F818FFF7FEFE7B68834207D0013E3A6906
:10673000B3009B582B60B442E7D3B6E70134FAE7C5
:10674000012E27D11823F818FEF786FD7B697A6C95
:106750005D1C3B691E68B3009C58200014F006F9CC
:106760007B6938619B00E4183B699D4223D2182263
:106770002023B918C918B818FFF7FBFE002809D064
:1067800018226368B8187B61FFF7CBFE7B6904347D
:10679000834216D03B6D1B687B6104237A691343E7
:1067A0003A6D13601823BD46FA68FB1803CB03C289
:1067B000F86809B0F0BD3B699D42EBD13B6C1E60AF
:1067C000F0E71823F818FEF747FD0135CCE7F0B5E0
:1067D00089B000AFB860F86CBA616C30FB61FEF74D
:1067E00055F96A46BB6CF860DB000833D31A1822EF
:1067F0009D467B612023BA18D1181000FFF7B9FE1F
:1068000000283CD01823F818FFF78BFE0024050061
:106810002600BB6C5B003B613B69A34211D07A6CE4
:10682000A300D3581968A94205D17A69B3009C50D6
:1068300001360134F0E7F868FFF76EFEA842F8D1A0
:10684000F3E7002E1BD01823F818FEF705FD6A4663
:10685000B3003B610E33DB08DB00D31A9D460024F6
:106860006D463B69A3422CD07B697A6C1B59FB6057
:106870009B00985814F07AF828510434F1E700246A
:1068800025002600A300FB6018222023BA18D11887
:106890001000FFF76EFE002837D01823F818FFF716
:1068A00040FE002338603B619E4222D99A00A8181E
:1068B00084460068A04206D83A6901323A61013341
:1068C000F2E70124DEE778698218106811007A6C1B
:1068D00080008058FA6880583A689042EFD0013EB4
:1068E0007A69B000125828587A600A6062461060CF
:1068F000DAE7FB680433FB603B699E4205D018234E
:10690000F818FEF7A9FC0134BEE7012E13D12B685D
:10691000A34217D17B69BA6C1B68934200D39B1AC0
:106920003A6C13601823BD46BA68FB1803CB03C248
:10693000B86809B0F0BD022E04D12B68A342E9D09B
:106940006B68E5E73B6D1B687B6104237A69134341
:106950003A6DE6E7F0B5A1B0289C0D906C342000AC
:106960000891109211932A9FFEF710F90A902000C7
:10697000FEF78CF809902B9813F0F8FF00240C9088
:10698000129426A910A8FFF7F4FD129D002862D0EA
:106990000C9B9C425FD2002D5DD12B9BA6009E19C3
:1069A0002A0031680998FEF755FF252800D088E2B3
:1069B000631C2A00716809980B93FEF74BFF13952F
:1069C000452801D04F2806D1A31C0022B1680998A0
:1069D0000B93FEF73FFF4138382800D9BEE110ACD9
:1069E000D9F7B0FB71009900D001F800BC01BC01DF
:1069F000BC0114013401BC01BC01BC015F01BC013C
:106A0000BC01BC01BC018D019201C101BC01BC01F2
:106A1000BC01CB01D001F601BC01BC01BC01BC0131
:106A2000BC01BC014D0077009F00A800BC00BC0168
:106A3000BC017700BC01BC01BC01BC013F017F016E
:106A4000BC01BC01BC01BC01BC01B201BC01BC0168
:106A5000BC01C601D001002D02D10C9B9C4207D085
:106A6000299B1B6808930423089A1343299A1360EF
:106A70000D9B10AA03CA03C30D9821B0F0BD14AE3C
:106A800031000A98FDF7CCFE12AB0693289B0396C3
:106A900005930723049313AB02936B4626AA03CAFC
:106AA00003C30EAC119B109A200010AD0899FFF79C
:106AB000C0FD0CCC0CC5129B002B01D1139BBB61FC
:106AC0000B9C01345DE714AE31000A98FDF798FE87
:106AD000DAE714AE31000A98FDF7D4FE12AB069344
:106AE000289B039605930C23049313AB02936B46E8
:106AF00026AA03CA03C30EAC119B109A200010AD46
:106B00000899FFF796FD0CCC0CC5129B002BD7D132
:106B1000139B3B61D4E714AE31000A98FDF790FE59
:106B2000DCE714A90A98FDF765FE149B10AD0EACC6
:106B3000059359E012AB0793289B26AA06930223DC
:106B400005931D3304931E3B039313AB02936B46D3
:106B500003CA03C3109A0EAD63681DE02000FFF75F
:106B6000E0FC082102000998FEF782FB0EAD002828
:106B70001ED02000FEF770FB12AB0793289B092262
:106B8000069301230593039313AB02936B46049280
:106B900026AA42CA42C30CC828000899FFF7F1FC94
:106BA0000CCD0CC4129B002B8AD1139BFB6087E792
:106BB00012AB0793289B26AA0693022305931D3345
:106BC0000493153B039313AB02936B4603CA03C3B1
:106BD0002268C1E714AE3300C14AC2490998FEF7E2
:106BE00003F910AD0EAC059612AB0393289B0497E6
:106BF00002936B4626AA03CA03C32000109A119B76
:106C00000899FFF7A7FE0CCC0CC559E712AB079308
:106C1000289B0EAD0693022305931533049300239E
:106C2000039313AB02936B4626AA03CA03C328003F
:106C30006368109A0899FFF7A4FC0CCD0CC4129B52
:106C4000002B00D03CE7139BBB6039E712AB0793E6
:106C5000289B0EAD0693022305930A3304930B3B46
:106C6000DEE712AB0793289B26AA0693022305931F
:106C70000A3304930B3B039313AB02936B4603CA93
:106C800003C30EAD6368109A28000899FFF779FCDA
:106C90000CCD0CC4129B002B00D011E7139B013BC1
:106CA00037E712AB0793289B26AA06930223059386
:106CB000393304930023039313AB02936B4603CA47
:106CC00003C30EAD6368109A28000899FFF759FCBA
:106CD0000CCD0CC4129B002B00D0F1E6139B7B6003
:106CE000EEE62000FFF71DFC002201000998FEF7E8
:106CF000B1FD0A2832D110A8FEF7AEFAE0E614AED4
:106D00003300794A794969E712AB0793289B26AA91
:106D10000693022305933B3304930023039313ABA1
:106D200002936B4603CA03C30EAD6368109A280032
:106D30000899FFF726FC0CCD0CC4129B002B00D049
:106D4000BEE6139B3B60BBE62000FFF7EAFB002298
:106D500001000998FEF77EFD0928CCD00423129A81
:106D600013431293ACE614AE3300614A614935E730
:106D700014A90A98FDF732FDD7E614A90A98FDF781
:106D800033FDD2E612AB0793289B26AA0693042371
:106D90000593594B0EAD04930023039313AB029359
:106DA0006B4603CA03C328006368109A0899FFF76B
:106DB000E8FB0CCD0CC4129B002B00D080E6139B8B
:106DC0004E4A9A18002B01DA64331A007A6177E68A
:106DD0002000FFF7A6FB012102000998FEF748FA00
:106DE0000028BBD012AB0693289B26AA05930E233E
:106DF0000493434B0EAD039314AB02936B4603CA4B
:106E000003C32800089922686368FFF712FC230077
:106E1000200006CD06C326A9FFF7ABFB002800D152
:106E20004EE6129B002B00D04AE6149B002B00D0AC
:106E300046E62000FFF775FB2D2105000998FEF7B7
:106E40000EFDA84231D112AB0793289B0026069372
:106E5000022314AA02926A460593153304930396FB
:106E600026A909C909C20EAC2000119B109A0899E5
:106E700010ADFFF786FB2A00210009C909C20223D1
:106E800005933933049314AB02936B4612AA07920D
:106E9000289A0396069226AA03CA03C320000E9AD4
:106EA00063680899FFF76DFBADE62000FFF739FB3B
:106EB0002B2104000998FEF7D2FCA04200D0FFE588
:106EC000C1E710A83668FFF72CFB864203D110A853
:106ED000FEF7C2F9F5E50423129A13431293F0E585
:106EE000913F0408883F0408973F0408913F040835
:106EF000A03F0408973F04080F27000094F8FFFF05
:106F0000EC010020F0B58DB00790149808926C3019
:106F10000993FEF77FF90023040012A908A80A9339
:106F2000FFF714FB071E53D108A8FFF7FAFA230056
:106F3000C0331B680A90834204D02200BC3212681E
:106F400082421BD1227C002A02D0A26A824215D042
:106F5000626A824212D02D21834200D102391698F2
:106F600007F00BFC08A8FEF777F912A9FFF701FB61
:106F700000282DD008A8FFF7D4FA0A900023019327
:106F80000293227C0A9B002A02D0A26A9A4223D052
:106F9000626A9A4220D02200CC3212689A421BD1F7
:106FA000019B002B03D13021169807F0E6FB029BD2
:106FB00008A801330293FEF74FF912A9FFF7D9FA97
:106FC000019000284BD008A8FFF7ABFA0A90D8E749
:106FD0000023012702930193AB4B0B93237C002BDF
:106FE00003D020210BA807F0F8FA92235B00E35CA2
:106FF0000493002B38D023000025CC33069303954F
:10700000002F00D09DE0227C0A9B002A00D1BBE02B
:10701000A26A9A4200D0B7E0039B002B00D090E018
:10702000002D00D08DE0029B002B00D184E06B4648
:107030000BA8197A07F0A1FB039E019B029605930A
:1070400008A8FEF709F912A9FFF793FA049D002892
:107050006DD008A8FFF765FA00250A9067E00127C0
:107060000197B9E701273EE0049D03953CE0636A80
:107070009E420CD1039B002B09D1002D07D12E215C
:10708000169807F07AFB0123019E03933BE023004F
:10709000FC339A68964202D01B6A9E4251D1002D61
:1070A0004FD1019B002B4CD06521169807F065FB52
:1070B00008A8FEF7D1F812A9FFF75BFA061E0490A4
:1070C00000D1DFE008A8FFF72CFA2300C0331B68CB
:1070D0000A90834224D02300BC331B682D218342B5
:1070E0001FD02F0035000196002F2AD10A9E0A20BA
:1070F0003100FDF777F9431CB9D03030C1B2169892
:1071000007F03BFB012608A8FEF7A6F812A9FFF737
:1071100030FA0028A6D008A8FFF703FA0A90E2E7A1
:107120002B21169807F029FB3500ECE70596059B07
:107130002F000193350063E7169807F0EDF8029BE6
:1071400003930B9B0C3B1B68002B13D0039B002B62
:1071500006D1002D04D16B460BA8197A07F00DFB60
:107160000BAAE168A06803F0BBFE002802D104224C
:10717000159B1A60079A08AB03CB03C20BA807F054
:10718000C1F807980DB0F0BD626A9A4218D10B9B06
:10719000039A0C3B1B68002AD3D1002DD1D1002BC0
:1071A00004D06B460BA8197A07F0E7FA00262E21C7
:1071B000169807F0E2FA049B0393019B05933FE7BF
:1071C0000AAA0A210698FDF72AF900280DD0069B85
:1071D0002E00C11A89103031C9B2169807F0CDFAC5
:1071E000029B01330293049BE8E72200FC320A9BD6
:1071F0009168994202D0126A9342A2D10B9B0C3B38
:107200001B68002D9DD1019A002A9AD0002B07D02F
:10721000039B002B04D16B460BA8197A07F0ADFA3B
:107220006521169807F0A9FA08A8FEF715F812A923
:10723000FFF79FF9071E059024D008A8FFF771F902
:107240002300C0331B680A90834206D02200BC3260
:1072500012683E00824200D069E7267C002E03D0EF
:10726000A26A824200D161E7626A3E00824200D196
:107270005DE72D21834200D10239169807F07DFA8F
:107280003E00DDE6019D5CE754880120F0B58FB03B
:107290000AAC63600CAE1C4B0690079130002021B5
:1072A000179D0A920C9307F098F9169B0496029387
:1072B0006B46039514AA03CA03C308AF0A9A079939
:1072C00038006368FFF71EFE230006CF06C30C9F3D
:1072D00003F01AFC18990D900DAB38002A0003F04A
:1072E00081F914A92000FFF731F9002803D0022307
:1072F0002A6813432B60069B300006CC06C307F0B8
:1073000001F806980FB0F0BD54880120F0B58FB099
:107310000AAC63600CAE1C4B069007913000202134
:10732000179D0A920C9307F058F9169B0496029346
:107330006B46039514AA03CA03C308AF0A9A0799B8
:1073400038006368FFF7DEFD230006CF06C30C9FFD
:1073500003F0DAFB18990D900DAB38002A0003F00A
:107360008FF914A92000FFF7F1F8002803D00223B9
:107370002A6813432B60069B300006CC06C306F038
:10738000C1FF06980FB0F0BD54880120F0B58FB052
:107390000AAC63600CAE1C4B0690079130002021B4
:1073A000179D0A920C9307F018F9169B0496029306
:1073B0006B46039514AA03CA03C308AF0A9A079938
:1073C00038006368FFF79EFD230006CF06C30C9FBD
:1073D00003F09AFB18990D900DAB38002A0003F0CA
:1073E000ABF914A92000FFF7B1F8002803D002235D
:1073F0002A6813432B60069B300006CC06C306F0B8
:1074000081FF06980FB0F0BD54880120F0B591B00F
:10741000189C0B9020006C300D930C92FDF7FAFE37
:107420000023E7680E934A331F40423B0500019357
:10743000402F05D002330193082F01D10633019369
:1074400016A90CA8FFF782F80290002878D10CA8A2
:10745000FFF767F82B00BC331A680E90131A5942D5
:107460004B41DBB20693824204D02B00C0331B6831
:10747000834215D12B7C002B02D0AB6A83420FD004
:107480006B6A83420CD00CA8FDF7E6FE16A9FFF745
:1074900070F8061E00D199E00CA8FFF742F80E9094
:1074A000002634002A7C0E9B002A02D0AA6A9A4247
:1074B0004AD06A6A9A4247D02A00CC3212689A426D
:1074C00010D1002E06D0019A0A2A0DD1002F06D124
:1074D0003C002CE0002F28D0019B082B29D0013440
:1074E000012612E0002E1ED02A00C43212689A42F1
:1074F00004D02A00C83212689A426BD1002F1AD0E9
:10750000019B102B6BD1002426000CA8FDF7A4FED4
:1075100016A9FFF72EF800285ED00CA8FFF701F897
:107520000E90002EBED102960EE03C0001260823EC
:1075300004E03400D4E73E003C0010230193E4E76C
:1075400000231C001E00069316230793019B102B9B
:1075500046D1784B0F932B7C002B03D020210FA812
:1075600007F03BF8744A069B94466344180001995F
:107570000893D8F7F1FD922309905B00EB5C05932B
:10758000002B5BD02B00CC330A930023049303938E
:10759000029B002B28D12F7C0E9B002F7FD0AA6A44
:1075A00093427CD1002C20D0E1B20FA807F0E5F87F
:1075B00000240CA8FDF750FE16A9FEF7DAFF0028FC
:1075C0006AD00CA8FEF7ADFF0E90E4E7012304009B
:1075D0000293B9E70126B7E701230293B4E7012636
:1075E000019B0793B5E7029700270F9B0C3B1B6895
:1075F000002B0DD0E1B20FA807F0BFF80FAAE96881
:10760000A86803F06DFC002802D10423199A1360C6
:10761000002C06D1002E04D10F9B0C3B1B68002BC5
:1076200065D0002F63D1039B002B00D07AE0069A2F
:10763000049B002A00D05B421A9A5DE0059B01275B
:1076400003930493029B002BCED10E990798FCF76D
:10765000C9FE431CC8D0049B099A93421AD81A0049
:10766000019B03995A43089B01341B1A93429B4187
:107670005B4219438318039104930CA8FDF7ECFDBA
:1076800016A9FEF776FF0028ADD00CA8FEF749FF3B
:107690000E90DAE70397F0E7059B029378E76A6AB2
:1076A0009342A1D00EAA07990A98FCF7B8FE0028C9
:1076B0001BD00A9BC01A82103C2800DD063A049BAE
:1076C00009998B420ED81900019B03985943089BD6
:1076D00001349B1A8B429B415B4218435318039021
:1076E000049366E7059B039363E707007DE70023A8
:1076F0001A9A13600423199A1360029B002B07D077
:10770000199B1B6801930223019A1343199A136072
:107710000B9A0CAB03CB03C20FA806F0F3FD0B983A
:1077200011B0F0BD069B002B02D080231B06DFE7C3
:10773000014BDDE754880120FFFFFF7FF0B589B0E2
:10774000040012980EAD04901198039010980290C6
:107750006846C0CDC0C02000FFF758FE200009B029
:10776000F0BDF0B5012491B0099018980CAD6B6094
:10777000C3688C460C92199E234230D101235B4290
:107780000F930FAB04936B460290039616AA03CA9D
:1077900003C30AAF38000C9A6B686146FFF736FEE8
:1077A0002B0006CF06C30F98A04209D81A9B0440AD
:1077B0001C70099A0CAB03CB03C2099811B0F0BD41
:1077C0001A9B16A91C70042328003360FEF7BEFE26
:1077D0000028EED00223326813433360E9E76C30AF
:1077E000FDF718FD036A07005A425341DBB20793C5
:1077F000836900255A425341DBB208930694079BE4
:10780000002B02D0089B002B4CD116A90CA8FEF728
:107810009DFE002847D10CA8FEF783FE079B002B96
:1078200006D1FA69AB009C58241A63425C41E4B269
:10783000089B002C0AD1002B0AD0069B2000002BAD
:1078400046D16A461A9B127E1A703CE0002B07D183
:107850007A69AB009B58181A43425841C3B2069349
:10786000069B002B04D1079B002B46D1002C3CD05B
:107870000CA8FDF7F1FC012301350793002C05D07E
:1078800000233A6A95425B41DBB2079301230893D8
:10789000069B002BB3D00023BA6995425B41DBB253
:1078A0000893ACE70020002C0FD03B6AAB420CD110
:1078B000002D0AD000231A9A1370069B002B0FD0BC
:1078C000BB69AB420CD1042387E7069B002B0DD08C
:1078D000BB69AB420AD1002D08D001231A9A13705C
:1078E000431E98414000306063E7200000231A9A4D
:1078F00013709842E7D006236FE70698002CD4D186
:107900001A9B1C70DFE70000F0B58FB0169C099041
:1079100020006C300B930A92FDF77CFC0023E46896
:107920000C934A331C40423B05000093402C05D089
:1079300002330093082C01D10633009314A90AA83E
:10794000FEF704FE0190002878D10AA8FEF7E9FDB1
:107950002B00BC331A680C90131A59424B41DBB20E
:107960000693824204D02B00C0331B68834215D19A
:107970002B7C002B02D0AB6A83420FD06B6A834210
:107980000CD00AA8FDF768FC14A9FEF7F2FD061E4C
:1079900000D198E00AA8FEF7C4FD0C90002637003D
:1079A0002A7C0C9B002A02D0AA6A9A424AD06A6AB0
:1079B0009A4247D02A00CC3212689A4210D1002E47
:1079C00006D0009A0A2A0DD1002C06D127002CE0FF
:1079D000002C28D0009B082B29D00137012612E06B
:1079E000002E1ED02A00C43212689A4204D02A0007
:1079F000C83212689A426AD1002C1AD0009B102B10
:107A00006AD100273E000AA8FDF726FC14A9FEF75C
:107A1000B0FD00285DD00AA8FEF783FD0C90002E73
:107A2000BED101960EE027000126082304E03700AE
:107A3000D4E72600270010230093E4E700231F006B
:107A40001E00069316230593009B102B45D17A4BFD
:107A50000D932B7C002B03D020210DA806F0BDFD3B
:107A600000997648D8F702FC83B2079392235B0013
:107A7000EB5C0493002B62D02B000024CC330893E2
:107A80000294019B002B2DD12B7C0393039A0C9B1A
:107A9000002A00D185E0AA6A934200D081E0002F3D
:107AA00022D0F9B20DA806F068FE00270AA8FDF75B
:107AB000D3FB14A9FEF75DFD00286FD00AA8FEF7DE
:107AC00030FD0C90E0E7012307000193BAE701269F
:107AD000B8E701230193B5E70126009B0593B6E7BC
:107AE00001230193002303930D9B0C3B1B68002B88
:107AF0000DD0F9B20DA806F040FE0DAAE968A868FD
:107B000003F0EEF9002802D10423179A1360002F26
:107B100006D1002E04D10D9B0C3B1B68002B69D0B5
:107B2000039B002B66D1029B002B00D07DE0069BBF
:107B3000002B01D06442A4B2189B1C8060E0049B1F
:107B400002931C00019B002BCCD10C990598FCF7EB
:107B500049FC431CC6D0079B9C421CD8009B374A5B
:107B60005C43A4B2121A0123944200DC0023029A5F
:107B700024181A43D3B20293A4B201370AA8FDF71E
:107B80006BFB14A9FEF7F5FC0028A9D00AA8FEF7A4
:107B9000C8FC0C90D9E701230293EFE7049B019303
:107BA0006FE76A6A93429DD00CAA05990898FCF782
:107BB00036FC00281CD0089BC01A82103C2800DD2F
:107BC000063A079B9C4210D8009B1C495C43A4B218
:107BD000891A01238C4200DC00230299A41819435E
:107BE000CBB20293A4B2013760E7049B02935DE736
:107BF000039079E70023189A13800433179A1360CF
:107C0000019B002B07D0179B1B6800930223009A4F
:107C10001343179A1360099A0AAB03CB03C20DA84A
:107C200006F070FB09980FB0F0BD0123189A5B4273
:107C300013800533E2E7C04654880120FFFF0000AF
:107C4000F0B589B0040012980EAD0490119803901D
:107C5000109802906846C0CDC0C02000FFF754FEC7
:107C6000200009B0F0BD0000F0B58FB0169D09905E
:107C700028006C300B930A92FDF7CCFA0023EE68D3
:107C80000C934A331E40423B04000093402E05D023
:107C900002330093082E01D10633009314A90AA8D9
:107CA000FEF754FC0190002878D10AA8FEF739FCB1
:107CB0002300BC331A680C90131A59424B41DBB2B3
:107CC0000693824204D02300C0331B68834215D13F
:107CD000237C002B02D0A36A83420FD0636A8342C5
:107CE0000CD00AA8FDF7B8FA14A9FEF742FC051E4D
:107CF00000D196E00AA8FEF714FC0C9000252F0096
:107D0000227C0C9B002A02D0A26A9A424AD0626A64
:107D10009A4247D02200CC3212689A4210D1002DEC
:107D200006D0009A0A2A0DD1002E06D137002CE089
:107D3000002E28D0009B082B29D00137012512E006
:107D4000002D1ED02200C43212689A4204D02200B4
:107D5000C83212689A4268D1002E1AD0009B102BAC
:107D600068D100273D000AA8FDF776FA14A9FEF7AE
:107D700000FC00285BD00AA8FEF7D3FB0C90002D76
:107D8000BED101950EE037000125082304E02F0045
:107D9000D4E73500370010230093E4E700231F00E9
:107DA0001D00069316230593009B102B43D1734BA4
:107DB0000D93237C002B03D020210DA806F00DFC91
:107DC000012000994042D8F7C7F9922307905B0041
:107DD000E35C0493002B5FD023000026CC33089390
:107DE0000296019B002B2BD1237C0393039A0C9BBF
:107DF000002A7ED0A26A93427BD1002F22D0F9B212
:107E00000DA806F0BAFC00270AA8FDF725FA14A968
:107E1000FEF7AFFB002869D00AA8FEF782FB0C90A2
:107E2000E2E7012307000193BCE70125BAE701233C
:107E30000193B7E70125009B0593B8E70123019360
:107E4000002303930D9B0C3B1B68002B0DD0F9B254
:107E50000DA806F092FC0DAAE168A06803F040F8B6
:107E6000002802D10423179A1360002F06D1002D99
:107E700004D10D9B0C3B1B68002B5ED0039B002B99
:107E80005BD1029B002B00D072E0069B002B00D040
:107E90007642189B1E6056E0049B02931E00019BD5
:107EA000002BCDD10C990598FCF79CFA431CC7D048
:107EB000079B9E4217D8009B029A5E43C343B3427E
:107EC0009B415B421A430292861901370AA8FDF7CB
:107ED000C3F914A9FEF74DFB0028AFD00AA8FEF79E
:107EE00020FB0C90DEE701230293EFE7049B019354
:107EF00077E7626A9342A3D00CAA05990898FCF729
:107F00008EFA002817D0089BC01A82103C2800DD8A
:107F1000063A079B9E420BD8009B02995E43D343CF
:107F2000B3429B415B4219430291961901376BE7BB
:107F3000049B029368E7039084E70023189A136078
:107F40000433179A1360019B002B07D0179B1B6803
:107F500000930223009A1343179A1360099A0AABFD
:107F600003CB03C20DA806F0CDF909980FB0F0BD00
:107F70000123189A5B4213600533E2E7548801201D
:107F8000F0B589B0040012980EAD049011980390DA
:107F9000109802906846C0CDC0C02000FFF764FE74
:107FA000200009B0F0BD0000F0B58FB0169D09901B
:107FB00028006C300B930A92FDF72CF90023EE6831
:107FC0000C934A331E40423B04000093402E05D0E0
:107FD00002330093082E01D10633009314A90AA896
:107FE000FEF7B4FA0190002878D10AA8FEF799FAB2
:107FF0002300BC331A680C90131A59424B41DBB270
:108000000693824204D02300C0331B68834215D1FB
:10801000237C002B02D0A36A83420FD0636A834281
:108020000CD00AA8FDF718F914A9FEF7A2FA051E4C
:1080300000D196E00AA8FEF774FA0C9000252F00F4
:10804000227C0C9B002A02D0A26A9A424AD0626A21
:108050009A4247D02200CC3212689A4210D1002DA9
:1080600006D0009A0A2A0DD1002E06D137002CE046
:10807000002E28D0009B082B29D00137012512E0C3
:10808000002D1ED02200C43212689A4204D0220071
:10809000C83212689A4268D1002E1AD0009B102B69
:1080A00068D100273D000AA8FDF7D6F814A9FEF70D
:1080B00060FA00285BD00AA8FEF733FA0C90002D76
:1080C000BED101950EE037000125082304E02F0002
:1080D000D4E73500370010230093E4E700231F00A6
:1080E0001D00069316230593009B102B43D1734B61
:1080F0000D93237C002B03D020210DA806F06DFAF0
:10810000012000994042D8F727F8922307905B009E
:10811000E35C0493002B5FD023000026CC3308934C
:108120000296019B002B2BD1237C0393039A0C9B7B
:10813000002A7ED0A26A93427BD1002F22D0F9B2CE
:108140000DA806F01AFB00270AA8FDF785F814A968
:10815000FEF70FFA002869D00AA8FEF7E2F90C90A2
:10816000E2E7012307000193BCE70125BAE70123F9
:108170000193B7E70125009B0593B8E7012301931D
:10818000002303930D9B0C3B1B68002B0DD0F9B211
:108190000DA806F0F2FA0DAAE168A06802F0A0FEB0
:1081A000002802D10423179A1360002F06D1002D56
:1081B00004D10D9B0C3B1B68002B5ED0039B002B56
:1081C0005BD1029B002B00D072E0069B002B00D0FD
:1081D0007642189B1E6056E0049B02931E00019B92
:1081E000002BCDD10C990598FCF7FCF8431CC7D0A7
:1081F000079B9E4217D8009B029A5E43C343B3423B
:108200009B415B421A430292861901370AA8FDF787
:1082100023F814A9FEF7ADF90028AFD00AA8FEF79D
:1082200080F90C90DEE701230293EFE7049B0193B2
:1082300077E7626A9342A3D00CAA05990898FCF7E5
:10824000EEF8002817D0089BC01A82103C2800DDE9
:10825000063A079B9E420BD8009B02995E43D3438C
:10826000B3429B415B4219430291961901376BE778
:10827000049B029368E7039084E70023189A136035
:108280000433179A1360019B002B07D0179B1B68C0
:1082900000930223009A1343179A1360099A0AABBA
:1082A00003CB03C20DA806F02DF809980FB0F0BD5E
:1082B0000123189A5B4213600533E2E754880120DA
:1082C000F0B589B0040012980EAD04901198039097
:1082D000109802906846C0CDC0C02000FFF764FE31
:1082E000200009B0F0BDF0B591B0189F09930D932F
:1082F000FB68944607934A230C92079A08919A4385
:10830000423B1343FB600FAB0493199B029703930B
:108310006B4616AA060003CA03C30AAD6246089953
:108320000CAC099B2800FFF73FFE230006CD06C3D7
:10833000079B0F9AFB601A9B30001A60330006CC33
:1083400006C311B0F0BD0000F0B597B01E9C1090B0
:1083500020006C3013931292FCF75CFF0023E4685A
:1083600014934A331C40423B06000193402C05D035
:1083700002330193082C01D1063301931CA912A8E2
:10838000FEF7E4F8029000287ED112A8FEF7C9F8A3
:108390003300BC331A681490131A59424B41DBB2B4
:1083A0000993824204D03300C0331B68834215D145
:1083B000337C002B02D0B36A83420FD0736A8342AE
:1083C0000CD012A8FCF748FF1CA9FEF7D2F80090C9
:1083D00000285ED012A8FEF7A4F81490002301250F
:1083E0001F000093327C149B002A02D0B26A9A428A
:1083F00052D0726A9A424FD03200CC3212689A42FE
:1084000011D1009A002A06D0019A0A2A0FD1002C15
:1084100006D127002FE0002C2BD0019B082B2CD05D
:108420000137009514E0009A002A00D184E0320060
:10843000C43212689A4204D03200C83212689A429A
:108440007CD1002C1BD0019B102B7BD100270097E7
:1084500012A8FCF701FF1CA9FEF78BF800286FD0CB
:1084600012A8FEF75EF8009B1490002BBAD102937D
:1084700012E027000095082304E0009FD1E72700C1
:10848000102300940193E3E700231F000993009356
:1084900002E00123009F029316230D93019B102BF2
:1084A00052D1A04B1593337C002B03D0202115A86B
:1084B00006F093F8099B002B49D080240023240662
:1084C0000693079406980799019B019ADB170E9370
:1084D000DAF7EEFD922311900C915B00F35C0893A8
:1084E000002B6ED03300CC330F93002300240025E3
:1084F0000393029B002B30D1337C0493049A149B8A
:10850000002A00D1A6E0B26A934200D0A2E0002F78
:1085100025D0F9B215A806F030F9002712A8FCF70B
:108520009BFE1CA9FEF725F8002800D18FE012A8B9
:10853000FDF7F7FF1490DFE7009B98E70123A6E71C
:10854000012394E701230093019B0D93A9E70123E5
:10855000754C5B42B4E70123029300230493159BFF
:108560000C3B1B68002B0DD0F9B215A806F005F9DD
:1085700015AAF168B06802F0B3FC002802D1042308
:108580001F9A1360002F08D1009B002B05D1159B6B
:108590000C3B1B68002B00D19CE0049B002B00D0FF
:1085A00098E0039B002B00D0B1E0099B002B04D086
:1085B00022002B00002554429D41209B1C605D60E1
:1085C00090E0089B00240393029B0025002BC4D15C
:1085D00014990D98FBF706FF030008900133BCD0F7
:1085E0000C9B9D4230D802D1119B9C422CD822007A
:1085F0002B0001980E99DAF77BFD089B0493DB179B
:108600000593049C059D069A079B121BAB41012410
:10861000994203D801D1904200D80024039B01372E
:108620002343049C059D24184D41DBB2039312A8FB
:10863000FCF712FE1CA9FDF79CFF00288BD012A8A6
:10864000FDF76FFF1490C3E701230393EFE7089B47
:1086500002934EE7726A934200D17EE714AA0D9905
:108660000F98FBF7DCFE002832D00F9BC01A831056
:1086700004933C2801DD063B04930C9B9D4224D8C7
:1086800002D1119B9C4220D822002B0001980E9908
:10869000DAF72EFD049B0A93DB170B930A9C0B9DC4
:1086A000069A079B121BAB410124994203D801D1C2
:1086B000904200D80024039B01372343DBB20A9C7D
:1086C0000B9D039324184D4128E7089B039325E74E
:1086D000049044E70022002320990A604B600423A1
:1086E0001F9A1360029B002B07D01F9B1B680093EF
:1086F0000223009A13431F9A1360109A12AB03CB04
:1087000003C215A805F0FEFD109817B0F0BD099B37
:10871000002B03D0802300221B06DDE70122024B41
:108720005242D9E754880120FFFFFF7FF0B589B09E
:10873000040012980EAD04901198039010980290C6
:108740006846C0CDC0C02000FFF7FEFD200009B084
:10875000F0BD0000F0B595B01C9C0E9020006C3070
:1087600011931092FCF756FD0023E46812934A33EC
:108770001C40423B06000193402C05D0023301937C
:10878000082C01D1063301931AA910A8FDF7DEFECB
:10879000029000287DD110A8FDF7C3FE3300BC3342
:1087A0001A681290131A59424B41DBB20C93824261
:1087B00004D03300C0331B68834215D1337C002BB7
:1087C00002D0B36A83420FD0736A83420CD010A8E0
:1087D000FCF742FD1AA9FDF7CCFE009000285DD001
:1087E00010A8FDF79EFE1290002301251F000093A4
:1087F000327C129B002A02D0B26A9A4251D0726A2D
:108800009A424ED03200CC3212689A4211D1009A6C
:10881000002A06D0019A0A2A0ED1002C06D1270080
:108820002EE0002C2AD0019B082B2BD0013700957D
:1088300013E0009A002A7DD03200C43212689A42B6
:1088400004D03200C83212689A4275D1002C1BD075
:10885000019B102B74D10027009710A8FCF7FCFC9B
:108860001AA9FDF786FE002868D010A8FDF759FE6A
:10887000009B1290002BBBD1029312E027000095C1
:10888000082304E0009FD2E72700102300940193FF
:10889000E3E700231F000C93009302E00123009FF5
:1088A000029316230A93019B102B4BD1954B1393E4
:1088B000337C002B03D0202113A805F08EFE019BF2
:1088C000019ADB1701204042C1170B93DAF7F0FB46
:1088D00092230F9009915B00F35C0893002B6AD000
:1088E0003300CC330D930023002400250393029B17
:1088F000002B2CD1337C0493049A129B002A00D1C4
:10890000A0E0B26A934200D09CE0002F21D0F9B2DF
:1089100013A805F032FF002710A8FCF79DFC1AA948
:10892000FDF727FE002800D189E010A8FDF7F9FD2A
:108930001290DFE7009B9FE70123ADE701239BE750
:1089400001230093019B0A93B0E7012302930023C4
:108950000493139B0C3B1B68002B0DD0F9B213A89A
:1089600005F00BFF13AAF168B06802F0B9FA00280D
:1089700002D104231D9A1360002F08D1009B002B05
:1089800005D1139B0C3B1B68002B00D198E0049B86
:10899000002B00D094E0039B002B00D0ADE00C9B9B
:1089A000002B04D022002B00002554429D411E9B29
:1089B0001C605D608CE0089B00240393029B0025F3
:1089C000002BC4D112990A98FBF70CFD0300089004
:1089D0000133BCD0099B9D422ED802D10F9B9C42F3
:1089E0002AD822002B0001980B99DAF781FB089B0B
:1089F0000493DB170593049BDC43059BDA430123B7
:108A0000914203D801D1A04200D80023049C059DC7
:108A100024184D41039A01371A43D3B2039310A887
:108A2000FCF71AFC1AA9FDF7A4FD00288DD010A8A8
:108A3000FDF777FD1290C5E701230393EFE7089B4D
:108A4000029354E7726A934200D180E712AA0A990E
:108A50000D98FBF7E4FC002830D00D9BC01A831062
:108A600004933C2801DD063B0493099B9D4222D8D8
:108A700002D10F9B9C421ED822002B0001980B991B
:108A8000DAF736FB049B0693DB170793069BDC4360
:108A9000079BDA430123914203D801D1A04200D8B9
:108AA0000023069C079D039A24184D411A43D3B214
:108AB0000393013730E7089B03932DE7049048E7C1
:108AC000002200231E990A604B6004231D9A136044
:108AD000029B002B07D01D9B1B6800930223009A6A
:108AE00013431D9A13600E9A10AB03CB03C213A855
:108AF00005F008FC0E9815B0F0BD01225242D317C4
:108B0000E0E7C04654880120F0B589B0040012980F
:108B10000EAD049011980390109802906846C0CD55
:108B2000C0C02000FFF716FE200009B0F0BDF0B570
:108B30008FB0050016980AAC6C300A9263600791FA
:108B4000179EFCF723F80CA9FBF74EFE0C9B03962F
:108B50000593189B14AA0493169B08AF02936B46C7
:108B600003CA03C3380007990A9A6368FDF7F2FE47
:108B70002300200006CF06C314A9FDF7E7FC002858
:108B800003D002233268134333602B00280006CC45
:108B900006C30FB0F0BDF0B58FB0050016980AAC53
:108BA0006C300A9263600791179EFBF7EFFF0CA9E8
:108BB000FBF714FE0C9B03960593189B14AA0493D1
:108BC000169B08AF02936B4603CA03C3380007998C
:108BD0000A9A6368FDF7BEFE2300200006CF06C395
:108BE00014A9FDF7B3FC002803D002233268134315
:108BF00033602B00280006CC06C30FB0F0BDF0B5E3
:108C00009FB0269F0CAC6C37060038000C92636056
:108C10000991279DFBF7BAFF08903800FBF736FF54
:108C200010A90898FBF7FCFD17A90898FBF7E8FDC9
:108C300000230F930FAB0693269B24AA05930723CB
:108C4000049310AB03930EAB02936B4603CA03C3AA
:108C50000AAF0C9A636809993800FDF7B8FD230044
:108C600006CF06C30F9B002B12D1289B0E9A9A6148
:108C700024A92000FDF76AFC002803D002232A68FB
:108C800013432B603300300006CC06C31FB0F0BD89
:108C900004232A6813432B60EAE7F0B5A9B0309F9C
:108CA0000CAC6C37060038000C9263600991319D62
:108CB000FBF76CFF08903800FBF7E8FE10A9089856
:108CC000FBF7E0FD1CA90898FBF7BAFD00230F9302
:108CD0000FAB0693309B2EAA05930C23049310AB85
:108CE00003930EAB02936B4603CA03C30AAF0C9AFD
:108CF000636809993800FDF76AFD230006CF06C3B3
:108D00000F9B002B12D1329B0E9A1A612EA92000C4
:108D1000FDF71CFC002803D002232A6813432B60B4
:108D20003300300006CC06C329B0F0BD04232A6806
:108D300013432B60EAE70000F0B591B0189F0500DF
:108D400038000CAC6C3009910C926360199EFBF7F3
:108D50009DFE0023069703930F9304270EAB029307
:108D60006B460FAA0792184A0597049216AA03CADF
:108D700003C30AA80C9A63680999FDF702FC230053
:108D80000AAA03CA03C30F9B002B18D10E9B0F4ADC
:108D90009A18002B01DA64331A001A9B5A6116A93B
:108DA0002000FDF7D3FB002803D0022332681343D1
:108DB00033602B00280006CC06C311B0F0BD336829
:108DC0001F433760EBE7C0460F27000094F8FFFF12
:108DD000F0B593B01A9C09906C3420000D930C925E
:108DE0001B9FFBF753FE07902000FCF769F9030077
:108DF00040330A9300230493836A0500002B04D0B8
:108E0000036B5A1E9341DBB20493B24B0E932B7C3F
:108E1000002B03D020210EA805F0DFFBAD4B202155
:108E20000FA80F9305F0D9FB2B00002644330B93BA
:108E3000EB6B01961093009606960296059610AB82
:108E4000F05C04287AD8D7F77DF9400112010500BB
:108E50008100BC0080221A9B9200DB6803931342BE
:108E600020D1029B012B1DD8002E1BD0012E0BD12F
:108E7000049B002B16D110AB1A78032A12D09B78D2
:108E8000012B0FD00136DAE70124022E2BD110ABD3
:108E9000DB78042B06D0049A002A00D117E1032BBB
:108EA00000D01BE12B6A0893002318A90CA8039398
:108EB000FDF75FFB039B041E089A3DD0934212D03E
:108EC0000CA8FDF72EFB039BEA699B009B5883428D
:108ED00036D00024039BA34205D11A9B0134DB68E2
:108EE00003935B0A9C430136042E00D0F8E0029BFA
:108EF000012B00D865E1002C00D1F4E0059B002B8C
:108F000000D10BE1EE6A012418A90CA8FDF731FB92
:108F1000029B002800D103E1A34200D102E10CA88A
:108F2000FDF7FFFAA300F358834200D0DBE00CA862
:108F3000FCF792F90134E7E79342CAD10124D2E762
:108F40000CA8FCF789F9039B0133AEE7AB6A002B51
:108F500016D12B6B002B26D018A90CA8FDF709FB06
:108F6000041E20D00CA8FDF7DCFAEB6A1B688342D4
:108F700019D12B6B0CA80293FCF76EF90594B2E79C
:108F800018A90CA8FDF7F5FA041EE2D00CA8FDF70D
:108F9000C8FA6B6A1B688342DBD1AB6A0CA80293E8
:108FA000FCF75AF99FE7AB6A002B03D10124049B1D
:108FB0005C4098E72B6B002BF8D1012305931C0034
:108FC00091E718A90CA8FDF7D4FA041E4DD00CA8FF
:108FD000FDF7A7FA11AA11900A210B98FBF71FFAC7
:108FE000002813D00A9BC01A3B4B80101B68195CE9
:108FF0000FA805F0C2FB009C069B013400930CA84F
:10900000FCF72AF9009B00940693DAE7119A6B6942
:10901000934208D1019B002B05D16B6B002B18DD0F
:1090200001940400EBE72B7C002B12D0A9698A4243
:109030000ED1019B002B14D1009B002B13D06B464B
:109040000EA8197805F099FB069B019C0093D6E7C2
:109050001C000F9B0C3B1B685A1E93415B421C403B
:1090600041E7019CF5E7009CF3E70124F1E718A92B
:109070000CA8FDF77EFA002819D10024032E00D198
:1090800035E718A90CA8FDF774FA002800D12AE7E3
:109090000CA8FDF746FA082102000798FCF7E8F84B
:1090A000002800D11FE70CA8FCF7D6F8E9E70CA8C8
:1090B000FDF737FA082102000798FCF7D9F8041EDB
:1090C000DBD00CA8FCF7C8F8D8E70124D6E70326C4
:1090D000B5E6C04654880120B00100200326049C58
:1090E000002C00D0ABE604233A6813433B600CAC81
:1090F00018A92000FDF72AFA002803D002233A68B5
:1091000013433B60099B0FA806CC06C305F0FAF891
:109110000EA805F0F7F8099813B0F0BD6E6AF2E6F4
:10912000A342E0D10F9B0C3B1B68012B11D90022FD
:1091300030210FA805F068F8021E0AD0431C04D1A4
:109140000F9B02930C3B1A68013A00210FA805F00F
:109150006DF9059B002B0ED00FA805F057F90F9B5A
:109160001B78302B07D00FA805F059F92D220100EC
:109170000FA805F0AFF90E9B0C3B1B68002B14D019
:109180006B461978019B002B01D06B46197E0EA807
:1091900005F0F3FA0EAAE968A86801F0A1FE00281C
:1091A00003D104233A6813433B60019B002B03D097
:1091B0006B6B009A934296D10FA91C9805F010F89A
:1091C00095E7002CAED18EE7F0B593B01A9C0990CC
:1091D0006C3420000D930C921B9FFBF757FC0790FB
:1091E0002000FBF7A9FE030040330A9300230493F9
:1091F000836A0500002B04D0036B5A1E9341DBB237
:109200000493B24B0E932B7C002B03D020210EA88D
:1092100005F0E3F9AD4B20210FA80F9305F0DDF920
:109220002B00002644330B93EB6B019610930096B2
:1092300006960296059610ABF05C04287AD8D6F70D
:1092400081FF4001120105008100BC0080221A9BB1
:109250009200DB680393134220D1029B012B1DD89F
:10926000002E1BD0012E0BD1049B002B16D110AB6E
:109270001A78032A12D09B78012B0FD00136DAE737
:109280000124022E2BD110ABDB78042B06D0049ADC
:10929000002A00D117E1032B00D01BE12B6A0893B1
:1092A000002318A90CA80393FDF763F9039B041E80
:1092B000089A3DD0934212D00CA8FDF732F9039BD7
:1092C000EA699B009B58834236D00024039BA3424B
:1092D00005D11A9B0134DB6803935B0A9C4301367A
:1092E000042E00D0F8E0029B012B00D865E1002C91
:1092F00000D1F4E0059B002B00D10BE1EE6A0124C4
:1093000018A90CA8FDF735F9029B002800D103E14C
:10931000A34200D102E10CA8FDF703F9A300F35822
:10932000834200D0DBE00CA8FBF796FF0134E7E7AF
:109330009342CAD10124D2E70CA8FBF78DFF039B0F
:109340000133AEE7AB6A002B16D12B6B002B26D076
:1093500018A90CA8FDF70DF9041E20D00CA8FDF7E4
:10936000E0F8EB6A1B68834219D12B6B0CA80293BF
:10937000FBF772FF0594B2E718A90CA8FDF7F9F8FE
:10938000041EE2D00CA8FDF7CCF86B6A1B68834280
:10939000DBD1AB6A0CA80293FBF75EFF9FE7AB6AD9
:1093A000002B03D10124049B5C4098E72B6B002B1E
:1093B000F8D1012305931C0091E718A90CA8FDF72B
:1093C000D8F8041E4DD00CA8FDF7ABF811AA1190E7
:1093D0000A210B98FBF723F8002813D00A9BC01A28
:1093E0003B4B80101B68195C0FA805F0C6F9009C68
:1093F000069B013400930CA8FBF72EFF009B009402
:109400000693DAE7119A6B69934208D1019B002B0E
:1094100005D16B6B002B18DD01940400EBE72B7C6E
:10942000002B12D0A9698A420ED1019B002B14D1C6
:10943000009B002B13D06B460EA8197805F09DF900
:10944000069B019C0093D6E71C000F9B0C3B1B68FE
:109450005A1E93415B421C4041E7019CF5E7009C8A
:10946000F3E70124F1E718A90CA8FDF782F800281A
:1094700019D10024032E00D135E718A90CA8FDF757
:1094800078F8002800D12AE70CA8FDF74AF808214F
:1094900002000798FBF7ECFE002800D11FE70CA89C
:1094A000FBF7DAFEE9E70CA8FDF73BF8082102001C
:1094B0000798FBF7DDFE041EDBD00CA8FBF7CCFE03
:1094C000D8E70124D6E70326B5E6C0465488012034
:1094D000B00100200326049C002C00D0ABE604233E
:1094E0003A6813433B600CAC18A92000FDF72EF836
:1094F000002803D002233A6813433B60099B0FA85E
:1095000006CC06C304F0FEFE0EA804F0FBFE09988C
:1095100013B0F0BD6E6AF2E6A342E0D10F9B0C3BA4
:109520001B68012B11D9002230210FA804F06CFE1A
:10953000021E0AD0431C04D10F9B02930C3B1A68F5
:10954000013A00210FA804F071FF059B002B0ED0FB
:109550000FA804F05BFF0F9B1B78302B07D00FA8E0
:1095600004F05DFF2D2201000FA804F0B3FF0E9B55
:109570000C3B1B68002B14D06B461978019B002B09
:1095800001D06B46197E0EA805F0F7F80EAAE9681F
:10959000A86801F0A5FC002803D104233A6813430E
:1095A0003B60019B002B03D06B6B009A934296D1DA
:1095B0000FA91C9804F014FE95E7002CAED18EE79D
:1095C000F0B58DB008AC636014AB060008921D487E
:1095D0001A780AAF8C46159B0A9006AD0497002AAC
:1095E00022D002936B46169A039212AA03CA03C3AF
:1095F0006146089A63682800FFF7EAFB230006CD5E
:1096000006C30A9D01F080FA169A17990B900BABCE
:10961000280001F091F83300380006CC06C304F0AE
:1096200071FE30000DB0F0BD02936B46169A0392A6
:1096300012AA03CA03C36146089A63682800FFF7A9
:10964000C3FDDBE754880120F0B58FB00AAD6B6035
:10965000060016AB17981B786C300A9207930F0020
:10966000FBF714FA0DAB204A0493189B0D92039359
:10967000079A179B0690029308AC6B46002A29D0E4
:1096800014AA03CA03C339000A9A6B682000FFF7C3
:109690009FFB0CCC0CC50D9B0C3B1C68002C0FD009
:1096A0002100199805F0F2FB0D9D199805F052FA6A
:1096B000199B2C191B68220029000698FBF794FBC4
:1096C00032000AAB03CB03C20DA804F01BFE30002E
:1096D0000FB0F0BD14AA03CA03C339000A9A6B681D
:1096E0002000FFF771FDD4E7548801200123214AAF
:1096F0001168194200D113601F4A1168194200D144
:10970000136001231D4A1168194200D113601C4ADD
:109710001168194200D1136001231A4A11681942D5
:1097200000D11360184A1168194200D11360012357
:10973000164A1168194200D11360154A116819427E
:1097400000D113600123134A1168194200D113603C
:10975000114A1168194200D1136001230F4A1168A0
:10976000194200D113600E4A1168194200D11360EA
:109770007047C046D4780120D0780120CC780120F1
:10978000C8780120C4780120C0780120BC7801206D
:10979000B8780120B4780120B0780120AC7801209D
:1097A000A87801200022036841608900CA507047F0
:1097B00008680E4B10B5984202D90D48F3F712F81D
:1097C000904205D95200904202D29A4207D80A60CC
:1097D0000868084B0130984203D9F2F7FAFF0B6092
:1097E000F6E78000F2F7E3FF10BDC046FFFFFF1F62
:1097F00021470408FFFFFF3F03000068083310B54E
:10980000984201D0F2F7CFFF10BD0000436810B5B9
:109810001400994204D90A0002482100F2F7E6FF39
:10982000080010BD6046040810B5054C40680919D1
:10983000091A914202D21800F2F7D4FF10BDC046B7
:10984000FFFFFF1F0368020001208B4205D850680C
:1098500080001B188B4289414842704710B5012A8D
:1098600002D10B68036010BDFAF7E5FDFBE710B508
:10987000012A02D10B68036010BD002AFCD011F050
:1098800004FAF9E70B0010B51100012B01D10260B9
:1098900010BD002BFCD01A0011F0FCF9F8E737B529
:1098A000040001911500032906D9002201A9FFF740
:1098B0007FFF019B2060A3600199002903D02A004B
:1098C0002068FFF7DFFF01992000FFF76BFF37BD2E
:1098D00010B5521A9210FFF7C1FF10BD10B5521A01
:1098E0009210FFF7BBFF10BDF7B504000E008842D1
:1098F00020D003004D68016808330322994200D04C
:109900008268AA420BD201A920000195FFF750FFFF
:1099100007002000FFF770FF019B2760A360002D68
:1099200004D02A0031682068FFF798FF2900200042
:10993000FFF738FFF7BDF0B51700426885B0019317
:10994000531ADB1B00930A9B0C00DB1B9B18039331
:1099500003000168083305000322994200D08268A1
:1099600003A92800FFF724FF0600002C03D02200E3
:109970002968FFF773FF019B002B08D00A9B002B7F
:1099800005D0A00030181A000199FFF767FF009B6F
:10999000002B0AD02B68E119890059180A9B009AFC
:1099A000E01880003018FFF759FF2800FFF724FF68
:1099B000039B2E60AB6005B0F0BD70B51500436829
:1099C00004005A1A521B0AD0002D08D000684B1907
:1099D0009B00C318890040181900FFF748FF63680F
:1099E0002000591BFFF7DEFE70BD70B50C00220091
:1099F000096808320500036808308A4215D0984289
:109A00000FD0AE68296061686960A168A960002B09
:109A100009D02360A66000232268280063601360D9
:109A200070BD0023EEE72260F5E721002800FFF774
:109A30005BFFF0E737B5436804000191994200D21B
:109A4000019325002168083503228D4200D0A268C9
:109A50000198904212D001D8032810D901A9200002
:109A6000FFF7A6FE0500636821685A1CFFF7F6FEA3
:109A70002000FFF7C1FE019B2560A36037BD8D422A
:109A8000FCD05A1C2800FFF7E9FE2068F2F78BFE95
:109A90002560F3E7F7B502000F004568016808325A
:109AA00004006E1C0323914200D083689E4207D9B4
:109AB00001230093002329001A002000FFF73BFF39
:109AC0002368AD00EF5031002000FFF76BFEF7BDBB
:109AD00070B516000C4A04000D00FFF797FE731CCA
:109AE00005D129002000FFF75DFE200070BD002E8B
:109AF000FBD063685A1BB24200D932002900200013
:109B0000FFF75BFFF1E7C046CD460408F0B514004F
:109B10001E00050085B01C4B32000F002100FFF72E
:109B200083FE29006A68331B28689B180831039359
:109B30000323884200D0AB6803998B421CD3D21B0D
:109B4000121B09D0B44207D0BB00C018A100B3005B
:109B50004118C018FFF78BFE002E06D02B68BF00FF
:109B6000D8190A9A3100FFF78DFE28000399FFF7F4
:109B700019FE280005B0F0BD009600232200390030
:109B80002800FFF7D8FEE7E7B046040807B50092C3
:109B90000B0000224168FFF7B9FF0EBD436810B506
:109BA0008B4203D2C91AFFF7F1FF10BD8B42FCD9DB
:109BB000FFF7F8FDF9E710B50022FFF7EFFF10BD42
:109BC00007B500920B0042680021FFF79FFF0EBD12
:109BD00073B51500064A1E000400FFF717FE009635
:109BE00001002B0000222000FFF790FF76BDC04649
:109BF000F6460408F0B5170087B00C9D02932A00C2
:109C00003E4B0E0039000390FFF70EFE039B596890
:109C1000EB1B05935B180493039B1A001C68083226
:109C20000323944201D0039B9B68049A93425AD326
:109C3000B00024188E1B03980299F61BFFF702FE52
:109C4000002812D0002E08D0AF4206D0B900A800DC
:109C5000611820183200FFF70AFE002D27D02A00D5
:109C600002992000FFF7FAFD21E0002D06D0AF4257
:109C700041D32A0002992000FFF7F9FD002E16D0EB
:109C8000AF4214D0B900A800611820183200FFF7C5
:109C9000EEFDAF420BD2029BAE00BF00E7199B194D
:109CA0009F420BD32A0002992000FFF7E0FD0398A2
:109CB0000499FFF777FD039807B0F0BD029B9F4220
:109CC00005D8059B2A009900029B5918C9E7029BF9
:109CD0002000FF1A1900BA10FFF7C9FDBB10EA1ADD
:109CE000A119E019BEE70095029B3A0031000398E4
:109CF000FFF721FEDBE7002ECDD0C3E7974604082F
:109D000007B500920B0042680021FFF773FF0EBDFC
:109D1000F7B504002300456800680833AE18032730
:109D2000984200D0A768BE420BD8002A03D0AD00ED
:109D30004019FFF793FD31002000FFF733FD2000AD
:109D4000FEBD00920B00002229002000FFF7F3FD6A
:109D5000F1E710B54A680968FFF7DAFF10BD10B5E2
:109D6000FFF7F7FF10BD000070B50E0015000400EE
:109D7000044B0021FFF758FD2A0031002000FFF7B7
:109D8000C7FF70BDE1460408F7B506001D0001914C
:109D900017001900094AFFF739FD73685C1BBC42C4
:109DA00000D93C00002C06D03168AD0049192200D2
:109DB0000198FFF753FD2000FEBDC0464D46040844
:109DC00073B504000D001600002904D1002A02D04A
:109DD0000C48F2F704FD731B9B100193032B07D96A
:109DE000002201A92000FFF7E3FC019B2060A36093
:109DF000320029002068FFF76BFD01992000FFF772
:109E0000D1FC73BD2445040802000B0010B504000A
:109E10000832026006CB92008A180023FFF7D0FFB9
:109E2000200010BD7FB500246B461C7110230293E7
:109E3000036815009E6912686B4600940394B0474E
:109E40006B4606221B7920001340934202D1009BEF
:109E500001302B6004B070BD009B0620934200D0FF
:109E60000538704710B50400034B0833036000F059
:109E70004DF9200010BDC046984D040810B50400EF
:109E8000FFF7F0FF2000082100F03EF8200010BD91
:109E9000F8B514001F00089A069B0600099D93421E
:109EA00007D1079900F035F9002802D06C71002025
:109EB000F8BD3900300000F02CF90028F7D0069BDF
:109EC0002C712B600123AB71F1E770B515001C00FC
:109ED00000F01FF9002804D00823E360023B25604E
:109EE000237170BDF8B505000C0016001F0000F0CE
:109EF00010F9002807D1032F05D8236832005B69C9
:109F0000290020009847F8BD10B5F2F74CFC10BDB1
:109F100010B5F2F748FC10BDF0B5160002688BB022
:109F2000083A0591049351681368002207ACC318DE
:109F3000079222716271A2711032A2601A68050044
:109F4000083A5068884203D0002210000BB0F0BDE0
:109F5000059902680191009303940295D769330033
:109F600006220499B847079A002AEDD0A07906275F
:109F700003003B40BB42E8D0617923790B403B4072
:109F8000BB42E2D0052319400429DDD0002808D1C6
:109F9000049B002B0CDBD2180130954200D1380015
:109FA000A0710622A37913409342CDD1079ACCE742
:109FB000049B01200233F3D0336800951D6A049995
:109FC000059B3000A847EBE710B50CF06DFF0020B3
:109FD000704710B580470CF067FF0000024B10B5CA
:109FE0001868FFF7F6FFC04624020020014B1868EE
:109FF0007047C0460879012010B5F2F7D8FB10BDB4
:10A0000010B5FFF7EBFF000010B50400034B083359
:10A010000360FFF727FF200010BDC046F84D04087D
:10A0200010B50400FFF7F0FF20000C21FFF76CFFD4
:10A03000200010BDF7B51E00089B04000F0015009E
:10A04000934209D0A068089A036800921C6A2A000B
:10A0500033003900A047FEBD310000F05AF8002857
:10A06000F0D00620F7E7F0B50E0087B01900059391
:10A07000070004920F9C00F04CF80C9B051E17D0B3
:10A0800023606B461B7C2371002E0BDB0C9B0E990F
:10A090009A190623914200D0053B0025A3712800A0
:10A0A00007B0F0BD0025B31CF9D10123A371F6E779
:10A0B0000E9A934209D10D99380000F02AF8002831
:10A0C00003D06B461B7C6371E9E7B8680E9A03689E
:10A0D00002920D9A039401920C9A31000092DC696D
:10A0E000049A059BA0470500D9E7F8B507000C00C6
:10A0F00015001E00FFF7E9FE002806D1B8682A0007
:10A10000036821009F693300B847F8BD70470020FD
:10A11000704710B5012381420FD0406800230278B8
:10A120002A2A0AD049680B782A3B5A425341C91857
:10A13000D9F7D6F843424341DBB2180010BD000006
:10A1400010B50400034B08330360FFF78BFE2000BB
:10A1500010BDC046704E040810B50400FFF7F0FFB4
:10A1600020001821FFF7D0FE200010BDF0B587B009
:10A1700005930C9B0400049115009A4226D0E668D2
:10A18000F300E418002E2DD00222E368134226D0FB
:10A19000012119401A120391002904D0049B0333B2
:10A1A0001DD02B689A58A0680C99036800911B6A0F
:10A1B000AA181F000499059BB84703280FD9039BD1
:10A1C000002B0AD001231843C0B206E00599FFF71F
:10A1D000A0FF03000620002BD1D007B0F0BD013E48
:10A1E000083CCFE70120F8E773B5069D040000297D
:10A1F00005DB511801208D4200D1053076BD0120CC
:10A200008E1CFBD020680095056A2000A847F5E762
:10A21000F0B595B01D9C0B93A368070005910A92B9
:10A22000DB0601D58368A3601A9B1C9A93420DD16B
:10A230001B993800FFF76DFF002807D06B462822D6
:10A240009B181B7863710023049322E00B9938005C
:10A25000FFF75FFF069000281ED01A9B282223607C
:10A260006B469B181B782371059B002B0ADB1A9900
:10A270008C461C9963441A000123914200D1053396
:10A28000A371E0E700230493059B023301D101236E
:10A29000A371049815B0F0BD069B0C93059B002B91
:10A2A00003DB1C9B059A9B1A0C93002304930E93CB
:10A2B00002330F93013B0D93FB680793DB00FB1800
:10A2C0000993079B002B00D1E8E00022012511AB88
:10A2D0001A715A719A71099BA168D86811921391E9
:10A2E00003120A9A284206D02A000A9D2A431A9D80
:10A2F0002D68EB5808951A9DEB180C9D002D06D083
:10A300009D42AD410D9E6D42B54200D1C2E0022595
:10A31000284207D10598023002D1890700D1BBE05D
:10A3200002218A4309991C9E886811AD0168029632
:10A330001B9E009303950196CE690B9B0599B04730
:10A3400062796B7984461343089320226B469B18ED
:10A350001B786371AE79062E02D01199022E07D1B7
:10A36000119B23602B79A67123716346069375E0D8
:10A37000049B2268002B0FD1002A0FD121602A797B
:10A38000227100297BD0089B002B78D00122BB686A
:10A39000134274D1069061E0002A41D0914206D167
:10A3A00011AA2379127913432371049867E00029D5
:10A3B00002D16346002BF8D0089BA579032B07D95F
:10A3C0000123089919422ED00221A3680B422AD0FA
:10A3D000002D10D1032E06D901252E4228D00221AE
:10A3E000BB680B4224D01C9B059900930B981B9BC8
:10A3F000FFF7FAFE0500002E1AD1032D06D901360B
:10A40000354215D00222BB68134211D01C9B119A11
:10A41000009305991B9B0B98FFF7E6FE060007E0EB
:10A420000029C9D1C1E7002D00D10135002E17D078
:10A4300033006B40DBB2032B14D90498032E06D9EA
:10A4400035000020119B236011AB1B79237102237F
:10A45000A5711D4202D1013B1D4210D1069BF3E6BE
:10A460000126E5E700233540EDB22360032D03D933
:10A470000233A371013B79E701230120A3716379C2
:10A48000042B87D0079B0490013B0793099B083B53
:10A49000099316E701230E930498F3E70E9B002B14
:10A4A00000D1F6E6079B0D930F9B012B00D1F0E640
:10A4B00001230F9300E7F0B58DB0070006910192DC
:10A4C0001C00FFF702FD0090002862D1A3680293F0
:10A4D000DB0601D5BB680293FB68DD0003937D19A1
:10A4E000039B002B00D177E0002308AA1371029A86
:10A4F00001260A92022208930B93EB681E401A4031
:10A500000496059208D10121029A0A4204D1039BC4
:10A51000083D013B0393E3E7019A111E08D01A128C
:10A52000049B002B02D00B689A580093019B9A1849
:10A53000A868069903689B691E0008ABB0470090A5
:10A540000028E4D00B9B0793082B04D1049B002B1D
:10A5500001D0AB680B9308AB1B79032B06D9059A86
:10A56000002A03D10232934308AA1371E16808AEAE
:10A57000002917D1230007CE07C332681A60237958
:10A58000032B06D90222134206D0BB68013A1342BC
:10A59000BDD100980DB0F0BD01221342F9D0BB68C7
:10A5A0009218F4E72368089A934204D000232360AA
:10A5B00002232371EDE7002B04D023793279134372
:10A5C0002371A4E7F0680828F2D00829F0D0FFF73B
:10A5D000A0FD0028F1D1EBE725796B1E9D41EBB280
:10A5E0000093D6E7F0B50C00002185B0019008007B
:10A5F00017000CF06DFF0090D8F77CFE451C28007A
:10A60000FFF7FAFC2A00009906000DF04BF81949F3
:10A6100000200CF05DFF03A901980FF0A9F8039B3F
:10A62000019A051C2060934202D01B78002B0CD0AD
:10A630000023236004233B60310000200CF048FF1E
:10A640003000FFF765FC05B0F0BD0B49D5F75EFFA4
:10A65000002805D10949281CD5F744FF0028EBD074
:10A660000021281CD5F752FF002801D0024BE0E75B
:10A67000024BDEE772F80308FFFF7F7FFFFF7FFFDB
:10A68000F0B50C00002185B00090080001920CF09C
:10A690001FFF0700D8F72EFE461C3000FFF7ACFC6A
:10A6A0003200390005000CF0FDFF204900200CF0BD
:10A6B0000FFF03A900980FF049F806000F00039B55
:10A6C000009A26606760934202D01B78002B0FD05F
:10A6D00000220023226063600423019A1360290092
:10A6E00000200CF0F5FE2800FFF712FC05B0F0BDCD
:10A6F00001220F4B5242D5F7CFFE002808D101228C
:10A700000C4B524230003900D5F7B2FE0028E6D09B
:10A710000022002330003900D5F7BEFE012252424C
:10A72000002801D0024BD5E7024BD3E772F80308AB
:10A73000FFFFEF7FFFFFEFFFF7B50C000021019057
:10A74000080015000CF0C4FE0600D8F7D3FD471C26
:10A750003800FFF751FC3A00310000900CF0A2FFE6
:10A760001D4900200CF0B4FE22001C4901980DF098
:10A77000C7FB013001280DD800220023226063604E
:10A7800004232B60009900200CF0A2FE0098FFF734
:10A79000BFFBF7BD0122266867685242104B3000AC
:10A7A0003900D5F779FE002808D101220D4B52421D
:10A7B00030003900D5F75CFE0028E3D000220023EA
:10A7C00030003900D5F768FE01225242002801D03E
:10A7D000034BD3E7034BD1E772F80308CD4E0408CF
:10A7E000FFFFEF7FFFFFEFFF0B00002210B50549D1
:10A7F00002601800D8F774FD002802D00248F2F772
:10A8000013F810BD72F803089C4E0408002303607F
:10A810007047009B03201A60039B019A1A607047DF
:10A82000009B03201A607047012070470120704789
:10A83000981A009B984200D9180070470020704772
:10A8400010B50400064B083303600830FFF7DEFF45
:10A85000044B2000236000F039F9200010BDC046F1
:10A86000244F0408C83E040810B50400FFF7E8FFB1
:10A870002000F1F798FF200010BD000010B5040083
:10A88000064B083303600830FFF7C0FF044B20007D
:10A89000236000F01BF9200010BDC046504F040893
:10A8A000D448040810B50400FFF7E8FF2000F1F7D2
:10A8B0007AFF200010BD00004B1E9941054B10B5DA
:10A8C000083341600360040000F01EF9A06020001E
:10A8D00010BDC046244F04084B1E9941054B10B5CE
:10A8E000083341600360040000F00EF9A06020000E
:10A8F00010BDC046504F0408F0B514000A0087B0E0
:10A9000001911F0004AB0D9D03CA03C30CF0C0FDF1
:10A910003B1B9B1058430E9B5B1BC01A00280FDC8F
:10A92000BC422AD204AE3200216828000FF088FA17
:10A93000431C2BD0019B2D1806CE06C30434EFE731
:10A94000BC421AD20E9B9D4217D204AA216803A8CA
:10A950000FF076FA0600431C18D00E9B5B1B834257
:10A9600016D3020003A928000CF09CFE019B04AA48
:10A9700003CA03C3AD190434E2E7BC42804140423C
:10A980000C9B1C600F9B1D6007B0F0BD0220F7E719
:10A990000120F5E7F0B515000A0085B001911C0013
:10A9A00002AB0B9E03CA03C3A54220D20C9B9E425E
:10A9B0001DD202AB621B290030000CF03BFE431C91
:10A9C0000CD0831C11D0002801D130600130019BD4
:10A9D00002AA82CA82C304362D18E5E702200A9B28
:10A9E0001D600D9B1E6005B0F0BD0120F7E7A5427C
:10A9F00080414042F3E710B50CF04AFD0138434274
:10AA0000584110BD10B50CF043FD10BDF0B5150058
:10AA10000A00002685B001911F0002AB03CA03C3E0
:10AA2000BD4218D20A9B002B15D002AB7A1B29001D
:10AA300000200CF0FFFD831C012B0CD9002800D155
:10AA40000130019B02AA12CA12C30A9B2D18013BB6
:10AA500036180A93E4E7300005B0F0BD10B50800E1
:10AA600011000DF0D1FA8317421E9041184310BD1A
:10AA700010B5080011001A000EF072FF10BD10B5DD
:10AA8000080011000FF0E8F98317421E90411843A7
:10AA900010BD10B5080011001A0010F00DF810BD1F
:10AAA000062313B54360002304008360064BC36094
:10AAB00001A800F0E3FD200001A96C3000F088F847
:10AAC00001A800F07EF813BD021000007047436833
:10AAD00010B55A1E4260012B02D103685B6898478B
:10AAE00010BD0B681A68036001321A6070470000DD
:10AAF00010B5002202490348FFF776FE10BDC0469C
:10AB00007C4F04082079012010B5044C2368002BE9
:10AB100001D1FFF7EDFF206810BDC046207901206C
:10AB2000004870477C4F0408436870B50400002B50
:10AB30000CD00025A2686368AA4207D9AA00D058A1
:10AB4000002801D0FFF7C3FF0135F3E76068002854
:10AB500001D0FFF7DDF9E368002B0CD00025A268D7
:10AB6000E368AA4207D9AA00D058002801D0FFF70D
:10AB7000AEFF0135F3E7E068002801D0FFF7C8F920
:10AB80002369002B09D0002523695859002801D0DA
:10AB9000FFF7BEF90435182DF6D12069002801D041
:10ABA000FFF7B6F9200070BD036810B55A1E040007
:10ABB0000260012B04D1FFF7B7FF2000F1F7F3FD8E
:10ABC00010BD10B504000068FFF7EEFF200010BDB7
:10ABD00070B50D0004000A68006813680133136043
:10ABE000FFF7E2FF2B682000236070BD0368002B95
:10ABF00004D1044A1368013313600360006801380C
:10AC00007047C0461C790120F0B585B00400009261
:10AC1000002A00D1A3E00800FFF7E8FFA3680700BF
:10AC2000013B984248D96368061D02934D4BB5001D
:10AC30009E4201D901256D422800FFF7DDF9A36886
:10AC400001909A0094460022624507D100219E425D
:10AC50000CD901989A0081500133F8E7616889584E
:10AC600003910398019988500432EDE7E3682800C6
:10AC70000393FFF7C1F90022A3689D00954206D116
:10AC800000219E4208D99A0081500133F9E7E1681A
:10AC9000895881500432F1E7019BA6606360029BF2
:10ACA000E060002B02D01800FFF732F9039B002B65
:10ACB00002D01800FFF72CF9009B009A5B68BE00D9
:10ACC00001930133536063689E193368002B1FD0D2
:10ACD000254D2868002818D0FFF788FF874229D122
:10ACE00068686768FFF782FF80003F183B68002BA9
:10ACF0000BD06968009807F06DFD050043680133CB
:10AD000043603868FFF7E3FE3D603068FFF7DFFE21
:10AD10000025009B3360A368AB4220D9E368AE00F6
:10AD20009859002804D0FFF7D2FE0023E26893511F
:10AD30000135F0E76868FFF759FF87420DD12868B1
:10AD40006768FFF753FF80003F183B68002BDCD09B
:10AD50002968009802F0CCFCCFE70835B9E705B0C8
:10AD6000F0BDC046FEFFFF1FF0500408F7B5234EAC
:10AD7000019033780D001400BFF35B8FDB0707D41D
:10AD800030000AF019FE002802D030000AF021FE3F
:10AD90001B4F3868002822D0FFF728FFA04211D1AE
:10ADA0007868FFF723FF0600019BA400DA681419F6
:10ADB0002368002B16D0002D03D02B6828005B6879
:10ADC0009847F7BD7868FFF711FF0600A04204D14D
:10ADD0003868FFF70BFF0400E6E70837D9E70126DC
:10ADE0007642E1E76B68591C69602560711CE8D008
:10ADF0000233B6006B60B550E3E7C046147901201A
:10AE0000F0500408252330B5C4680B70481C230596
:10AE100002D52B23881C4B70630502D523230370B6
:10AE20000130822321005B001940994228D02A2555
:10AE3000D63B03704570831C002A01D01A70013381
:10AE4000581C6622042915D080228025D201224078
:10AE50006D00A94205D16521002A00D02039197062
:10AE600009E082256D00A94208D16122610400D564
:10AE7000203A581C1A700023037030BD6721EBE79D
:10AE80000300002ADAD1F0E7013B0139F0B50500F3
:10AE9000994200D919002E0001204F19BE420AD054
:10AEA000002808D03078D45C0136241A604244412E
:10AEB000013BE0B2F2E7695C002B08D0002806D025
:10AEC000D05C013B401A44426041C0B2F4E74BB24F
:10AED000002B04DD0023127891425B411840F0BD45
:10AEE000126810B513000C3B1B68FFF7CDFF10BDB7
:10AEF00010B5084C2378BFF35B8FDB0707D4200025
:10AF00000AF05AFD002802D020000AF062FD024833
:10AF100010BDC046287901208C8701202E23F0B572
:10AF200083600023070001601800FC4A87B099186D
:10AF300004330860B82BFAD100231C007A60F84A69
:10AF4000991804330C60B82BFAD1F64BF64DFA6021
:10AF50005C601C615C619C60DC603B611D60FFF7B4
:10AF6000DFFD0222010028000CF09CFB00220126DC
:10AF7000EE4D01231100280004F09AF82A00380051
:10AF8000EB49FFF741FEEB4D01212800FFF794FC50
:10AF90002A003800E849FFF737FEE84BE74A5E60D1
:10AFA000E74BE84D1360130064331C709460D46069
:10AFB000147454619461D46114629484DF49320042
:10AFC000280004F0CFFD2A003800DF49FFF71CFEFF
:10AFD000DE4ADF4B566013603800DE49FFF714FE8F
:10AFE000DD4ADE4B566013603800DD49FFF70CFE8A
:10AFF000DC4D3100280004F099FE2A003800DA49BF
:10B00000FFF702FED94BD94A5E60D94BD94D136088
:10B01000130043331C709460D4601474547494749B
:10B0200054619461D461146254629462D462146372
:10B030005463CE493200280004F05AFC2A0038003C
:10B04000CD49FFF7E1FDCD4BCC4A5E60CC4BCD4DF9
:10B050001360130043331C709460D46014745474F0
:10B06000947454619461D461146254629462D462A1
:10B0700014635463C1493200280004F09BFC2A0089
:10B0800035003800C049FFF7BFFDC04AC04B5660CD
:10B0900013603800BF49FFF7B7FDBF4ABF4B56608A
:10B0A00013603800BE49FFF7AFFDBE4EBE4B756062
:10B0B0003360331DB460F46034617461B461F46171
:10B0C00034627462B462F46234637463B463F463CC
:10B0D00034647464B464F46434657465B465F465AC
:10B0E00034667466B466F46634677467B467DC67A4
:10B0F00033000833DC67330088331C6033008C3343
:10B100001C60330090331C60330094331C603300A8
:10B1100098331C6033009C331C603300A0331C60E8
:10B120003300A4331C603300A8331C603300AC33FD
:10B130001C603300B0331C603300B4331C60330038
:10B14000B8331C603300BC331C603300C0331C6058
:10B150003300964DC4331C70F4673100012228007F
:10B16000F2F7B6F92A00012538009149FFF74CFDA6
:10B17000904A914B5560136038009049FFF744FDA9
:10B180008F4B904A3800136055608F49FFF73CFDA4
:10B190008E4D0121280004F0A5FD2A0038008C49BD
:10B1A000FFF732FD8B4D0121280003F06DFF2A00CF
:10B1B00038008949FFF728FD884D01212800FFF755
:10B1C0008BFB2A00012538008549FFF71DFD854BC3
:10B1D000844A5D60844B854D136092235B00D45498
:10B1E0009460D460147454619461D46114625462A4
:10B1F00094627C490122280008F0CCFB2A0001253A
:10B2000038007B49FFF700FD7A4A7B4B556013609D
:10B2100038007A49FFF7F8FC794A7A4B5560136099
:10B2200038007949FFF7F0FC784D0121280008F03B
:10B2300095FC2A00012538007549FFF7E5FC754BA0
:10B24000744A5D60744B754D136013006C331C7051
:10B250009460D460147454619461D4611462546233
:10B260009462D462146354639463D4636949012281
:10B27000280008F059FA2A00012538006849FFF72C
:10B28000C3FC684B674A5D60674B684D13601300F1
:10B290006C331C709460D460147454619461D461F4
:10B2A000146254629462D462146354639463D463EA
:10B2B0005C490122280008F099FA2A00012538008B
:10B2C0005B49FFF7A1FC5B4A5B4B5560136038009C
:10B2D0005A49FFF799FC5A4A5A4B55601360380097
:10B2E0005949FFF791FC0123584D01226B60584BDF
:10B2F000AC602B602B1DEC602C616C61AC61EC616F
:10B300002C626C62AC62EC622C636C63AC63EC63C9
:10B310002C646C64AC64EC642C659BE0B486012006
:10B32000CC850120B4850120A87E0120B47E0120B7
:10B3300068880120848601200C790120207A012070
:10B34000803F04084C7901209C8801206C870120F3
:10B35000B83D0408907801207C870120F43D040862
:10B360008C7801209C86012090880120407D01205E
:10B37000603F0408F0790120AC880120847D012021
:10B38000703F0408FC790120A888012094790120ED
:10B3900028620408A4880120A479012040620408DE
:10B3A000A0880120B07B0120243E0408B47901204C
:10B3B0008878012064790120586204089888012067
:10B3C000243F040874790120847801202C7901201D
:10B3D00094880120D48001206C880120908601206F
:10B3E00010790120887A01208C49040858790120BD
:10B3F000DC88012074870120C4470408F07801200C
:10B400008487012000480408EC780120A8860120E8
:10B41000D0880120C87D01206C490408087A0120E9
:10B42000EC880120387E01207C490408147A012030
:10B43000E88801209C790120006D0408E48801203F
:10B44000AC790120186D0408E0880120787C012087
:10B45000304804086C65AC65EC652C666C66AC66BF
:10B46000EC662C676C67AC67DC672B000833DC6725
:10B470002B0088331C602B008C331C602B00903316
:10B480001C602B0094331C602B0098331C602B0035
:10B490009C331C602B00A0331C602B00A4331C6069
:10B4A0002B00A8331C602B00AC331C602B00B03386
:10B4B0001C602B00B4331C602B00B8331C602B00C5
:10B4C000BC331C602B00C0331C602B00C4331C70C9
:10B4D000EC673F4C29002000F9F76CF922000124A9
:10B4E00038003C49FFF790FB3B4A3C4B54601360EB
:10B4F00038003B49FFF788FB3A4A3B4B54601360E6
:10B5000038003A49FFF780FB394C0121200008F050
:10B5100001FB2200012438003649FFF775FB364A4B
:10B52000364B5460136038003549FFF76DFB354AE0
:10B53000354B5460136038003449FFF765FB344BDA
:10B5400069460093334B38000193334B0293334BDE
:10B550000393334B0493334B059301F0A1F8324826
:10B56000FC68FFF743FB2A4B800003512F48FC681F
:10B57000FFF73CFB274B800003512D48FC68FFF789
:10B5800035FB254B800003512A48FC68FFF72EFB52
:10B59000800006512848FC68FFF728FB1F4B8000FD
:10B5A00003512648FC68FFF721FB1D4B8000035127
:10B5B0002348FC68FFF71AFB1A4B8000035105482B
:10B5C000FC68FFF713FB80000551380007B0F0BDA1
:10B5D000C8790120E87801206C790120306D0408D9
:10B5E000D88801207C79012030490408E4780120C2
:10B5F0003C790120D488012084790120C8570408AF
:10B60000948701208C7901209C57040890870120A1
:10B61000207A0120407D0120847D0120887A01204C
:10B62000C87D0120387E01209C880120AC88012043
:10B63000A888012088780120DC880120EC8801207E
:10B64000E888012010B5054C02212000FFF766FCB8
:10B65000034B1C60034B1C6010BDC046DC7901200D
:10B660001879012024790120034B10B51B68002BA9
:10B6700001D1FFF7E7FF10BD18790120002370B555
:10B6800004000360FFF7F0FF094D0A4A2B682360AE
:10B690001268934204D11A6801321A60200070BD0A
:10B6A000FFF726FC2B681A6801321A602360F5E761
:10B6B000247901201879012010B50400039903F0C2
:10B6C00083F8200010BD10B50400039903F009FCB5
:10B6D000200010BD70B584680500002C17D14420EF
:10B6E000F1F765F8234B4460036003004333846043
:10B6F000C46004744474847444618461C4610462E9
:10B7000044628462C46204634463A8601C702E2394
:10B710000024AA68184E5374AA68023B9374AA685E
:10B72000164B31009360AA68D460AA685361AA6876
:10B730009461AA68D361AA681462AA685362AB686C
:10B7400004229C62AB68DC62A86830300BF0AAFF70
:10B75000A8683100343004220BF0A4FF084B1968AC
:10B76000AB680A5D1B19383301341A700B2CF7D102
:10B7700070BDC046703F04089A4F0408E80A0408E8
:10B78000B001002070B584680500002C17D144205A
:10B79000F1F70DF8234B44600360030043338460EA
:10B7A000C46004744474847444618461C461046238
:10B7B00044628462C46204634463A8601C702E23E4
:10B7C0000024AA68184E5374AA68023B9374AA68AE
:10B7D000164B31009360AA68D460AA685361AA68C6
:10B7E0009461AA68D361AA681462AA685362AB68BC
:10B7F00004229C62AB68DC62A86830300BF052FF18
:10B80000A8683100343004220BF04CFF084B196853
:10B81000AB680A5D1B19383301341A700B2CF7D151
:10B8200070BDC046603F04089A4F0408E80A040847
:10B83000B0010020074B10B50400036080680028A9
:10B8400002D003685B6898472000FFF73FF92000AB
:10B8500010BDC046443E040810B50400FFF7EAFFDF
:10B860002000F0F7A0FF200010BD0000074B10B52E
:10B87000040003608068002802D003685B68984772
:10B880002000FFF723F9200010BDC046783E0408D1
:10B8900010B50400FFF7EAFF2000F0F784FF200056
:10B8A00010BD000070B584680500002C17D1702011
:10B8B000F0F77DFF244B4460036003006C33846029
:10B8C000C460047444618461C4610462446284623B
:10B8D000C462046344638463C463A8601C702E2242
:10B8E0000024AB68194E5A61AB68023A9A61AB68A2
:10B8F000174A31009A60AB68DC60AA68154BD361C7
:10B90000AA681462AA685362AA689462AA68D36299
:10B91000AB6804221C63AB685C63A86838300BF02A
:10B92000C1FEA86831003C3004220BF0BBFE0A4B7C
:10B93000196823000A5D1033A8689B0001341A506F
:10B940000B2CF6D170BDC0467C4904089A4F040800
:10B95000E80A0408B87B0408B001002070B58468C8
:10B960000500002C17D17020F0F721FF244B446014
:10B97000036003006C338460C460047444618461B8
:10B98000C461046244628462C46204634463846385
:10B99000C463A8601C702E220024AB68194E5A6143
:10B9A000AB68023A9A61AB68174A31009A60AB689B
:10B9B000DC60AA68154BD361AA681462AA68536256
:10B9C000AA689462AA68D362AB6804221C63AB685D
:10B9D0005C63A86838300BF065FEA86831003C3025
:10B9E00004220BF05FFE0A4B196823000A5D103336
:10B9F000A8689B0001341A500B2CF6D170BDC046CC
:10BA00006C4904089A4F0408E80A0408B87B040843
:10BA1000B0010020074B10B50400036080680028C7
:10BA200002D003685B6898472000FFF74FF82000BA
:10BA300010BDC0465048040810B50400FFF7EAFFE7
:10BA40002000F0F7B0FE200010BD0000074B10B53D
:10BA5000040003608068002802D003685B68984790
:10BA60002000FFF733F8200010BDC04684480408CA
:10BA700010B50400FFF7EAFF2000F0F794FE200065
:10BA800010BD000070B585680400002D11D168203C
:10BA9000F0F78DFE204B4560036003006433856042
:10BAA000C560057445618561C56105628584A060D6
:10BAB0001D70A368194A2E219A600023A268D360E2
:10BAC000A2681374A2680532D177A26802390632DF
:10BAD000D177134A1068A268C15CD21807320133CB
:10BAE000D177242BF7D10F4B18680023A268C15CD3
:10BAF000D2184A32013311701A2BF7D1A3680A4ABF
:10BB00005A610422A3689A61A368084ADA6105228F
:10BB1000A3681A6270BDC046803F0408E80A0408A2
:10BB2000AC010020A8010020785104087D510408D0
:10BB3000074B10B5040003608068002802D003683A
:10BB40005B6898472000FEF7C1FF200010BDC0468B
:10BB5000943D040810B50400FFF7EAFF2000F0F759
:10BB600022FE200010BD000070B584680500002C86
:10BB700013D194204000F0F71AFE1C4B4460036080
:10BB800092235B008460C460047444618461C46176
:10BB9000046244628462A860C4542E21AB68144AD3
:10BBA00059629A600022023999621249DA600C687F
:10BBB0001A749100A05C59180132C862242AF8D185
:10BBC0000D4A180011681A002530BC32FF300C787D
:10BBD000013110C28242FAD1084A5A6104229A61A4
:10BBE000074ADA6105221A6270BDC0468C49040812
:10BBF000E80A0408AC010020A801002084510408D0
:10BC000098510408074B10B50400036080680028B1
:10BC100002D003685B6898472000FEF757FF2000BA
:10BC200010BDC046A047040810B50400FFF7EAFFA6
:10BC30002000F0F7B8FD200010BDF0B585B00191EF
:10BC4000002107000800039302920BF041FC06005C
:10BC5000D7F750FB441C2000FEF7CEF9220031003C
:10BC600005000BF01FFD396900200BF031FC0A9B29
:10BC7000039A029901980CF019FF29000400002092
:10BC80000BF026FC2800FEF743F9002C01D1019BA4
:10BC90001C7005B0F0BD000070B584680500002C74
:10BCA0003AD1C820F0F783FD4C4B44600360031D7C
:10BCB00004338460C460046144618461C4610462CB
:10BCC00044628462C462046344638463C46304643E
:10BCD00044648464C464046544658465C46504661E
:10BCE00044668466C466046744678467C4679C6767
:10BCF000DC678033DC611C625C629C62DC621C631A
:10BD00005C639C631C605C609C60DC601C615C61CB
:10BD10009C6120331C77A860AB68314A31499A6036
:10BD2000DA60314A19621A615A61304A30499A61BF
:10BD3000DA619A622F4A5962DA622F4A1A632F4AED
:10BD40005A632F4A9A632F4ADA632F4A1A642F4A9A
:10BD50005A642F4A9A642F4ADA642F4A2F491A6587
:10BD60002F4A99675A652F4A2F499A652F4A3048BA
:10BD7000DA65304AD9671A662F4A191D5A662F4A62
:10BD800004319A662E4ADA662E4A1A672E4A5A6794
:10BD900088672E48C8672E48803108602D48486063
:10BDA0002D48CA611A0088602C48A832C8602C4807
:10BDB000C03308612B4848612B4888612B491160CA
:10BDC0002B4951602B4991602B49D1602B4911615E
:10BDD0002B4951612B4A1A6070BDC046243E0408AD
:10BDE000883F0408B0510408973F0408E80A040893
:10BDF000B3510408B6510408BD510408C4510408E5
:10BE0000CC510408D6510408DF510408E651040857
:10BE1000EF510408F3510408F75104082C520408A8
:10BE2000FB510408FF51040831520408035204086E
:10BE300036520408075204080B520408135204082F
:10BE40001C52040822520408285204083D520408D7
:10BE5000475204084F52040858520408615204081B
:10BE600065520408695204086D52040871520408AE
:10BE700075520408795204087D520408815204085E
:10BE80008552040889520408F0B50E00002185B0DF
:10BE900001900800039302920BF01AFB0700D7F7FA
:10BEA00029FA441C2000FEF7A7F8220039000500FB
:10BEB0000BF0F8FB019B002019690BF009FB0A9BB2
:10BEC000039A029930000EF041FD29000400002081
:10BED0000BF0FEFA2800FEF71BF8002C00D13460AE
:10BEE00005B0F0BD70B584680500002C3AD1C820BB
:10BEF000F0F75DFC4C4B44600360031D0433846029
:10BF0000C460046144618461C46104624462846207
:10BF1000C462046344638463C463046444648464E7
:10BF2000C464046544658465C465046644668466C7
:10BF3000C466046744678467C4679C67DC678033B2
:10BF4000DC611C625C629C62DC621C635C639C63FF
:10BF50001C605C609C60DC601C615C619C612033E7
:10BF60001C77A860AB68314A31499A60DA60314A7F
:10BF700019621A615A61304A30499A61DA619A62EB
:10BF80002F4A5962DA622F4A1A632F4A5A632F4A9C
:10BF90009A632F4ADA632F4A1A642F4A5A642F4A47
:10BFA0009A642F4ADA642F4A2F491A652F4A9967F3
:10BFB0005A652F4A2F499A652F4A3048DA65304A28
:10BFC000D9671A662F4A191D5A662F4A04319A6694
:10BFD0002E4ADA662E4A1A672E4A5A6788672E4812
:10BFE000C8672E48803108602D4848602D48CA61D6
:10BFF0001A0088602C48A832C8602C48C0330861F9
:10C000002B4848612B4888612B4911602B495160AE
:10C010002B4991602B49D1602B4911612B4951610A
:10C020002B4A1A6070BDC04630480408905204087C
:10C03000D8520408B4520408B87B0408E452040837
:10C04000F05204080C530408285304084853040809
:10C050007053040894530408B0530408D4530408DC
:10C06000E4530408F4530408C854040804540408AE
:10C0700014540408DC54040824540408F05404083C
:10C0800034540408445404086454040888540408CC
:10C09000A0540408B85404080C5504083455040886
:10C0A00054550408785504089C550408AC550408F8
:10C0B000BC550408CC550408DC550408EC550408AC
:10C0C000FC5504080C5604081C5604082C56040899
:10C0D0003C56040802684368F0B50400981A64D01E
:10C0E00013785DB2002D03DB180001322260F0BD31
:10C0F000C12B3DD9DF2B10D8012856D055783F20D1
:10C100002E008643802E33D19801294B4019C01848
:10C1100002328142EBD32260E9E7EF2B1AD80228E2
:10C1200043D955783F202E008643802E20D1E02B26
:10C1300001D19F2D1CD9967837008743802F17D1C6
:10C140001803AD0140191B4B8019C01803328142FE
:10C15000E1D2CCE7F42B0BD8032826D955783F271A
:10C160002800B843802803D1F02B03D18F2D05D8A8
:10C1700001201BE0F42B01D18F2DF9D89078844653
:10C18000B8438028F4D1D0780600BE43802EEFD18A
:10C190002D039B045B196546AE019B191818064BCD
:10C1A000C0188842A3D80432B5E7022040429EE777
:10C1B00080CFFFFF80DFF1FF80DF37FC009B032093
:10C1C0001A607047002070470020704704207047B5
:10C1D00010B503007F2909D802685C6800209442EA
:10C1E00003D0501C18601170012010BD2B4A9142E1
:10C1F00011D802684068841A0020012CF5D9501C1F
:10C2000018608809403810701A68501C18603F2365
:10C2100019408039E7E7224A914219D802684068FC
:10C22000841A0020022CE0D9501C1860080B20381A
:10C2300010701C688809621C1A603F221040803808
:10C24000207018681140441C80391C600170CBE7D5
:10C25000144A00209142C8D81A685C68A41A032CBA
:10C26000C3D9501C1860880C103810703F201C680F
:10C27000621C1A600A0B0240803A22701C68621C21
:10C280001A608A090240803A22701A680140541CE0
:10C2900080391C603E381170A7E7C046FF070000D8
:10C2A000FFFF0000FFFF1000F7B504000E0002279B
:10C2B00000920193626823689A4228D0174819882F
:10C2C0000D18174885421CD8019D012D21D0D21A86
:10C2D000022A1CD05B88134A9A18824219D83D0062
:10C2E000114A89029B18C918009B994211D8300045
:10C2F000FFF76EFF00280ED023686D005D192560E2
:10C30000D8E7084BCB18834203D90125ECE700207E
:10C31000FEBD0220FCE70120FAE7C0460028FFFF2F
:10C32000FF0300000024FFFF0024A0FC70B50500FF
:10C330004B070DD5046843681B1B022B08D9032249
:10C34000044920000BF09FF9002801D103342C6030
:10C3500070BDC046A456040870B50C001900050055
:10C360001600FFF7E3FF6B682A68934212D06368F8
:10C370002268934201D1012070BD31002800FFF7EF
:10C38000A9FE831CF7D0864206D323681A1D2260BB
:10C390001860E8E70020EFE70220EDE71FB5019302
:10C3A000079B00920293089B074A039302A900236C
:10C3B0006846FFF7D1FF069B009A1A60099B029A14
:10C3C0001A6005B000BDC046FFFF100037B51D0064
:10C3D00006AB1B7800900191684619001400FFF726
:10C3E000A5FF0020002C07D0013CA84204D829005A
:10C3F0006846FFF76FFEF5E700983EBD13B51400E1
:10C4000019000023049A00932000024BFFF7DEFF7F
:10C41000001B16BDFFFF1000F0B50D0085B0190020
:10C42000040003921E000127FFF780FF6368019359
:10C4300023680293029A019B934242D06B682A6858
:10C4400093423ED003992000FFF744FE831C05D1A0
:10C450000A98431E9841013005B0F0BD039B83420A
:10C4600031D31A496B682A6888420AD89A4222D086
:10C4700080B23E4201D140BA80B2931C2B60108042
:10C48000D4E79B1A032B16D91149830A5B18800540
:10C490001049800D401831009BB280B2394001D163
:10C4A0005BBA9BB21380002901D140BA80B2131D40
:10C4B0002B605080BAE7029B01202360019B6360E0
:10C4C000CAE70020C8E70220C6E7C046FFFF000019
:10C4D000C0D7FFFF00DCFFFF7FB50393099B0292EB
:10C4E00004930A9B084A0593002304A9009302A819
:10C4F0000133FFF791FF089B029A1A600B9B049A85
:10C500001A6007B000BDC046FFFF1000F7B51C0061
:10C5100008AB1B78009001916846190017000025B0
:10C52000FFF704FF6E1CBE420DD221006846FFF7E4
:10C53000D1FD844201D20098FEBD084B984200D93B
:10C5400035000135EEE7BE42F5D1054B9C4200D9DE
:10C55000024C21006846FFF7BDFDECE7FFFF00003D
:10C56000FEFF000013B5140019000023049A009385
:10C570002000024BFFF7CAFF001B16BDFFFF100093
:10C5800010B50400024B0360FEF7A0FA200010BDB6
:10C590008056040810B50400FFF7F2FF2000F0F702
:10C5A00002F9200010BD000010B50400024B03602A
:10C5B000FEF78CFA200010BD5456040810B5040094
:10C5C000FFF7F2FF2000F0F7EEF8200010BD0000AA
:10C5D0001FB50193079B00920293089B074A0393A0
:10C5E00002A900236846FFF75FFE069B009A1A60C7
:10C5F000099B029A1A6005B000BDC046FFFF1000FB
:10C6000010B5012304008A070DD5636800681A1A63
:10C610000023022A07D9032204490BF043F82368B8
:10C62000033323600123180010BDC046A45604083C
:10C6300070B50D000400190028001600FFF7E0FF98
:10C6400000280FD0236862689A420DD019688E4284
:10C650000CD32800FFF7BCFD002803D02368043367
:10C660002360EFE7012070BD0020FCE70220FAE71D
:10C670001FB50193079B00920293089B074A0393FF
:10C6800002A900236846FFF7D3FF069B009A1A60B1
:10C69000099B029A1A6005B000BDC046FFFF10005A
:10C6A000F0B504000B6887B000934B68854E01938A
:10C6B0008B680D000122009930000293F0F7C2FE52
:10C6C00073686768013373607F48FEF78FFA8000F4
:10C6D000C6517E4E01213000F1F748F87368676853
:10C6E000013373607A48FEF781FA8000C651794EB3
:10C6F000019901223000F0F757FD73686768013334
:10C7000073607548FEF772FA8000C651734E0122BD
:10C7100002993000F0F7AAFD73686768013373600F
:10C720006F48FEF763FA8000C6516E4B6E4E676825
:10C73000336002236D487360FEF758FA8000C651DB
:10C740006B4B6C4E6768336002236B487360FEF777
:10C750004DFA8000C651694B694E67683360022309
:10C7600068487360FEF742FA8000C651664E0121A8
:10C770003000F0F7D7FF72686768531C7360634836
:10C78000FEF734FA8000C651EA6803922A690399D9
:10C7900004926A695E4D059228000122F7F7DAFFDC
:10C7A0006A686668531C6B605A48FEF71FFA80007F
:10C7B0008551594D01212800F8F74AF96A686668E1
:10C7C000531C6B605548FEF711FA80008551544D9B
:10C7D000049901222800F7F771FE6A686668531C05
:10C7E0006B605048FEF702FA800085514E4D059966
:10C7F00001222800F7F7C4FE6A684C4E531C676894
:10C8000030006B60FEF7F2F98000C551484B494D8E
:10C8100067682B60022348486B60FEF7E7F98000E9
:10C82000C551464B464D67682B60022345486B60F7
:10C83000FEF7DCF98000C551434B444D67682B601F
:10C84000022343486B60FEF7D1F98000C551414D8A
:10C8500001212800F8F7D8F86B68676801336B602E
:10C860003D48FEF7C3F98000C5511748E568FEF75B
:10C87000BDF9009B800043511748E568FEF7B6F903
:10C88000019B800043511648E568FEF7AFF9029B13
:10C89000800043511F48E568FEF7A8F9039B80001C
:10C8A00043512048E568FEF7A1F9049B80004351FD
:10C8B0003000E468FEF79AF9059B8000035107B049
:10C8C000F0BDC046B887012094780120308801204F
:10C8D0007878012000880120A47801200C880120AC
:10C8E000A0780120F43E0408E08701209C78012014
:10C8F0000C3F0408F087012098780120383F040895
:10C90000D087012080780120988701207C78012041
:10C91000C4870120F47801203C880120D8780120C8
:10C920001888012004790120248801200079012041
:10C9300000490408E8870120FC7801201849040810
:10C94000F8870120F878012044490408D88701209D
:10C95000E0780120A8870120DC78012010B501F0E3
:10C96000D1FC10BD10B502F081F810BDF8B50B6810
:10C9700007000C3B1C680E00601CFDF73DFB00230C
:10C98000050001002200300001F00EFC00233D6094
:10C990002B552000F8BD0000F8B50B6806000C3BD5
:10C9A0001C680C4B601C0D0098420FD88000FDF7EE
:10C9B00023FB2200070001000023280001F0B6FF3E
:10C9C0000022A3003760DA512000F8BD0120404268
:10C9D000EDE7C046FEFFFF1F13B5049C00930194D2
:10C9E00013000A00C168002005F08FFC16BDF0B5E9
:10C9F000040079208BB00690149810AD0590139820
:10CA000004901298039001A8C0CDC0C000932000EC
:10CA100013008A68002105F02AFE20000BB0F0BD4B
:10CA2000F0B504006D208BB00690149810AD059001
:10CA3000139804901298039001A8C0CDC0C0009331
:10CA4000200013008A68002105F011FE20000BB0C1
:10CA5000F0BDF0B5040077208BB00690149810ADAF
:10CA60000590139804901298039001A8C0CDC0C0FF
:10CA70000093200013008A68002105F0F8FD2000D3
:10CA80000BB0F0BDF0B5040064208BB00690149894
:10CA900010AD0590139804901298039001A8C0CD92
:10CAA000C0C00093200013008A68002105F0DFFD5C
:10CAB00020000BB0F0BDF0B5040074208BB00690E0
:10CAC000149810AD0590139804901298039001A843
:10CAD000C0CDC0C00093200013008A68002105F07B
:10CAE000C6FD20000BB0F0BD10B58168002005F038
:10CAF000B4FD10BDF0B593B00CAC636009931AABF4
:10CB00001F7800238C4607930F9310AB06930FAB4F
:10CB100005931B9B039704930C9201AB18AF06007F
:10CB2000100006CF06C36246099B0AAD00939268C7
:10CB300003000021280006F04AF9230006CD06C3B1
:10CB40000F9B002B0AD11099119A1D9B19605A60F6
:10CB50003300300006CC06C313B0F0BD1C9A13603E
:10CB6000F6E7F0B5002604008BB012AD2D7810A8C2
:10CB7000007806960395149E159F119D04960597BF
:10CB8000019000930295130020008A68002106F0AE
:10CB900051F820000BB0F0BD10B50A00016900206B
:10CBA00005F04FFD10BD13B514000A680094130082
:10CBB0000C3B01691B68002005F017FD16BD13B57D
:10CBC000049C0093019413000A00C168002005F042
:10CBD000A6FB16BDF0B5040079208BB00690149822
:10CBE00010AD0590139804901298039001A8C0CD41
:10CBF000C0C00093200013008A68002105F090FD5A
:10CC000020000BB0F0BDF0B504006D208BB0069095
:10CC1000149810AD0590139804901298039001A8F1
:10CC2000C0CDC0C00093200013008A68002105F029
:10CC300077FD20000BB0F0BDF0B5040077208BB07D
:10CC40000690149810AD05901398049012980390D4
:10CC500001A8C0CDC0C00093200013008A68002145
:10CC600005F05EFD20000BB0F0BDF0B504006420BF
:10CC70008BB00690149810AD0590139804901298FC
:10CC8000039001A8C0CDC0C00093200013008A68A3
:10CC9000002105F045FD20000BB0F0BDF0B504000B
:10CCA00074208BB00690149810AD059013980490E2
:10CCB0001298039001A8C0CDC0C0009320001300BB
:10CCC0008A68002105F02CFD20000BB0F0BD10B5E6
:10CCD0008168002005F0C6FC10BDF0B593B00CAC27
:10CCE000636009931AAB1F7800238C4607930F9358
:10CCF00010AB06930FAB05931B9B039704930C9209
:10CD000001AB18AF0600100006CF06C36246099BB0
:10CD10000AAD0093926803000021280006F0CFF9C5
:10CD2000230006CD06C30F9B002B0AD11099119A40
:10CD30001D9B19605A603300300006CC06C313B047
:10CD4000F0BD1C9A1360F6E770B5002504008AB0A8
:10CD50000EA800780695129D139E04950596109DC9
:10CD6000019003950F9D00930295130020008A689F
:10CD7000002106F0D9F820000AB070BD10B50A00F5
:10CD80000169002005F063FC10BD13B514000A68AA
:10CD9000009413000C3B01691B68002005F03BFC6C
:10CDA00016BD10B50400006843685A1E4260012B8E
:10CDB00002D103685B689847200010BD002210B5BF
:10CDC0000400064B0833036003690C30DA60FFF798
:10CDD000E8FF2000FEF7ACFE200010BD345E040822
:10CDE00010B50400FFF7EAFF2000EFF7DCFC20009D
:10CDF00010BD000010B50400054B083303600C3073
:10CE0000FFF7CFFF2000F0F719F8200010BDC04653
:10CE1000C45D040810B50400FFF7ECFF2000EFF735
:10CE2000C2FC200010BD000010B50400054B083303
:10CE300003600830FFF7B5FF2000EFF71FFF200069
:10CE400010BDC0467C5E040810B50400FFF7ECFF7F
:10CE50002000EFF7A8FC200010BD000010B5040072
:10CE6000054B083303600830FFF79BFF2000EFF706
:10CE7000A9FE200010BDC046CC5E040810B5040019
:10CE8000FFF7ECFF2000EFF78EFC200010BD000044
:10CE900010B50400054B083303600830FFF781FF2D
:10CEA0002000EFF799FE200010BDC046FC5E04088C
:10CEB00010B50400FFF7ECFF2000EFF774FC200032
:10CEC00010BD00000A4B10B50833036000230400B6
:10CED00002690C30D3604268936142681362426811
:10CEE0009362FFF75EFF2000FEF7A4FC200010BD58
:10CEF000605F040810B50400FFF7E4FF2000EFF7BF
:10CF000052FC200010BD00000A4B10B5083303602E
:10CF10000023040002690C30D360426893614268C8
:10CF2000136242689362FFF73CFF2000FEF79EFC0D
:10CF3000200010BD2C5F040810B50400FFF7E4FFCB
:10CF40002000EFF730FC200010BD000010B50400F9
:10CF5000054B083303601030FFF723FF2000EFF785
:10CF600055FF200010BDC046FC5D040810B504004C
:10CF7000FFF7ECFF2000EFF716FC200010BD0000CB
:10CF8000002210B50400064B0833036003690C301F
:10CF9000DA60FFF706FF2000FEF734FE200010BD28
:10CFA000585E040810B50400FFF7EAFF2000EFF711
:10CFB000FAFB200010BD000010B50400054B08333B
:10CFC00003600C30FFF7EDFE2000F7F72BF920008F
:10CFD00010BDC046E05D040810B50400FFF7ECFF8B
:10CFE0002000EFF7E0FB200010BD000010B50400AA
:10CFF000054B083303600830FFF7D3FE2000F7F736
:10D0000031F8200010BDC046A45E040810B504002D
:10D01000FFF7ECFF2000EFF7C6FB200010BD00007B
:10D0200010B50400054B083303600830FFF7B9FE64
:10D030002000F6F7BBFF200010BDC046E45E0408E8
:10D0400010B50400FFF7ECFF2000EFF7ACFB200069
:10D0500010BD000010B50400054B08330360083014
:10D06000FFF79FFE2000F6F7ABFF200010BDC04683
:10D07000145F040810B50400FFF7ECFF2000EFF781
:10D0800092FB200010BD00000A4B10B5083303606E
:10D090000023040002690C30D360426813624268C6
:10D0A000936242681363FFF77CFE2000FEF7B2FC38
:10D0B000200010BDC85F040810B50400FFF7E4FFAE
:10D0C0002000EFF770FB200010BD00000A4B10B5E8
:10D0D000083303600023040002690C30D360426807
:10D0E00013624268936242681363FFF75AFE20009E
:10D0F000FEF7ACFC200010BD945F040810B50400DE
:10D10000FFF7E4FF2000EFF74EFB200010BD00000A
:10D1100010B50400054B083303601030FFF741FEE3
:10D120002000F7F767F8200010BDC046185E04081D
:10D1300010B50400FFF7ECFF2000EFF734FB2000F0
:10D1400010BD10B583690400002B00D09847200063
:10D1500010BD37B5140008000D00F0F783F9631D0A
:10D16000D8772800F0F783F9A31DD8770023A360B0
:10D170006361E3612300012264331A70290001A86E
:10D18000F0F77AF9200001A90830FFF7EFFBE06023
:10D1900001A801F0B7F8290001A8F0F774F9200000
:10D1A00001A91430FFF7E2FBA06101A801F0AAF881
:10D1B000290001A8F0F76EF9200001A91C30FFF743
:10D1C000D5FB206201A801F09DF837BD37B50800F6
:10D1D00014000D00F7F7CEFA60622800F7F7CFFAD7
:10D1E00000230122A3606361E3612533FF33A06262
:10D1F0002900E25401A8F7F7C7FA200001A9083076
:10D20000FFF7B4FBE06001A801F07CF8290001A859
:10D21000F7F7C1FA200001A91430FFF7BDFBA061A8
:10D2200001A801F023FC290001A8F7F7BBFA2000B0
:10D2300001A91C30FFF7B0FB206201A801F016FC29
:10D2400037BD07B5080011001A00059B0093049B29
:10D25000F0F79AFA0EBD07B5080011001A00059BF9
:10D260000093049BF7F702FC0EBD37B508001400CD
:10D270000D00F0F70BF860742800F0F70CF8A074BC
:10D280002800F0F729F80023A3606361E36163627B
:10D29000230001224333E06229001A7001A8EFF74E
:10D2A000FFFF200001A90830FFF760FBE06001A844
:10D2B00001F028F8290001A8EFF7F9FF200001A9E3
:10D2C0001430FFF753FBA06101A801F01BF82900FF
:10D2D00001A8EFF7F3FF200001A91C30FFF746FB80
:10D2E000206201A801F00EF8290001A8EFF7EDFF78
:10D2F000200001A92430FFF739FBA06201A801F04A
:10D3000001F82800EFF7EDFF20632800EFF7FCFF9E
:10D31000606337BD37B5080014000D00EFF754FF08
:10D3200060742800EFF755FFA0742800EFF772FF34
:10D330000023A3606361E36163622300012243333E
:10D34000E06229001A7001A8EFF748FF200001A948
:10D350000830FFF70BFBE06001A800F0D3FF2900C5
:10D3600001A8EFF742FF200001A91430FFF7FEFAF1
:10D37000A06101A800F0C6FF290001A8EFF73CFF5B
:10D38000200001A91C30FFF7F1FA206201A800F08B
:10D39000B9FF290001A8EFF736FF200001A92430CA
:10D3A000FFF7E4FAA06201A800F0ACFF2800EFF755
:10D3B00036FF20632800EFF745FF606337BD37B5C0
:10D3C000080014000D00F7F7EBF860612800F7F78C
:10D3D000ECF8A0612800F7F709F90023A360E361E6
:10D3E0006362E362230001226C33606329001A70D8
:10D3F00001A8F7F7DFF8200001A90830FFF7B6FA17
:10D40000E06001A800F07EFF290001A8F7F7D9F835
:10D41000200001A91C30FFF7BFFA206201A801F02B
:10D4200025FB290001A8F7F7D3F8200001A9243033
:10D43000FFF7B2FAA06201A801F018FB290001A8C9
:10D44000F7F7CDF8200001A92C30FFF7A5FA2063EB
:10D4500001A801F00BFB2800F7F7CDF8A063280026
:10D46000F7F7DCF8E06337BD37B5080014000D00AE
:10D47000F7F734F860612800F7F735F8A061280065
:10D48000F7F752F80023A360E3616362E3622300CD
:10D4900001226C33606329001A7001A8F7F728F89D
:10D4A000200001A90830FFF761FAE06001A800F050
:10D4B00029FF290001A8F7F722F8200001A91C3054
:10D4C000FFF76AFA206201A801F0D0FA290001A84A
:10D4D000F7F71CF8200001A92430FFF75DFAA062DD
:10D4E00001A801F0C3FA290001A8F7F716F82000F7
:10D4F00001A92C30FFF750FA206301A801F0B6FA19
:10D500002800F7F716F8A0632800F7F725F8E0637E
:10D5100037BD13B50C0001A811001A006B4601F0CD
:10D52000A3F9049A01A92000F0F70AF9040001A860
:10D5300000F0E8FE200016BD13B50C0001A8110094
:10D540001A006B4601F090F9049A01A92000F7F740
:10D5500069FA040001A800F0D5FE200016BD10B540
:10D5600008001100F0F7FDF810BD10B5080011001B
:10D57000F7F769FA10BD10B50800F0F742F810BDD2
:10D5800010B50800F7F7AFF910BD82B070B586B0DE
:10D590000B9329236B441100DA7F0400109D0F9830
:10D5A000119E0DAB742A14D003D8642A22D06D2AA0
:10D5B00038D0772A2AD0792AFBD16A46029004967D
:10D5C000039521CB21C220000B9A0C9BF0F78EF81B
:10D5D0000AE06A4602900496039521CB21C22000FE
:10D5E0000B9A0C9BF0F712F8200006B070BC08BC38
:10D5F00002B018476A4602900496039521CB21C2D7
:10D6000020000B9A0C9BF0F71DF8EDE76A4602909C
:10D610000496039521CB21C220000B9A0C9BF0F7B6
:10D620002DF8E1E76A4602900496039521CB21C2CA
:10D6300020000B9A0C9BF0F73DF8D5E782B070B54F
:10D6400086B00B9329236B441100DA7F0400109DF0
:10D650000F98119E0DAB742A14D003D8642A22D0DF
:10D660006D2A38D0772A2AD0792AFBD16A460290CF
:10D670000496039521CB21C220000B9A0C9BF7F74F
:10D68000A7F90AE06A4602900496039521CB21C2CD
:10D6900020000B9A0C9BF7F72BF9200006B070BC0A
:10D6A00008BC02B018476A4602900496039521CB45
:10D6B00021C220000B9A0C9BF7F736F9EDE76A467A
:10D6C00002900496039521CB21C220000B9A0C9B5B
:10D6D000F7F746F9E1E76A4602900496039521CBF5
:10D6E00021C220000B9A0C9BF7F756F9D5E70000F2
:10D6F000F8B502230C005B42D84AD9490500FCF773
:10D700000BFC061E02D004682000F8BDD54B9C42DD
:10D7100027D16820EFF74BF8D34B070003600300D5
:10D72000643346608660C660067446618661C66181
:10D73000066286841E701420EFF739F80400320068
:10D740003900EFF77FFE6B68E56001336B60C74B14
:10D750002761083323603A002900002004F059FDB6
:10D76000D2E7C34B9C420ED11020EFF720F8040003
:10D770003100EFF7FBFF6B68E56001336B60BD4B79
:10D7800008332360C0E7BC4B9C420AD10C20EFF762
:10D790000EF86B68040001336B6046608560B74B20
:10D7A000EEE7B74B9C420AD10C20EFF700F86B680C
:10D7B000040001336B6046608560B24BE0E7B24B1A
:10D7C0009C420AD10C20EEF7F2FF6B680400013393
:10D7D0006B6046608560AD4BD2E7AD4B9C422DD16E
:10D7E0004420EEF7E4FFAB4B070003600300433334
:10D7F00046608660C66006744674867446618661BB
:10D80000C661066246628662C662066346631E7031
:10D810001420EEF7CCFF040032003900EFF726FDAC
:10D820006B68E56001336B609B4B276108332360B5
:10D830003A002900002004F07CFD65E7974B9C42EC
:10D840002DD14420EEF7B3FF954B07000360030092
:10D85000433346608660C6600674467486744661CB
:10D860008661C661066246628662C6620663466378
:10D870001E701420EEF79BFF040032003900EFF712
:10D8800093FC6B68E56001336B60864B276108335E
:10D8900023603A002900002004F0A2FD34E7824B07
:10D8A0009C420CD11420EEF782FF04003100EFF708
:10D8B00039FF6B68256101336B607C4B60E77C4B03
:10D8C0009C422AD194204000EEF771FF794B00274B
:10D8D000036092235B00060047608760C76007749F
:10D8E00047618761C761076247628762C754142036
:10D8F000EEF75DFF04003A003100F6F72BFF6B688E
:10D90000E56001336B606C4B2661083323603200A5
:10D910002900002004F0BCFCF6E6684B9C420CD1C8
:10D920001020EEF744FF04000021F7F791F86B6830
:10D93000E56001336B60624B22E7624B9C420BD186
:10D940000C20EEF734FF002343606B6804000133C2
:10D950006B6085605C4B13E75C4B9C420BD10C20E9
:10D96000EEF725FF002343606B68040001336B6012
:10D970008560574B04E7574B9C420BD10C20EEF7C8
:10D9800016FF002343606B68040001336B60856001
:10D99000514BF5E6514B9C422ED17020EEF707FF1C
:10D9A0004F4B0027036003006C330600476087601D
:10D9B000C760077447618761C76107624762876212
:10D9C000C762076347638763C7631F701420EEF75E
:10D9D000EEFE04003A003100F6F7D2FD6B68E56018
:10D9E00001336B603F4B266108332360320029000E
:10D9F000002004F04CFD87E63B4B9C427AD170201E
:10DA0000EEF7D5FE394B0027036003006C330600A8
:10DA100047608760C760077447618761C7610762B5
:10DA200047628762C762076347638763C7631F7084
:10DA30001420EEF7BCFE04003A003100F6F73EFD7C
:10DA40006B68E56001336B60294B26610833236006
:10DA500032002900002004F071FD55E60858040842
:10DA6000804F040894780120803F0408345E040845
:10DA700078780120C45D0408807801207C5E040869
:10DA80009C780120CC5E040898780120FC5E040894
:10DA9000A0780120703F0408605F0408A47801208A
:10DAA000603F04082C5F04087C780120FC5D0408BA
:10DAB000F47801208C490408585E0408D8780120C5
:10DAC000E05D0408E0780120A45E0408FC780120F1
:10DAD000E45E0408F8780120145F0408007901204E
:10DAE0007C490408C85F0408047901206C490408D3
:10DAF000945F0408094B9C420CD11420EEF757FEAA
:10DB000004000021F6F780FF6B68256101336B602C
:10DB1000034B35E60348EEF762FEC046DC78012091
:10DB2000185E04082B58040813B58B690400002BF9
:10DB300002D10548EEF753FE4A6801AB096800F0D0
:10DB400093FE200016BDC0461058040810B504000E
:10DB500000208AB00093C968130003AA099005F059
:10DB600025F903A92000FFF7DFFF03A8FFF7E9FA73
:10DB700020000AB010BD30B5040000208DB00B901D
:10DB80001198006805000C3D2D68029010980093D4
:10DB9000019003951300096905AA002005F08AF990
:10DBA00005A92000FFF7C0FF05A8FFF7CAFA20006B
:10DBB0000DB030BD82B0F0B58BB0119313AB1B78B4
:10DBC0000400079315AB1F78189B1600002B19D083
:10DBD00009AD19002800FFF7A7FF149B200001934F
:10DBE000079B039500930297119A129B3100EFF760
:10DBF000FAFB280000F086FB20000BB0F0BC08BC4C
:10DC000002B01847169A179B04920593149B02972B
:10DC10000193079B119A00933100129BEFF7C5FB0C
:10DC2000EAE7F0B599B00CAC63609C4620AB099272
:10DC30000C921A78002311AFBB610F9306930FABC0
:10DC40000593219B089104930392079701AB1EAAA9
:10DC5000060003CA03C36346089A00930AAD099BF2
:10DC600092680021280005F0B2F8230006CD06C313
:10DC70000F9B002B13D1390010A8FFF755FF2398F5
:10DC800010A900F0ADFA10A800F03CFB33003800FA
:10DC900006CC06C3FFF755FA300019B0F0BD229A42
:10DCA0001360F3E770B5836904000D00002B00D00A
:10DCB00098472900200000F087FD2B6820000C3BCE
:10DCC0001B686360014BA36170BDC0465DC902085B
:10DCD000F0B595B00B931AAB1B780DAC09931CAB48
:10DCE0001F78002305000E0020001D990A9213934F
:10DCF000FFF7D8FF00220023049205931B9BB26814
:10DD00000293099B002101930B9B2800009306942A
:10DD10000A9B039704F08EFF2000FFF712FA2800F9
:10DD200015B0F0BD13B5140001A81A00049BEFF75D
:10DD300032FD01A92000FFF7B5FF01A800F0E2FACB
:10DD400013BDF0B50E001F00150087B004AC03AB87
:10DD50000F9A0E99200000F087FD0D9B3A0000936A
:10DD600031000C9B05A80194EFF7EFFC05A92800F2
:10DD7000FFF798FF05A800F0C5FA200000F0C2FAEE
:10DD800007B0F0BD82B0F0B58BB0040018981193C5
:10DD900015AB944611AD1B78169A002814D0039247
:10DDA0006A46059017980293049013AB41CB41C289
:10DDB0006146119A6B682000EFF7B9FA20000BB0AA
:10DDC000F0BC08BC02B0184703926A46114809AF7C
:10DDD0000990179802930490059713AB03CB03C2E5
:10DDE00006AE6B68119A30006146EFF7BFFA0CCEB1
:10DDF0000CC5179B1B68002B03D139001998FFF73E
:10DE000051FF220011AB03CB03C2380000F07AFAB5
:10DE1000D4E7C0465488012013B58B690400002B59
:10DE200002D10548EEF7DBFC4A6801AB096801F056
:10DE3000AAF8200016BDC0461058040810B504000A
:10DE400000208AB00093C968130003AA099005F066
:10DE500025F903A92000FFF7DFFF03A8FFF771F9F9
:10DE600020000AB010BD30B5040000208DB00B902A
:10DE70001198006805000C3D2D68029010980093E1
:10DE8000019003951300096905AA002005F087F9A0
:10DE900005A92000FFF7C0FF05A8FFF752F92000F1
:10DEA0000DB030BD82B0F0B589B00F9311AB1F78C3
:10DEB000169B04001600002B19D007AD190028008E
:10DEC000FFF7AAFF139B20000293129B0395019377
:10DED00000970F9A109B3100F6F70CFC280000F019
:10DEE000C5FD200009B0F0BC08BC02B01847149A68
:10DEF000159B04920593139B00970293129B0F9A14
:10DF000001933100109BF6F7DAFBEAE7F0B599B020
:10DF10000CAC63609C4620AB09920C921A780023EB
:10DF200011AFBB610F9306930FAB0593219B089133
:10DF300004930392079701AB1EAA060003CA03C30A
:10DF40006346089A00930AAD099B92680021280055
:10DF500005F0B5F8230006CD06C30F9B002B13D1A7
:10DF6000390010A8FFF758FF239810A900F0FCFC17
:10DF700010A800F07BFD3300380006CC06C3FFF785
:10DF8000E0F8300019B0F0BD229A1360F3E700000A
:10DF900070B5836904000D00002B00D0984729005C
:10DFA000200000F09EFF2B6820000C3B1B68636084
:10DFB000014BA36170BDC04665C90208F0B593B0BE
:10DFC000099318AB1F7800230BAC05000E0020004E
:10DFD0001B9908921193FFF7DBFF002200230492A4
:10DFE00005931A9BB2680393199B00210293099B26
:10DFF000280000930694089B019704F095FF2000E9
:10E00000FFF79FF8280013B0F0BD13B5140001A866
:10E010001A00049BF6F731FD01A92000FFF7B8FFB5
:10E0200001A800F023FD13BDF0B50E001F00150080
:10E0300087B004AC03AB0F9A0E99200000F0A3FF49
:10E040000D9B3A00009331000C9B05A80194F6F754
:10E05000EEFC05A92800FFF79BFF05A800F006FDD0
:10E06000200000F003FD07B0F0BD000082B0F0B565
:10E070008BB004001898119315AB944611AD1B7822
:10E08000169A002814D003926A46059017980293B6
:10E09000049013AB41CB41C26146119A6B682000DA
:10E0A000F6F7CFFA20000BB0F0BC08BC02B018475E
:10E0B00003926A46114809AF099017980293049099
:10E0C000059713AB03CB03C206AE6B68119A300001
:10E0D0006146F6F7D5FA0CCE0CC5179B1B68002BD2
:10E0E00003D139001998FFF753FF220011AB03CB7E
:10E0F00003C2380000F0BAFCD4E7C04664880120AF
:10E10000036810B50C3B1B6814008B4204D20A0054
:10E1100002482100EEF76AFB080010BD60460408C3
:10E1200010B5064C091904680C3C2068091A914284
:10E1300002D21800EEF756FB10BDC046FCFFFF3FB1
:10E14000036801208B4206D81A000C3A10681B188D
:10E150008B4289414842704710B5012A02D10B78A1
:10E16000037010BD002AFCD009F09CFAF9E710B545
:10E17000012A02D10B78037010BD002AFCD009F0EF
:10E180009AFAF9E70B0010B51100012B01D10270CA
:10E1900010BD002BFCD01A0009F0A0FAF8E710B56A
:10E1A000521AFFF7D9FF10BDF8B504000F00160092
:10E1B00019000A4A1D00FFF7A3FF21680B000C3B62
:10E1C0001C68641BB44200D93400002C04D04919E7
:10E1D00022003800FFF7C0FF2000F8BD4D460408BC
:10E1E000036830B51A000C3A9468002C01DA002458
:10E1F00094600A6814000C3CA568002D01DA002523
:10E20000A56002600B6030BD036810B518000C38C3
:10E2100004681000A04204D21A5C8A4203D1013083
:10E22000F8E70120404210BD044B984204D000237F
:10E2300001608360401803737047C046488801201E
:10E24000134A70B50400904202D91248EEF7CAFA98
:10E25000884203D94B00984200D21C0023002000C2
:10E2600080251D330D306D01AB420AD98C4208D98F
:10E270001B0564191B0DE41A944200D9044C2000BC
:10E280000D30EEF794FA00234460836070BDC04601
:10E29000FCFFFF3F26600408F8B504000F000A4D9C
:10E2A00000280ED00021FFF7CBFF050006000C353B
:10E2B000210028003A00FFF765FF21003000FFF73A
:10E2C000B3FF2800F8BDC0465488012010B50400F3
:10E2D000080011001A00FFF7DFFF2060200010BDCA
:10E2E00010B5EEF760FA10BD054B10B5984206D098
:10E2F00083685A1E8260002B01DCFFF7F1FF10BD1E
:10E300004888012013B50400006801A90C38FFF704
:10E31000EBFF200016BD000013B5040000680C38A8
:10E320008368002B05DD01A9FFF7DEFF034B2360A7
:10E3300013BD0021FFF778FFFAE7C046548801209B
:10E34000F0B50700006887B00193030015000C3B8F
:10E35000019A1E68521B92190C00761A5968029293
:10E36000761B8A4202D89B68002B23DD05AA0298FF
:10E37000FFF766FF0390002C05D003982200396850
:10E380000C30FFF7E9FE002E0BD020003B68291966
:10E390005918019B0C30C018039B32001818FFF766
:10E3A000DBFE386805A90C38FFF79EFF039B0C3392
:10E3B0003B6001E0002E06D1386802990C38FFF767
:10E3C00033FF07B0F0BD019BAB42F5D029191C19F2
:10E3D000411832000019FFF7CAFEEDE703680A4A48
:10E3E0000C3B10B5040093420CD09B68002B04DD5D
:10E3F00000231A001900FFF7A3FF012223685242ED
:10E400000C3B9A6010BDC04648880120036810B5D7
:10E410000C3B9B68002B01DBFFF7E0FF10BD10B544
:10E420000400FFF7F3FF206810BD000070B5040082
:10E430001500094A0E00FFF763FE236801000C3B3C
:10E440001A68921BAA4200D92A0020000023FFF775
:10E4500077FF200070BDC046CD460408F7B51D000B
:10E46000170004000E0008AB1B782A000193390046
:10E47000094BFFF755FE2B003A0031002000FFF753
:10E480005FFF002D05D02368019A98192900FFF736
:10E4900079FE2000FEBDC046B046040813B50468EE
:10E4A00000920C3C0B0022680021FFF7D7FF16BD3D
:10E4B00073B51500064A1E000400FFF721FE009602
:10E4C00001002B0000222000FFF7C8FF76BDC046E8
:10E4D000F646040837B5050003680092CC1A0022FE
:10E4E00001232100FFF7BAFF2868012203005242EE
:10E4F0000C3B00199A603EBD70B51E00049B0400E1
:10E500000D00FFF71DFF049B002B05D02368049A24
:10E5100058193100FFF720FE200070BD0368F0B5E8
:10E520001F0004000E0085B00C3F02933B681500ED
:10E5300003930399164BFFF7F3FD31002000FFF71B
:10E54000FFFD002802D1BB68002B0ADD20000095EA
:10E550003300039A0021FFF7CFFF0400200005B02D
:10E56000F0BD029BF31A9D420AD82A00310002989E
:10E57000FFF7F2FD206829000C38FFF755FEEDE7A4
:10E58000002BF7D02A0031000298FFF7F0FDF1E7E9
:10E590003E600408034B984202D0836801338360D5
:10E5A0000C3070474888012070B504000368D0180B
:10E5B0000A006168FFF744FE0500226806000C357A
:10E5C000002A04D0210028000C31FFF7C5FD3000DF
:10E5D0002168FFF729FE280070BD37B504000068E8
:10E5E0000C384368994202D18368002B0EDD026823
:10E5F000914200D211008A1A01A9FFF7D5FF050048
:10E60000206801A90C38FFF76FFE256037BDF8B50B
:10E610000B6804000C3B1E680F00002E1BD0036823
:10E620000C3B1A68B5185A68954202D89B68002BB3
:10E6300003DD29002000FFF7D0FF206839680300C0
:10E640000C3B1B683200C018FFF786FD20682900CC
:10E650000C38FFF7E9FD2000F8BD10B5FFF7D7FF34
:10E6600010BD0000F7B504000E00171E26D0194B90
:10E670000021FFF755FD236801930C3B1A68BD1874
:10E680005A68954202D89B68002B09DD31002000B2
:10E69000FFF756FD002813D029002000FFF79DFF4B
:10E6A0002068310003000C3B1B683A00C018FFF7DC
:10E6B00053FD206829000C38FFF7B6FD2000FEBD91
:10E6C000019B29002000F61AFFF787FF23689E1997
:10E6D000E6E7C046E1460408F8B504000E0017005E
:10E6E000002920D00A00114B0021FFF719FD2368F3
:10E6F0000C3B1A68B5185A68954202D89B68002BE3
:10E7000003DD29002000FFF768FF206831000300C7
:10E710000C3B1B683A00C018FFF734FD2068290045
:10E720000C38FFF781FD2000F8BDC046E146040823
:10E73000F8B503680F000C3B1C6816000B4B0A0071
:10E7400021000500FFF7ECFCBC4205D2391B32006A
:10E750002800FFF7C1FFF8BDBC42FCD901223900F7
:10E7600052422800FFF762FEF5E7C04653600408F6
:10E7700010B50022FFF7DCFF10BD036870B50C3B3D
:10E780001A680500541C5A680E00944202D89B680F
:10E79000002B03DD21002800FFF71FFF2B6821005D
:10E7A0001A000C3A12689E5428680C38FFF73CFD9A
:10E7B00070BD836810B5002B02DBFFF7EBFE10BDC8
:10E7C0000022FFF7F1FEFAE713B50400086801AA7A
:10E7D00069460C38FFF7EDFF2060200016BD0000F1
:10E7E000F7B504000E00884218D0002813D00B1A89
:10E7F000180000210193FFF723FD050007000C35E9
:10E80000210028003200FFF7CAFC01993800FFF709
:10E810000BFD2800FEBD0248EDF7E1FF014DF8E7D2
:10E82000FC5F04085488012070B505000C00160038
:10E8300000290BD00800D4F75DFD21183200002319
:10E840002000FFF7CDFF2860280070BD012149425C
:10E85000F4E710B50400080011001A000023FFF7C8
:10E86000BFFF2060200010BD10B50400080011009B
:10E870001A0041180023FFF7B3FF2060200010BDED
:10E88000036810B50C3B1B6814008B4204D20A00CD
:10E8900002482100EDF7AAFF080010BD60460408F9
:10E8A00010B5064C091904680C3C2068091A9142FD
:10E8B00002D21800EDF796FF10BDC046FEFFFF0F15
:10E8C000036801208B4207D81A000C3A10688000B8
:10E8D0001B188B4289414842704710B5012A02D16A
:10E8E0000B68036010BD002AFCD00CF0C9F9F9E7F1
:10E8F00010B5012A02D10B68036010BD002AFCD0BC
:10E900000CF0C3F9F9E70B0010B51100012B01D190
:10E91000026010BD002BFCD01A000CF0BBF9F8E728
:10E9200010B5521A9210FFF7D8FF10BDF8B50400C9
:10E930000E00170019000B4A1D00FFF7A1FF216808
:10E940000B000C3B1C68641BBC4200D93C00002C33
:10E9500005D0AD00491922003000FFF7BEFF2000AE
:10E96000F8BDC0464D460408036830B51A000C3A9D
:10E970009468002C01DA002494600A6814000C3CAE
:10E98000A568002D01DA0025A56002600B6030BD8E
:10E99000044B984205D00023016089008360401831
:10E9A000C36070475888012070B5134D0400A84219
:10E9B00002D91248EDF716FF884203D94B0098425E
:10E9C00000D21C00201D80000200802310325B0159
:10E9D0009A420BD98C4209D91205120D9B1A9B0839
:10E9E0001C19AC4200D9044C201D8000EDF7DFFE5D
:10E9F00000234460836070BDFEFFFF0F26600408A3
:10EA0000F8B504000F000A4D00280ED00021FFF7D2
:10EA1000CBFF050006000C35210028003A00FFF767
:10EA200072FF21003000FFF7B3FF2800F8BDC04699
:10EA30006488012010B50400080011001A00FFF7D7
:10EA4000DFFF2060200010BD10B5EDF7ACFE10BD5B
:10EA5000054B10B5984206D083685A1E8260002B81
:10EA600001DCFFF7F1FF10BD5888012013B5040049
:10EA7000006801A90C38FFF7EBFF200016BDF0B5C8
:10EA80000700006887B00193030014000C3B019A53
:10EA90001E68121B92190D00761A59680292361BD5
:10EAA0008A4202D89B68002B25DD05AA0298FFF751
:10EAB0007BFF0390002D05D003982A0039680C30A5
:10EAC000FFF70BFF002E0DD061193B688900591824
:10EAD000019B32005D19AD002800039B0C30181813
:10EAE000FFF7FBFE386805A90C38FFF7B1FF039B61
:10EAF0000C333B6001E0002E06D1386802990C38D7
:10EB0000FFF746FF07B0F0BD019BA342F5D06119A6
:10EB10005D19AD008900411832004019FFF7E8FE89
:10EB2000EBE7000003680A4A0C3B10B5040093426F
:10EB30000CD09B68002B04DD00231A001900FFF79E
:10EB40009EFF0122236852420C3B9A6010BDC046D2
:10EB500058880120036810B50C3B9B68002B01DB33
:10EB6000FFF7E0FF10BD000070B504001500094A72
:10EB70000E00FFF785FE236801000C3B1A68921B0C
:10EB8000AA4200D92A0020000023FFF778FF2000C6
:10EB900070BDC046CD460408F8B51D00170004003E
:10EBA0000E000B4B2A003900FFF77AFE2B003A00CB
:10EBB00031002000FFF763FF002D06D02368B60068
:10EBC0009819069A2900FFF79EFE2000F8BDC0465E
:10EBD000B046040813B5046800920C3C0B00226890
:10EBE0000021FFF7D9FF16BD73B51500064A1E00B8
:10EBF0000400FFF745FE009601002B0000222000D4
:10EC0000FFF7CAFF76BDC046F646040870B51E0081
:10EC1000049B05000C00FFF732FF049B002B06D07D
:10EC20002B68A4001819049A3100FFF756FE28003B
:10EC300070BD00000368F0B51F0004000E0085B031
:10EC40000C3F02933B68150003930399174BFFF7A2
:10EC500027FE31002000FFF733FE002802D1BB68F9
:10EC6000002B0ADD200000953300039A0021FFF7F6
:10EC7000CDFF0400200005B0F0BD029BF31A9B10ED
:10EC80009D420AD82A0031000298FFF726FE20682C
:10EC900029000C38FFF77CFEECE7002BF7D02A00A8
:10ECA00031000298FFF724FEF1E7C0463E600408F9
:10ECB000034B984202D08368013383600C30704765
:10ECC0005888012070B504000368D0180A006168F4
:10ECD000FFF76AFE0500226806000C35002A04D002
:10ECE000210028000C31FFF7F8FD30002168FFF704
:10ECF0004FFE280070BD37B5040000680C3843682B
:10ED0000994202D18368002B0EDD0268914200D245
:10ED100011008A1A01A9FFF7D5FF0500206801A993
:10ED20000C38FFF795FE256037BDF8B50B68040079
:10ED30000C3B1E680F00002E1CD003680C3B1A68A9
:10ED4000B5185A68954202D89B68002B03DD29004C
:10ED50002000FFF7D0FF2068396803000C3B1B68D8
:10ED600032009B00C018FFF7B8FD206829000C385E
:10ED7000FFF70EFE2000F8BD10B5FFF7D6FF10BD5F
:10ED8000F7B504000E00171E27D0194B0021FFF71E
:10ED900087FD236801930C3B1A68BD185A68954299
:10EDA00002D89B68002B09DD31002000FFF788FDA9
:10EDB000002814D029002000FFF79DFF20683100B3
:10EDC00003000C3B1B683A009B00C018FFF785FD51
:10EDD000206829000C38FFF7DBFD2000FEBD019BF9
:10EDE00029002000F61AFFF786FF23689E19E5E741
:10EDF000E1460408F8B504000E001700002921D0F0
:10EE00000A00114B0021FFF74BFD23680C3B1A68E9
:10EE1000B5185A68954202D89B68002B03DD29007B
:10EE20002000FFF768FF2068310003000C3B1B68DF
:10EE30003A009B00C018FFF766FD206829000C38D7
:10EE4000FFF7A6FD2000F8BDE1460408F8B5036809
:10EE50000F000C3B1C6816000B4B0A00210005003C
:10EE6000FFF71EFDBC4205D2391B32002800FFF718
:10EE7000C1FFF8BDBC42FCD9012239005242280032
:10EE8000FFF772FEF5E7C0465360040810B5002294
:10EE9000FFF7DCFF10BD036870B50C3B1A68060075
:10EEA000541C5A680D00944202D89B68002B03DD65
:10EEB00021003000FFF71FFF3268210010000C38DE
:10EEC00003689B009D50FFF763FD70BD836810B51C
:10EED000002B02DBFFF7ECFE10BD0022FFF7F2FE75
:10EEE000FAE713B50400086801AA69460C38FFF771
:10EEF000EDFF2060200016BDF7B504000E0088422B
:10EF000019D0002814D00B1A9B100021180001936F
:10EF1000FFF74AFD050007000C35210028003200EC
:10EF2000FFF7FEFC01993800FFF732FD2800FEBD17
:10EF30000248EDF754FC024DF8E7C046FC5F0408B8
:10EF40006488012070B505000C00160000290CD063
:10EF500008000BF00BFD8100611832000023200037
:10EF6000FFF7CAFF2860280070BD04214942F4E77A
:10EF700010B50400080011001A000023FFF7BCFFC1
:10EF80002060200010BD10B50400080011008900A9
:10EF90001A0041180023FFF7AFFF2060200010BDCA
:10EFA000080070470800704710B50400094B08338B
:10EFB00003600830FBF72AFC237B002B04D0A069F8
:10EFC000002801D0FAF7A4FF2000FBF77FFD200006
:10EFD00010BDC046AC60040810B50400FFF7E4FFA4
:10EFE0002000EDF7E0FB200010BD10B514000298E2
:10EFF000521A08F057FB200010BD10B5140018007D
:10F00000521A08F04FFB200010BD000010B504009C
:10F01000064B083303600830FBF7F8FB044B200075
:10F020002360FBF753FD200010BDC046DC600408E0
:10F030006047040810B50400FFF7E8FF2000EDF773
:10F04000B2FB200010BD8023F0B505000024C1B044
:10F050005B006A46A45401349C42FAD12E002B680E
:10F060001D36DF6940AA330069462800B8470123EE
:10F0700022002B773100684608F005FB002801D0FC
:10F0800002232B7741B0F0BD4B1E9941074B10B5C1
:10F090000833416003600400FBF736FD0023A060E5
:10F0A0002373200000F08AF9200010BDDC60040802
:10F0B00070B50400581E83416360124B002023602A
:10F0C0000B005D1EAB415B421A4022732061606100
:10F0D000814200D10C4920008022A1615200002110
:10F0E0001D3008F0FBFA2000002580221E30257715
:10F0F00029005200FF3008F0F1FA044B2000E554DB
:10F1000070BDC046B4600408657404081D020000A8
:10F1100083695B5C9B0701D52039C9B20800704741
:10F1200070B506000C001500AC4207D23368217898
:10F130009B683000984720700134F5E7280070BDC7
:10F1400083695B5CDB0701D52031C9B208007047D9
:10F1500070B506000C001500AC4207D23368217868
:10F160001B693000984720700134F5E7280070BD16
:10F1700010B5082924D014D8032927D009D801298B
:10F1800022D01748022909D04420084024D015482D
:10F1900004E004291CD014480729F5D10BF05AFDCE
:10F1A0001DE020290ED005D8102913D00F481729AB
:10F1B000F4D0E9E74429EAD09729E5D10C48EDE7F6
:10F1C0000C48EBE70C48E9E70C48E7E70C48E5E7B3
:10F1D0000C48E3E70C48E1E768239943EED110BD02
:10F1E00034610408466104084D6104085361040851
:10F1F000226104081C610408286104082E610408C7
:10F200003A610408476104084061040810B5080029
:10F210000AF0CAFB10BD70B50C001500AC4204D258
:10F2200020680AF0C1FB01C4F8E7280070BD10B5E2
:10F2300008000AF0AAFB10BD70B50C001500AC4226
:10F2400004D220680AF0A1FB01C4F8E7280070BDD1
:10F25000F7B506000F00002403250192922332190E
:10F26000DB00D3181B783B4204D10134082CF5D1C4
:10F2700000200BE02B0094216343C9005B18D15898
:10F28000019808F04FF80028EFD00120FEBDF7B537
:10F290000D001F0000900192019B9D4219D2002495
:10F2A00026009422A300D2009B18009A2868D15807
:10F2B00008F038F8002805D09223009ADB00E31804
:10F2C000D35C1E430134082CEBD13E70043501376A
:10F2D000E2E70198FEBDF8B505000E001F0014001E
:10F2E000BC4209D22B6822689B68310028009847ED
:10F2F000002801D10434F3E72000F8BDF8B505007B
:10F300000E001F001400BC4209D22B6822689B68C3
:10F31000310028009847002801D00434F3E720008A
:10F32000F8BD243189000858704710B5914206D2C3
:10F330000C7801312434A400245810C3F6E71000DF
:10F3400010BD10B50300140008007F2906D81A7BF1
:10F35000002A03D05B185C7B200010BD0BF0B0FBD3
:10F36000431CF9D0C4B2F7E7F7B50193037B07005C
:10F370000C001600089D002B11D0B4421CD220684E
:10F380007F2805D83818437B2B7004340135F4E707
:10F390000BF096FB019B421CF6D0C3B2F4E7B442DB
:10F3A0000AD220680BF08CFB019B421C00D0C3B238
:10F3B0002B7004340135F2E73000FEBDF8B50400CF
:10F3C000002528000BF07CFB431C29D06319013574
:10F3D0005873802DF5D10123260080270025237343
:10F3E00090367F00280007F085FD013501C6BD423B
:10F3F000F8D10025012739009223A9406619DB00C6
:10F40000F318C9B219702000FFF7B2FE032394224B
:10F410006B43D2009B180135F050082DEBD1F8BD9D
:10F420000023D9E78368587C70478368987C7047CD
:10F430008368D86A704737B58368FF251B6B1A004D
:10F44000180A28402A40040222431000190C2940BF
:10F4500009041B0E1B06084318433EBD37B58368DD
:10F46000FF255B6B1A00180A28402A400402224339
:10F470001000190C294009041B0E1B0608431843F1
:10F480003EBD8368587C70478368987C704783686A
:10F49000D86A704737B58368FF251B6B1A00180AB6
:10F4A00028402A40040222431000190C2940090474
:10F4B0001B0E1B06084318433EBD37B58368FF2566
:10F4C0005B6B1A00180A28402A40040222431000ED
:10F4D000190C294009041B0E1B06084318433EBDA6
:10F4E00083680533D87F704783680633D87F7047B9
:10F4F0000020704700207047704710B50020192485
:10F50000914204D2E0410B7801311818F8E710BDA0
:10F5100010B50400024B0360FBF7D8FA200010BDC1
:10F520002862040810B50400FFF7F2FF2000EDF791
:10F530003AF9200010BD000010B50400024B036032
:10F54000FBF7C4FA200010BD4062040810B50400A7
:10F55000FFF7F2FF2000EDF726F9200010BD0000B4
:10F5600010B50400024B0360FBF7B0FA200010BD99
:10F570005862040810B50400FFF7F2FF2000EDF711
:10F5800012F9200010BD000010B50400044B036008
:10F590000830FBF73BF92000FBF798FA200010BD7C
:10F5A0000C62040810B50400FFF7EEFF2000EDF731
:10F5B000FAF8200010BD000010B50400044B0360F1
:10F5C0000830FBF723F92000FBF780FA200010BD7C
:10F5D0006461040810B50400FFF7EEFF2000EDF7AA
:10F5E000E2F8200010BD0000F7B507001648FBF751
:10F5F000FDFA3A688300D6680190F6183568002D48
:10F600001FD14420EDF7D3F8104B04000360030032
:10F61000433345608560C5600574457485744561F4
:10F620008561C561056245628562C56205634563A2
:10F6300039001D70EEF7F6F9019A21003868FBF7E2
:10F6400095FB3068FEBDC046A8880120703F0408C5
:10F65000F7B507001648FBF7C9FA3A688300D66881
:10F660000190F6183568002D1FD14420EDF79FF862
:10F67000104B040003600300433345608560C560A0
:10F6800005744574857445618561C561056245628F
:10F690008562C5620563456339001D70EEF792FA15
:10F6A000019A21003868FBF761FB3068FEBDC04657
:10F6B000AC880120603F040873B504000D001600FB
:10F6C000002904D1002A02D00C48EDF788F8731BFA
:10F6D00001930F2B07D9002201A92000F3F75EFF49
:10F6E000019B2060A360320029002068F3F7E3FF4C
:10F6F0000021019B22686360D15473BD2445040836
:10F70000F0B51C008FB004AB019002A80293FFF784
:10F71000D3FF0AAB149A210008A80893FFF7CCFF87
:10F72000029E039B089DF3180093099BEF182A0083
:10F730003100019806F050F9041E0ED13000D3F7C5
:10F74000D9FD36182800D3F7D5FD009B2D18B342FC
:10F750000CD17D1B6C1EA5416C4208A8F3F73AFF43
:10F7600002A8F3F737FF20000FB0F0BDAF4202D080
:10F7700001360135DBE70124EFE7F0B51C0003009B
:10F78000083317000360002389B04360037222002E
:10F7900004AB00910500390002A80293E41BFFF7B7
:10F7A0008BFF029E039B6400F31820000193FAF77D
:10F7B00023FC0700230032003900009806F016F9F8
:10F7C00084420DD8441C3800FAF7A2FB2000FAF757
:10F7D00013FC2300070001003200009806F006F930
:10F7E000020039002800F4F71DFA3000D3F782FD3B
:10F7F000019B3618B34205D0002128000136F4F7EA
:10F8000051F8D7E73800FAF783FB02A8F3F7E2FED6
:10F81000280009B0F0BD0300083370B504000D1EC8
:10F82000036009D00800D3F765FD2A1829002000DD
:10F83000FFF742FF200070BD01225242F6E710B5EB
:10F8400004008B689968FFF7E6FF200010BD10B533
:10F8500004008B685969FFF7DEFF200010BD10B56A
:10F8600004008B68D969FFF7D6FF200010BD10B5E2
:10F8700004008B68596AFFF7CEFF200010BD10B559
:10F8800004008B689968FFF7C6FF200010BD10B513
:10F8900004008B685969FFF7BEFF200010BD10B54A
:10F8A00004008B68D969FFF7B6FF200010BD10B5C2
:10F8B00004008B68596AFFF7AEFF200010BD10B539
:10F8C00004008B689968FFF7A6FF200010BD10B5F3
:10F8D00004008B685969FFF79EFF200010BD10B52A
:10F8E00004008B68D969FFF796FF200010BD000067
:10F8F000531E9A4110B5426000220400034B816000
:10F900000360110006F0F6F8200010BDD86104086D
:10F9100010B503689B68984710BD10B50368DB6895
:10F92000984710BD10B504000B681B69984720006C
:10F9300010BD10B504000B685B699847200010BD2E
:10F9400010B504000B689B699847200010BD10B5E6
:10F9500004000B68DB699847200010BD10B50368F0
:10F960001B6A984710BD036813B55B6A9847FF246C
:10F970000300010A020C2140234009022240120424
:10F980000B43000E13430006184316BD036813B55E
:10F990009B6A9847FF240300010A020C2140234080
:10F9A0000902224012040B43000E134300061843C1
:10F9B00016BD0000531E9A4110B54260002204009B
:10F9C000034B81600360110006F03CF8200010BD7D
:10F9D000A461040810B503689B68984710BD10B572
:10F9E0000368DB68984710BD10B504000B681B69FD
:10F9F0009847200010BD10B504000B685B6998475C
:10FA0000200010BD10B504000B689B6998472000CA
:10FA100010BD10B504000B68DB699847200010BDCD
:10FA200010B503681B6A984710BD036813B55B6A7D
:10FA30009847FF240300010A020C214023400902D9
:10FA4000224012040B43000E13430006184316BD58
:10FA5000036813B59B6A9847FF240300010A020C50
:10FA6000214023400902224012040B43000E13439D
:10FA70000006184316BDF0B58BB0040009931800BA
:10FA800012AB089216001A78159D02926A460595E7
:10FA9000149D0B680495139D0793039510AD88CDB5
:10FAA00088C2079B32009D6803002000A847200001
:10FAB0000BB0F0BDF0B58BB004000993180012AB89
:10FAC000089216001A78159D02926A460595149DB3
:10FAD0000B680495139D0793039510AD88CD88C2DC
:10FAE000079B3200DD6803002000A84720000BB010
:10FAF000F0BDF0B50400160018008BB0099310ABF0
:10FB00001F7812AB1D780B6808920793149A159B07
:10FB100004920593119B02950193079B00979D68A2
:10FB2000320003002000A84720000BB0F0BDF0B564
:10FB300004001600180087B005930CAB04921A78E5
:10FB40000EAB1D780F9F02950D9D0B6800920397D9
:10FB50000195DD68320003002000A847200007B0AF
:10FB6000F0BD0000531E9A4110B50400044B4260E2
:10FB700003608160002106F03DF9200010BDC04601
:10FB80008061040810B503689B68984710BD10B5E4
:10FB90000368DB68984710BD10B504000B681B694B
:10FBA0009847200010BD10B504000B685B699847AA
:10FBB000200010BD10B504000B689B699847200019
:10FBC00010BD10B503689B68984710BDF0B58BB0A9
:10FBD00008921600149A04000492139A18000392D3
:10FBE000129A099302926A460B6810AD079388CD6A
:10FBF00088C2079B3200DD6803002000A847200070
:10FC00000BB0F0BDF0B58BB008921600149A04004A
:10FC10000492139A18000392129A099302926A4668
:10FC20000B6810AD079388CD88C2079B32001D6911
:10FC300003002000A84720000BB0F0BDF0B58BB04A
:10FC400008921600149A04000492139A1800039262
:10FC5000129A099302926A460B6810AD079388CDF9
:10FC600088C2079B32005D6903002000A84720007E
:10FC70000BB0F0BDF0B58BB008921600149A0400DA
:10FC80000492139A18000392129A099302926A46F8
:10FC90000B6810AD079388CD88C2079B32009D6921
:10FCA00003002000A84720000BB0F0BDF0B58BB0DA
:10FCB00008921600149A04000492139A18000392F2
:10FCC000129A099302926A460B6810AD079388CD89
:10FCD00088C2079B3200DD6903002000A84720008E
:10FCE0000BB0F0BD4B1E9941044B10B54160036051
:10FCF0000400FAF709FFA060200010BD0C620408A0
:10FD000010B503689B68984710BD37B50400079D80
:10FD100008680195069D0095C5682000A847200049
:10FD20003EBD10B503681B69984710BD4B1E994135
:10FD3000044B10B5416003600400FAF7E5FEA060D3
:10FD4000200010BD6461040837B5069D0468009565
:10FD5000A468A0473EBD70B504000868C5682000CF
:10FD6000A847200070BDF0B59DB00B9322AB0A925E
:10FD700004CB089014001B786C3420000392049389
:10FD8000249EEDF711FD07002000FFF72DFC030076
:10FD9000356838331A78297804007368914211D095
:10FDA000026B0D92C2690592026A02922E00042231
:10FDB000EB18B34211D93178B869415C11420CD0CB
:10FDC0000136F6E7426B0D92426A0592826A029210
:10FDD0001A00511E8A41AD18E8E7761B371E00D184
:10FDE000A9E012AB1093002310A8037271001193C5
:10FDF000F3F728FDE26AB31A002B58DD002A00DB76
:10FE00001E00E368002B4CD07100002210A8F3F70D
:10FE1000EBFDAB19A17C01930095E368A2681098F3
:10FE2000EDF7FAFF0122109B5242C11A10A8F3F716
:10FE300057FDE36A002B0ADD617C10A8F3F732FD61
:10FE4000002E36DBE26AA91910A8F3F7EBFE039B3C
:10FE50001199DA68B02313400793029B5F180023BF
:10FE6000920500D5A3690026DF1916A818AB067203
:10FE7000790016931796F3F7E5FC039B06969D68A9
:10FE8000079B102B03D1AF42B64173420693002665
:10FE90000DABF05C042822D8D0F740F970651557F7
:10FEA00060003200290010A8F3F748FEC1E71E00E9
:10FEB000BFE7230039331A78714210A8F3F778FDB1
:10FEC0003A002900C0E78022039B9200DB68099377
:10FED000134204D0A269616916A8F3F7A3FE0136A4
:10FEE000042ED5D1029B012B06D91A000599013A9F
:10FEF000013116A8F3F796FE17998D4208D9079B92
:10FF0000691A202B3ED1049A16A8F3F751FD290057
:10FF10000EAD0091169B0A990B9A2800EEF7F3F8A4
:10FF20000E9B0AAC0A932B7916A82371F3F752FBA8
:10FF300010A8F3F74FFB0023039A9360089A0AABCB
:10FF400003CB03C208981DB0F0BD029B002BC6D0A6
:10FF5000059B197816A8F3F7A5FCC0E710A916A809
:10FF6000F3F75BFEBBE7069B002B05D0E91B049A69
:10FF700016A8F3F71DFDB2E70499EBE7069B002BEB
:10FF8000ADD0F3E70A00049B002116A8F3F734FD77
:10FF9000BDE7F0B59DB00B9322AB0A9204CB08905D
:10FFA00014001B786C34200003920493249EEDF718
:10FFB000FBFB07002000FFF74BFB030035683833DD
:10FFC0001A78297804007368914211D0026B0D925F
:10FFD000C2690592026A02922E000422EB18B34213
:10FFE00011D93178B869415C11420CD00136F6E77D
:10FFF000426B0D92426A0592826A02921A00511E69
:020000040803EF
:100000008A41AD18E8E7761B371E00D1A9E012AB94
:100010001093002310A8037271001193F3F712FCE0
:10002000E26AB31A002B58DD002A00DB1E00E368E9
:10003000002B4CD07100002210A8F3F7D5FCAB19AF
:10004000A17C01930095E368A2681098EDF7E4FEA7
:100050000122109B5242C11A10A8F3F741FCE36A37
:10006000002B0ADD617C10A8F3F71CFC002E36DBA8
:10007000E26AA91910A8F3F7D5FD039B1199DA6874
:10008000B02313400793029B5F180023920500D50D
:10009000A3690026DF1916A818AB0672790016931B
:1000A0001796F3F7CFFB039B06969D68079B102BD3
:1000B00003D1AF42B6417342069300260DABF05C0C
:1000C000042822D8D0F72AF870651557600032004E
:1000D000290010A8F3F732FDC1E71E00BFE7230097
:1000E00039331A78714210A8F3F762FC3A002900FC
:1000F000C0E78022039B9200DB680993134204D07F
:10010000A269616916A8F3F78DFD0136042ED5D1D9
:10011000029B012B06D91A000599013A013116A854
:10012000F3F780FD17998D4208D9079B691A202B98
:100130003ED1049A16A8F3F73BFC29000EAD0091BE
:10014000169B0A990B9A2800EDF7DDFF0E9B0AAC6F
:100150000A932B7916A82371F3F73CFA10A8F3F74A
:1001600039FA0023039A9360089A0AAB03CB03C2BF
:1001700008981DB0F0BD029B002BC6D0059B1978D6
:1001800016A8F3F78FFBC0E710A916A8F3F745FDF3
:10019000BBE7069B002B05D0E91B049A16A8F3F7D2
:1001A00007FCB2E70499EBE7069B002BADD0F3E721
:1001B0000A00049B002116A8F3F71EFCBDE700000F
:1001C000F0B595B004AFBA611822FB6140233961E4
:1001D000B918CB181B780C243B6048231500CB18AA
:1001E0001B78F96DFB60BB186C3178611819FAF750
:1001F00078FC7B191819EDF7D7FA92B0B860FAF7C6
:1002000083FCBB6EFC6EB862029303941824002337
:100210001020304E3C1904AD0093201833004022CA
:100220002900ECF7F7FE04003F281BDD431C7B6030
:100230006B460F34E408E4001B1B9D46FAF764FC90
:10024000BB6EFC6EB8620293039400231824102046
:1002500000933C1904AD201833007A682900ECF7AC
:10026000D9FE040018221023B918CE18130030004C
:10027000CB1800222100BB62F3F7FEF9BB6A2A19F2
:100280002900B868ECF72FFF3B680296002B16D0C8
:10029000FB680193FB6D0093BA69FB693969786962
:1002A000FFF761FD3000F3F795F918220C23BA1817
:1002B000D018FAF786FCBD46786911B0F0BDFB682E
:1002C0000193FB6D0093BA69FB6939697869FFF79F
:1002D00060FEE7E7A03F040830B5040087B0049251
:1002E00005930CAA0AAB1D7812780B9B0D9801920E
:1002F00002900093049A059B2000002D04D0FFF784
:1003000032FD200007B030BDFFF743FEF9E7F0B53E
:1003100085B00090109803936C300292119FEDF716
:1003200043FA0F9B01900A25022B04D0093D042BB0
:1003300001D1FA25AD00002426000AA902A8EFF792
:100340004FF80F9B002823D09E4223D002A8EFF73E
:100350001FF82A22C1B20198ECF7E2FE3038C3B28E
:10036000092B20D80A235C43041923006B430E9AFF
:10037000934218DC0D9AEB18934214DD0A212800F1
:10038000CFF774FF050002A8EDF7B1FE0136D4E700
:100390009E4208D10C9B1C60009A02AB03CB03C2A7
:1003A000009805B0F0BD0F9B042B03D1022E01D1A4
:1003B000643CEFE704233A6813433B60ECE7F0B595
:1003C00087B000AF7860786C3A616C307B61EDF794
:1003D000EBF96A463B6C06009B000E33DB08DB0042
:1003E000D31A10229D46BB602023B918C918B8182B
:1003F000EEF7F6FF00284BD01023F818EEF7C8FFF1
:100400000024C5B2FC603B6C9C4214D0FA6BA30084
:10041000D3581978A94208D1FB68BA689B009C5050
:10042000FB680133FB600134EDE73000ECF745FE7B
:10043000A842F8D1F0E70024FB68012B58D9BD6829
:10044000FA6B08CD9B009858D2F754FF0600FB6862
:10045000BA689B00D3183B602B68FA6B9B009858D6
:10046000D2F748FF864200D906003B680435AB420C
:10047000F2D1102501347819EDF739FEB44207D2D4
:1004800020237919C9187819EEF7AAFF002810D18E
:10049000BB6C1B68FB600423FA681343BA6C1360DF
:1004A0001023BD467A68FB1803CB03C2786807B0F7
:1004B000F0BD002503E00135FB689D42BCD2BB685E
:1004C000AE009E193368FA6B9B009B581B5D3B6026
:1004D0001023F818EEF75CFF3B68C0B28342EAD005
:1004E000FB68BA68013BFB609B009B583360E3E705
:1004F000FB68012BCCD10F33F818EDF7F8FDBB6882
:10050000FA6B1B680134FB609B009D582800D2F7F2
:10051000F1FE0600B44218D210222023B918C918DF
:10052000B818EEF75DFF0028B2D010222B5DB81886
:10053000BB60EEF72DFFBB68C0B28342A8D1102389
:10054000F818EDF7D4FD0134E4E7B442A0D1BB6B59
:10055000FA681A60A4E7F0B589B000AFF860F86CEB
:10056000BA616C30FB61EDF71FF96A46BB6CB8608D
:10057000DB000833D31A18229D467B612023BA186A
:10058000D1181000EEF72CFF00283CD018230024CF
:10059000F818EEF7FDFE2600BB6CC5B25B003B61B0
:1005A0003B69A34211D07A6CA300D3581978A942B1
:1005B00005D17A69B3009C5001360134F0E7B86880
:1005C000ECF77BFDA842F8D1F3E7002E1BD01823EF
:1005D000F818EDF78CFD6A46B3003B610E33DB087B
:1005E000DB00D31A9D4600246D463B69A3422BD005
:1005F0007B697A6C1B59BB609B009858D2F77AFED6
:1006000028510434F1E70024250026001822202375
:10061000BA18D1181000EEF7E3FE002834D01823E2
:10062000F818EEF7B5FEC3B27B6000233B619E4233
:1006300021D99A00A81884460068A04206D83A69D1
:1006400001323A610133F2E70124DFE77869821869
:10065000106811007A6C800080587A68005D9042C2
:10066000F0D0013E7A69B00012582858BA600A608A
:1006700062461060DBE73B699E4205D01823F818FC
:10068000EDF735FD0134C1E7012E13D12B68A342EC
:1006900017D17B69BA6C1B68934200D39B1A3A6CE2
:1006A00013601823BD46FA68FB1803CB03C2F86831
:1006B00009B0F0BD022E04D12B68A342E9D06B68CB
:1006C000E5E73B6D1B687B6104237A6913433A6D50
:1006D000E6E70000F0B5A3B02A9C0D906C34200032
:1006E0000991129213932C9FEDF71CFB0B902000A5
:1006F000EDF75AF80A902D98D2F7FCFD00240E90E1
:10070000149412AD28A92800EEF76AFE149E002862
:1007100066D00E9B9C4263D2002E61D12D9B32008D
:100720001B1919780A980C93ECF7FAFC252800D0CD
:10073000B4E2631C0C932D9B621C995C0A983200F6
:10074000ECF7EEFC1596452801D04F2808D1A31CE4
:100750000C930C9A2D9B0A98995C0022ECF7E0FC14
:100760004138382800D9E3E112ACCFF7EBFC7C002C
:10077000AE00F5011D01E101E101E101390159017D
:10078000E101E101E1018401E101E101E101E101B6
:10079000B201B701E601E101E101E101F001F5017A
:1007A0001B02E101E101E101E101E101E1014C0094
:1007B0008C00B400CB00DF00E101E1018C00E1011D
:1007C000E101E101E1016401A401E101E101E101D3
:1007D000E101E101D701E101E101E101EB01F501F5
:1007E000002E02D10E9B9C4207D02B9B1B680993C5
:1007F0000423099A13432B9A13600D9B06CD06C35D
:100800000D9823B0F0BD0B9B9B689A6C1692DA6C26
:1008100017921A6D18925A6D19929A6D1A92DA6D92
:100820001B921B6E1C9314AB06932A9B28AA05935C
:100830000723049316AB039315AB02936B4603CACD
:1008400003C310AC139B129A200012AD0999FFF755
:10085000B6FD0CCC0CC5149B002B01D1159BBB61C4
:100860000C9C01344DE70B9B9B68DA6A16921A6B5D
:1008700017925A6B18929A6B1992DA6B1A921A6C39
:100880001B925B6CCEE716AE31000B98ECF788FE3E
:1008900014AB06932A9B039605930C23049315AB84
:1008A00002936B4628AA03CA03C310AC139B129A87
:1008B000200012AD0999FFF782FD0CCC0CC5149BEA
:1008C000002BCDD1159B3B61CAE716AE31000B98CA
:1008D000ECF744FEDCE70B9B10AD9B689B6905932E
:1008E00014AB03932A9B049702936B4628AA03CA6E
:1008F00003C32800129A63680999FFF7EBFE0CCD39
:100900000CC4ADE714AB07932A9B28AA06930223D5
:1009100005931D3304931E3B039315AB02936B4663
:1009200003CA03C3129A10AD63681EE02000EEF7FD
:100930002FFDFF2318400A9B10AD9B690F931B5C92
:100940001B071FD52000EDF7D2FB14AB07932A9BA2
:100950000922069301230593039315AB02936B467B
:10096000049228AA42CA42C30CC828000999FFF77A
:10097000CEFC0CCD0CC4149B002B00D070E7159B53
:10098000FB606DE714AB07932A9B28AA069302230A
:1009900005931D330493153B039315AB02936B46EC
:1009A00003CA03C32268BFE716AE3300C44AC54971
:1009B0000A98ECF798FB14AB03932A9B05960293D5
:1009C0006B46049728AA03CA03C310AC129A139B60
:1009D0000999200012ADFFF77DFE0CCC0CC53FE756
:1009E00014AB07932A9B10AD06930223059315338E
:1009F00004930023039315AB02936B4628AA03CA02
:100A000003C328006368129A0999FFF780FC0CCD94
:100A10000CC4149B002B00D022E7159BBB601FE782
:100A200014AB07932A9B10AD0693022305930A3358
:100A300004930B3BDEE714AB07932A9B28AA06938B
:100A4000022305930A3304930B3B039315AB0293E4
:100A50006B4603CA03C310AD6368129A2800099954
:100A6000FFF755FC0CCD0CC4149B002B00D0F7E60F
:100A7000159B013B27E714AB07932A9B28AA0693F3
:100A800002230593393304930023039315AB029398
:100A90006B4603CA03C310AD6368129A2800099914
:100AA000FFF735FC0CCD0CC4149B002B00D0D7E60F
:100AB000159B7B60D4E62000EEF76AFC0022C1B2F1
:100AC0000A98ECF72DFB0A2832D112A8EDF70FFB9C
:100AD000C6E616AE33007C4A7C4969E714AB07933F
:100AE0002A9B28AA0693022305933B3304930023F1
:100AF000039315AB02936B4603CA03C310AD63683F
:100B0000129A28000999FFF702FC0CCD0CC4149B23
:100B1000002B00D0A4E6159B3B60A1E62000EEF779
:100B200037FC0022C1B20A98ECF7FAFA0928CCD0B7
:100B30000423149A1343149392E616AE3300644AC6
:100B4000644935E70B9B10AD9B689B68C7E60B9B20
:100B500010AD9B681B69C2E614AB07932A9B28AAB9
:100B60000693042305935C4B10AD04930023039379
:100B700015AB02936B4603CA03C328006368129A3D
:100B80000999FFF7C4FB0CCD0CC4149B002B00D0BB
:100B900066E6159B514A9A18002B01DA64331A0055
:100BA0007A615DE62000EEF7F3FBFF2318400A9B15
:100BB0009B690F931B5CDB07BAD514AB06932A9B8A
:100BC00028AA05930E230493454B10AD039316AB4F
:100BD00002936B4603CA03C328000999226863681D
:100BE000FFF7EDFB2300200006CD06C328A9EEF792
:100BF000F7FB002800D133E6149B002B00D02FE632
:100C0000169B002B00D02BE62000EEF7C1FB2D2118
:100C100005000A98ECF756FAEDB2A84231D114ABB0
:100C200007932A9B00260693022316AA02926A467D
:100C3000059315330493039628A909C909C210AC7A
:100C40002000139B129A099912ADFFF760FB2A004E
:100C5000210009C909C2022305933933049316AB55
:100C600002936B4614AA07922A9A0396069228AA20
:100C700003CA03C32000109A63680999FFF747FB72
:100C8000ABE62000EEF784FB2B2104000A98ECF77A
:100C900019FAE4B2A04200D0E2E5C0E70C9B2800BC
:100CA0001E78EEF775FBC0B2864203D12800EDF73F
:100CB0001EFAD6E50423149A13431493D1E5C046D3
:100CC000913F0408883F0408973F0408913F0408B7
:100CD000A03F0408973F04080F27000094F8FFFF87
:100CE000B4010020F0B58DB0050014980AAC6C304A
:100CF00007910A926360159EEDF714F8836812AAB3
:100D00001B6903960593169B08AF0493149B0293EB
:100D10006B4603CA03C3380007990A9A6368FFF752
:100D2000D9FC2300200006CF06C312A9EEF745FB2D
:100D3000002803D002233268134333602B002800BD
:100D400006CC06C30DB0F0BDF0B58DB0050014980B
:100D50000AAC6C3007910A926360159EECF7E2FFD3
:100D6000836812AA9B6803960593169B08AF0493A9
:100D7000149B02936B4603CA03C3380007990A9A6F
:100D80006368FFF7A7FC2300200006CF06C312A963
:100D9000EEF713FB002803D00223326813433360BD
:100DA0002B00280006CC06C30DB0F0BDF0B59FB0F7
:100DB000269E0CAD6C360890300009910C926B6049
:100DC000279CECF7AFFF07003000ECF7EDFCBB68A9
:100DD0000AAE9A6C1092DA6C11921A6D12925A6DD8
:100DE00013929A6D1492DA6D15921A6E1692DA6A4F
:100DF00017921A6B18925A6B19929A6B1A92DA6BB5
:100E00001B921A6C5B6C1C921D9300230F930FAB0B
:100E10000693269B24AA05930723049310AB039300
:100E20000EAB02936B4603CA03C330000C9A6B6887
:100E30000999FFF790FB2B0006CE06C30F9B002BF2
:100E400012D1289B0E9A9A6124A92800EEF7B5FAD0
:100E5000002803D00223226813432360089B06CD99
:100E600006C308981FB0F0BD042322681343236013
:100E7000EAE7F0B5A9B0309F0CAC6C37060038003B
:100E80000C9263600991319DECF74CFF089038009B
:100E9000ECF78AFC10A90898ECF782FB1CA90898CB
:100EA000ECF75CFB00230F930FAB0693309B2EAA4D
:100EB00005930C23049310AB03930EAB02936B4684
:100EC00003CA03C30AAF0C9A636809993800FFF795
:100ED00042FB230006CF06C30F9B002B12D1329B8F
:100EE0000E9A1A612EA92000EEF767FA002803D0A7
:100EF00002232A6813432B603300300006CC06C35C
:100F000029B0F0BD04232A6813432B60EAE70000F0
:100F1000F0B591B0189F050038000CAC6C30099109
:100F20000C926360199EECF73FFC00230697039335
:100F30000F9304270EAB02936B460FAA0792184A31
:100F40000597049216AA03CA03C30AA80C9A6368F9
:100F50000999FFF7DCF923000AAA03CA03C30F9B10
:100F6000002B18D10E9B0F4A9A18002B01DA64331C
:100F70001A001A9B5A6116A92000EEF71EFA0028E3
:100F800003D002233268134333602B00280006CCC1
:100F900006C311B0F0BD33681F433760EBE7C046AE
:100FA0000F27000094F8FFFFF0B591B00CAD6B6017
:100FB0001BAB1B780790189808936C301CAB199FDB
:100FC0001E7809910C92ECF7EFFB00233B60037F46
:100FD0000400002B30D0423420780FAB1870002E64
:100FE00032D16A462021521812789E705A700593A9
:100FF0001A9B03970493189B16AA02936B4603CA85
:1010000003C30AAC099920000C9A6B68FFF762FBD6
:101010002B00280006CC06C316A9EEF7CEF900284F
:1010200003D002233A6813433B60079A0CAB03CB0F
:1010300003C2079811B0F0BDFEF705F8236825211B
:101040009B6920009847C8E76A4620215218127809
:101050005E709A700022DA70C9E70000F0B59DB0AA
:10106000249C09906C3420000D930C92259FECF782
:101070009BFB07902000FEF7B7FA030038330A9372
:1010800000230593036A0500002B04D0836A5A1ECF
:101090009341DBB2059312AB1093002310A8119378
:1010A00003722B7C002B02D02021F2F7CBFB002611
:1010B00016A818AB0672202116931796F2F7C2FBFA
:1010C0002B0039330B936B6B01960F9300960696AA
:1010D000029604960FABF05C042878D8CFF732F86C
:1010E0004501130105007F00B900249BDB680393D1
:1010F0009B0520D4029B012B1DD8002E1BD0012E56
:101100000BD1059B002B16D10FAB1A78032A12D0F6
:101110009B78012B0FD00136DCE70124022E2BD166
:101120000FABDB78042B06D0059A002A00D11EE114
:10113000032B00D01DE1AB690893002322A90CA862
:101140000393EEF74DF9039B041E089A3DD093429A
:1011500012D00CA8EEF71CF96B69039AC0B29B5C25
:10116000834236D00024039BA34205D1249B013443
:10117000DB6803935B0A9C430136042E00D0FAE03F
:10118000029B012B00D859E1002C00D1F6E0049B12
:10119000002B00D10DE16E6A012422A90CA8EEF704
:1011A0001FF9029B002800D105E1A34200D104E110
:1011B0000CA8EEF7EDF8335DC0B2834200D0DDE05D
:1011C0000CA8ECF794FF0134E7E79342CAD101245D
:1011D000D2E70CA8ECF78BFF039B0133AEE72B6A39
:1011E000002B17D1AB6A002B28D022A90CA8EEF750
:1011F000F7F8041E22D00CA8EEF7CAF86B6AC0B24A
:101200001B7883421AD1AB6A0CA80293ECF76FFFEC
:101210000494B1E722A90CA8EEF7E2F8041EE1D08D
:101220000CA8EEF7B5F8EB69C0B21B788342D9D1B0
:101230002B6A0CA80293ECF75AFF9DE72B6A012456
:10124000002B02D1059B5C4096E7AB6A002BDFD0F8
:10125000F8E722A90CA8EEF7C3F8041E51D00CA899
:10126000EEF796F80B22C3B203930CABD2186B4681
:101270001B7B0A210B981370EBF706FF002812D096
:101280000A9BC01A6F4B1B68195C16A8F2F70AFB81
:10129000009C069B013400930CA8ECF728FF009BF0
:1012A00000940693D5E76B7C039A934208D1019B87
:1012B000002B05D1EB6A002B19DD01940400EBE74C
:1012C0002B7C002B13D0AA7C03998A420ED1019B60
:1012D000002B12D1009B002B11D06B4610A819785F
:1012E000F2F7E0FA069B019C0093D5E71C00179BE0
:1012F0005A1E93415B421C403EE7019CF7E7009C6D
:10130000F5E70124F3E722A90CA8EEF769F8041E1B
:101310001BD10024032E00D132E722A90CA8EEF73E
:101320005FF8002800D127E70CA8EEF731F8FF237B
:1013300008221840079B9B6903931B5C134200D152
:101340001AE70CA8ECF7D3FEE7E70CA8EEF720F8B5
:10135000FF2308221840079B9B6903931B5C1342E1
:10136000D7D00CA8ECF7C3FED4E70124D2E70326BC
:10137000B0E60326059C002C00D0ABE604233A68B7
:1013800013433B600CAC22A92000EEF716F80028AE
:1013900003D002233A6813433B60099B16A806CC8E
:1013A00006C3F2F717F910A8F2F714F909981DB05F
:1013B000F0BDEE69F0E6A342E0D1179B012B0ED9F8
:1013C0000022302116A8F2F7DDFC021E07D0431CD4
:1013D00001D1179B5A1E002116A8F2F781FA049B2F
:1013E000002B07D016990B78302B03D02D2216A88E
:1013F000F2F714FB119B002B14D06B461978019B5C
:10140000002B01D06B46197E10A8F2F74BFA10AAF8
:10141000E968A86804F010FB002803D104233A68A7
:1014200013433B60019B002B03D0EB6A009A93426D
:10143000A4D116A92698F2F739FCA3E7002CBCD159
:101440009CE7C046B0010020F0B59DB0249C0990F7
:101450006C3420000D930C92259FECF7A5F90790B2
:101460002000FEF7F5F8030038330A9300230593B4
:10147000036A0500002B04D0836A5A1E9341DBB235
:10148000059312AB1093002310A8119303722B7CC9
:10149000002B02D02021F2F7D5F9002616A818ABB0
:1014A0000672202116931796F2F7CCF92B003933E8
:1014B0000B936B6B01960F9300960696029604961B
:1014C0000FABF05C042878D8CEF73CFE4501130141
:1014D00005007F00B900249BDB6803939B0520D4A3
:1014E000029B012B1DD8002E1BD0012E0BD1059B7A
:1014F000002B16D10FAB1A78032A12D09B78012B40
:101500000FD00136DCE70124022E2BD10FABDB78A4
:10151000042B06D0059A002A00D11EE1032B00D02F
:101520001DE1AB690893002322A90CA80393EDF7F2
:1015300057FF039B041E089A3DD0934212D00CA87B
:10154000EDF726FF6B69039AC0B29B5C834236D0ED
:101550000024039BA34205D1249B0134DB68039341
:101560005B0A9C430136042E00D0FAE0029B012B5B
:1015700000D859E1002C00D1F6E0049B002B00D1EB
:101580000DE16E6A012422A90CA8EDF729FF029B48
:10159000002800D105E1A34200D104E10CA8EDF739
:1015A000F7FE335DC0B2834200D0DDE00CA8ECF75B
:1015B0009EFD0134E7E79342CAD10124D2E70CA88B
:1015C000ECF795FD039B0133AEE72B6A002B17D197
:1015D000AB6A002B28D022A90CA8EDF701FF041E4E
:1015E00022D00CA8EDF7D4FE6B6AC0B21B78834200
:1015F0001AD1AB6A0CA80293ECF779FD0494B1E719
:1016000022A90CA8EDF7ECFE041EE1D00CA8EDF722
:10161000BFFEEB69C0B21B788342D9D12B6A0CA8FC
:101620000293ECF764FD9DE72B6A0124002B02D1A5
:10163000059B5C4096E7AB6A002BDFD0F8E722A958
:101640000CA8EDF7CDFE041E51D00CA8EDF7A0FEBE
:101650000B22C3B203930CABD2186B461B7B0A213F
:101660000B981370EBF710FD002812D00A9BC01ADC
:101670006F4B1B68195C16A8F2F714F9009C069BC7
:10168000013400930CA8ECF732FD009B0094069304
:10169000D5E76B7C039A934208D1019B002B05D1BF
:1016A000EB6A002B19DD01940400EBE72B7C002B87
:1016B00013D0AA7C03998A420ED1019B002B12D130
:1016C000009B002B11D06B4610A81978F2F7EAF8AE
:1016D000069B019C0093D5E71C00179B5A1E934163
:1016E0005B421C403EE7019CF7E7009CF5E70124C4
:1016F000F3E722A90CA8EDF773FE041E1BD100240A
:10170000032E00D132E722A90CA8EDF769FE0028CC
:1017100000D127E70CA8EDF73BFEFF230822184075
:10172000079B9B6903931B5C134200D11AE70CA82B
:10173000ECF7DDFCE7E70CA8EDF72AFEFF23082213
:101740001840079B9B6903931B5C1342D7D00CA8DE
:10175000ECF7CDFCD4E70124D2E70326B0E603265C
:10176000059C002C00D0ABE604233A6813433B6091
:101770000CAC22A92000EDF720FE002803D00223A4
:101780003A6813433B60099B16A806CC06C3F1F7E1
:1017900021FF10A8F1F71EFF09981DB0F0BDEE69FA
:1017A000F0E6A342E0D1179B012B0ED90022302195
:1017B00016A8F2F7E7FA021E07D0431C01D1179BC7
:1017C0005A1E002116A8F2F78BF8049B002B07D0B5
:1017D00016990B78302B03D02D2216A8F2F71EF99C
:1017E000119B002B14D06B461978019B002B01D064
:1017F0006B46197E10A8F2F755F810AAE968A86898
:1018000004F01AF9002803D104233A6813433B601B
:10181000019B002B03D0EB6A009A9342A4D116A936
:101820002698F2F743FAA3E7002CBCD19CE7C04608
:10183000B0010020F0B593B006000EA80C90002077
:1018400008AC63601AAB08921A780CAB18721C9F34
:1018500004931B9B8C4602930D9006AD03976B4639
:1018600082421ED018AA03CA03C36146089A63685D
:101870002800FFF7F3FB230006CD06C30C9DF9F704
:1018800043F93A001D990B900BAB2800F8F754FF71
:1018900033000CA806CC06C3F1F79CFE300013B051
:1018A000F0BD18AA03CA03C36146089A63682800FA
:1018B000FFF7CAFDDFE7F0B593B00AAD6B60060035
:1018C0001AAB1B981B786C300A9207930F00EBF74A
:1018D0006BFF0EAA0C9200220CAB1A7204931C9B95
:1018E0000D920393079A1B9B0690029308AC6B46DC
:1018F000002A23D018AA03CA03C339000A9A6B68C6
:101900002000FFF7ABFB0CCC0CC50D9C002C0BD0C2
:1019100021001D98F2F763F80C9B0C991A191D9B76
:1019200006981B68EBF7DFFB32000AAB03CB03C260
:101930000CA8F1F74FFE300013B0F0BD18AA03CA8F
:1019400003C339000A9A6B682000FFF77DFDDAE7D0
:101950000123164A1168194200D11360144A116814
:10196000194200D113600123124A1168194200D1B3
:101970001360114A1168194200D1136001230F4A04
:101980001168194200D113600D4A1168194200D143
:10199000136001230B4A1168194200D113600A4AEF
:1019A0001168194200D113607047C0468C8801202D
:1019B0008888012084880120808801207C8801207B
:1019C00078880120748801207088012010B5F1F713
:1019D00001FE10BD10B5F7F70FFF10BDF8B54C684C
:1019E0000700601C0E00F8F707FB0023050001004C
:1019F00022003000F2F740F900233D602B55200013
:101A0000F8BD0000F8B54C680C4B0600601C0D00DA
:101A100098420FD88000F8F7EFFA22000700010083
:101A200000232800F8F7B0F90022A3003760DA514C
:101A30002000F8BD01204042EDE7C046FEFFFF1F39
:101A400013B5049C0093019413000A00C1680020A0
:101A5000FBF7F7FB16BDF0B5040079208BB00690BC
:101A6000149810AD0590139804901298039001A853
:101A7000C0CDC0C00093200013008A680021FBF78E
:101A800084FD20000BB0F0BDF0B504006D208BB0DC
:101A90000690149810AD0590139804901298039036
:101AA00001A8C0CDC0C00093200013008A680021A7
:101AB000FBF76BFD20000BB0F0BDF0B50400772004
:101AC0008BB00690149810AD05901398049012985E
:101AD000039001A8C0CDC0C00093200013008A6805
:101AE0000021FBF752FD20000BB0F0BDF0B5040063
:101AF00064208BB00690149810AD05901398049054
:101B00001298039001A8C0CDC0C00093200013001C
:101B10008A680021FBF739FD20000BB0F0BDF0B55D
:101B2000040074208BB00690149810AD05901398A3
:101B300004901298039001A8C0CDC0C0009320006B
:101B400013008A680021FBF720FD20000BB0F0BDD8
:101B500010B581680020FBF70EFD10BDF0B593B005
:101B60000CAC636009931AAB1F7800238C46079373
:101B70000F9310AB06930FAB05931B9B0397049336
:101B80000C9201AB18AF0600100006CF06C36246E8
:101B9000099B0AAD00939268030000212800FCF71E
:101BA000F1F8230006CD06C30F9B002B0AD1109934
:101BB000119A1D9B19605A603300300006CC06C391
:101BC00013B0F0BD1C9A1360F6E7F0B500260400D0
:101BD0008BB012AD2D7810A8007806960395149E50
:101BE000159F119D0496059701900093029513008F
:101BF00020008A680021FBF7DDFF20000BB0F0BD5C
:101C000010B50A0001690020FBF7A9FC10BD07B55B
:101C100000920CC901690020FBF77BFC0EBD13B5D7
:101C2000049C0093019413000A00C1680020FBF794
:101C300012FB16BDF0B5040079208BB00690149805
:101C400010AD0590139804901298039001A8C0CD90
:101C5000C0C00093200013008A680021FBF7EEFC4F
:101C600020000BB0F0BDF0B504006D208BB00690E5
:101C7000149810AD0590139804901298039001A841
:101C8000C0CDC0C00093200013008A680021FBF77C
:101C9000D5FC20000BB0F0BDF0B5040077208BB070
:101CA0000690149810AD0590139804901298039024
:101CB00001A8C0CDC0C00093200013008A68002195
:101CC000FBF7BCFC20000BB0F0BDF0B504006420B5
:101CD0008BB00690149810AD05901398049012984C
:101CE000039001A8C0CDC0C00093200013008A68F3
:101CF0000021FBF7A3FC20000BB0F0BDF0B5040001
:101D000074208BB00690149810AD05901398049031
:101D10001298039001A8C0CDC0C00093200013000A
:101D20008A680021FBF78AFC20000BB0F0BD10B5DB
:101D300081680020FBF724FC10BDF0B593B00CAC1B
:101D4000636009931AAB1F7800238C4607930F93A7
:101D500010AB06930FAB05931B9B039704930C9258
:101D600001AB18AF0600100006CF06C36246099B00
:101D70000AAD00939268030000212800FCF776F971
:101D8000230006CD06C30F9B002B0AD11099119A90
:101D90001D9B19605A603300300006CC06C313B097
:101DA000F0BD1C9A1360F6E770B5002504008AB0F8
:101DB0000EA800780695129D139E04950596109D19
:101DC000019003950F9D00930295130020008A68EF
:101DD0000021FCF767F820000AB070BD10B50A00BA
:101DE00001690020FBF7C1FB10BD07B500920CC9CB
:101DF00001690020FBF7A0FB0EBD000073B50400D5
:101E00000D001600002904D1002A02D00C48EAF780
:101E1000E6FC731B01930F2B07D9002201A92000B8
:101E2000F1F7BCFB019B2060A36032002900206811
:101E3000F1F741FC0021019B22686360D15473BD1E
:101E40002445040873B504000D001600002904D1D0
:101E5000002A02D00C48EAF7C2FC731B9B100193C6
:101E6000032B07D9002201A92000F7F7A1FC019B51
:101E70002060A360320029002068F7F72FFD019948
:101E80002000F7F78FFC73BD24450408002210B52D
:101E90000400064B0833036003690C30DA60FAF77C
:101EA00080FF200003F0FCFF200010BD646A0408DE
:101EB00010B50400FFF7EAFF2000EAF774FC2000E9
:101EC00010BD000010B50400054B083303600C3052
:101ED000FAF767FF2000FDF76FFB200010BDC0463A
:101EE000F469040810B50400FFF7ECFF2000EAF7DE
:101EF0005AFC200010BD000010B50400054B08334B
:101F000003600830FAF74DFF2000FDF729FB2000A1
:101F100010BDC046AC6A040810B50400FFF7ECFF22
:101F20002000EAF740FC200010BD000010B50400BE
:101F3000054B083303600830FAF733FF2000FDF744
:101F4000E7FA200010BDC046046B040810B5040079
:101F5000FFF7ECFF2000EAF726FC200010BD000090
:101F600010B50400054B083303600830FAF719FF79
:101F70002000FDF7E1FA200010BDC046346B0408D4
:101F800010B50400FFF7ECFF2000EAF70CFC20007E
:101F900010BD00000A4B10B5083303600023040095
:101FA00002690C30D36042689361426813624268F0
:101FB0009362FAF7F6FE200003F0F4FD200010BD56
:101FC000986B040810B50400FFF7E4FF2000EAF75F
:101FD000EAFB200010BD00000A4B10B50833036077
:101FE0000023040002690C30D360426893614268A8
:101FF000136242689362FAF7D4FE200003F0EEFD0C
:10200000200010BD646B040810B50400FFF7E4FF66
:102010002000EAF7C8FB200010BD000010B5040046
:10202000054B083303601030FAF7BBFE2000FDF7C4
:10203000ABFA200010BDC0462C6A040810B504009D
:10204000FFF7ECFF2000EAF7AEFB200010BD000018
:10205000002210B50400064B0833036003690C30FE
:10206000DA60FAF79EFE200003F084FF200010BD26
:10207000886A040810B50400FFF7EAFF2000EAF7B9
:1020800092FB200010BD000010B50400054B083382
:1020900003600C30FAF785FE200001F06DF9200096
:1020A00010BDC046106A040810B50400FFF7ECFF2D
:1020B0002000EAF778FB200010BD000010B50400F6
:1020C000054B083303600830FAF76BFE200001F07F
:1020D00027F9200010BDC046D86A040810B50400D6
:1020E000FFF7ECFF2000EAF75EFB200010BD0000C8
:1020F00010B50400054B083303600830FAF751FEB1
:10210000200001F0E5F8200010BDC0461C6B04085B
:1021100010B50400FFF7ECFF2000EAF744FB2000B5
:1021200010BD000010B50400054B083303600830F3
:10213000FAF737FE200001F0DFF8200010BDC0469E
:102140004C6B040810B50400FFF7ECFF2000EAF721
:102150002AFB200010BD00000A4B10B508330360B5
:102160000023040002690C30D360426813624268A5
:10217000936242681363FAF714FE200003F002FE34
:10218000200010BD006C040810B50400FFF7E4FF48
:102190002000EAF708FB200010BD00000A4B10B534
:1021A000083303600023040002690C30D3604268E6
:1021B00013624268936242681363FAF7F2FD2000EB
:1021C00003F0FCFD200010BDCC6B040810B504002A
:1021D000FFF7E4FF2000EAF7E6FA200010BD000058
:1021E00010B50400054B083303601030FAF7D9FD31
:1021F000200001F0A9F8200010BDC046486A04087C
:1022000010B50400FFF7ECFF2000EAF7CCFA20003D
:1022100010BD30B5080087B014000D00FDF7B2FC0A
:10222000631DD8772800FDF7B2FCA31DD8770023E3
:10223000A3606361E3612300012264331A70290003
:102240006846FDF7A9FC200069460830FFF7C6FB89
:10225000E0606846F1F7BEF929006846FDF7A3FC87
:10226000200069461430FFF7B9FBA0616846F1F71A
:10227000B1F929006846FDF79DFC200069461C3035
:10228000FFF7ACFB20626846F1F7A4F907B030BD58
:1022900030B5080087B014000D0001F08BFB6062C0
:1022A000280001F08CFB00230122A3606361E3613D
:1022B0002533FF33A0622900E254684601F084FB15
:1022C000200069460830FFF789FBE0606846F1F7B7
:1022D00081F92900684601F07EFB20006946143030
:1022E000FFF790FBA0616846F7F786FA2900684679
:1022F00001F078FB200069461C30FFF783FB206269
:102300006846F7F779FA07B030BD07B50800110045
:102310001A00059B0093049BFDF716FD0EBD07B543
:10232000080011001A00059B0093049B01F024FC97
:102330000EBD30B5080087B014000D00FDF74AFB54
:1023400060742800FDF74BFBA0742800FDF768FBC4
:102350000023A3606361E3616362230001224333CE
:10236000E06229001A706846FDF73EFB20006946CE
:102370000830FFF733FBE0606846F1F72BF92900DE
:102380006846FDF738FB200069461430FFF726FB4E
:10239000A0616846F1F71EF929006846FDF732FB97
:1023A000200069461C30FFF719FB20626846F1F7F0
:1023B00011F929006846FDF72CFB200069462430FE
:1023C000FFF70CFBA0626846F1F704F92800FDF75F
:1023D0002CFB20632800FDF73BFB606307B030BD9A
:1023E00030B5080087B014000D00FDF791FA607455
:1023F0002800FDF792FAA0742800FDF7AFFA002339
:10240000A3606361E3616362230001224333E062FE
:1024100029001A706846FDF785FA200069460830E1
:10242000FFF7DCFAE0606846F1F7D4F82900684667
:10243000FDF77FFA200069461430FFF7CFFAA0615C
:102440006846F1F7C7F829006846FDF779FA2000D9
:1024500069461C30FFF7C2FA20626846F1F7BAF805
:1024600029006846FDF773FA200069462430FFF71B
:10247000B5FAA0626846F1F7ADF82800FDF773FAE7
:1024800020632800FDF782FA606307B030BD30B5E5
:10249000080087B014000D0001F0B8F96061280051
:1024A00001F0B9F9A061280001F0D6F90023A3607A
:1024B000E3616362E362230001226C3360632900FD
:1024C0001A70684601F0ACF9200069460830FFF741
:1024D00085FAE0606846F1F77DF82900684601F06A
:1024E000A6F9200069461C30FFF78CFA2062684686
:1024F000F7F782F92900684601F0A0F92000694643
:102500002430FFF77FFAA0626846F7F775F92900D3
:10251000684601F09AF9200069462C30FFF772FAFC
:1025200020636846F7F768F9280001F09AF9A0637C
:10253000280001F0A9F9E06307B030BD30B508000C
:1025400087B014000D0001F0FFF86061280001F071
:1025500000F9A061280001F01DF90023A360E361E8
:102560006362E362230001226C33606329001A7006
:10257000684601F0F3F8200069460830FFF72EFAAC
:10258000E0606846F1F726F82900684601F0EDF8AA
:10259000200069461C30FFF735FA20626846F7F7DD
:1025A0002BF92900684601F0E7F82000694624303D
:1025B000FFF728FAA0626846F7F71EF92900684677
:1025C00001F0E1F8200069462C30FFF71BFA206388
:1025D0006846F7F711F9280001F0E1F8A063280038
:1025E00001F0F0F8E06307B030BD10B50C00110049
:1025F00086B002AA00926846CA18FFF7FFFB089A45
:1026000069462000FDF77CFB04006846F0F7E2FF16
:10261000200006B010BD10B50C00110086B002AA53
:1026200000926846CA18FFF7E9FB089A694620003D
:1026300001F07EFA04006846F0F7CCFF200006B0F7
:1026400010BD10B508001100FDF76BFB10BD10B5F3
:102650000800110001F07DFA10BD10B50800FDF76B
:10266000B0FA10BD10B5080001F0C3F910BD82B07A
:1026700070B586B00B9329236B441100DA7F0400F8
:10268000109D0F98119E0DAB742A14D003D8642AA4
:1026900022D06D2A38D0772A2AD0792AFBD16A46EF
:1026A00002900496039521CB21C220000B9A0C9B2B
:1026B000FDF7FCFA0AE06A4602900496039521CBE6
:1026C00021C220000B9A0C9BFDF780FA200006B077
:1026D00070BC08BC02B018476A4602900496039585
:1026E00021CB21C220000B9A0C9BFDF78BFAEDE762
:1026F0006A4602900496039521CB21C220000B9AD2
:102700000C9BFDF79BFAE1E76A460290049603955D
:1027100021CB21C220000B9A0C9BFDF7ABFAD5E729
:1027200082B070B586B00B9329236B441100DA7F19
:102730000400109D0F98119E0DAB742A14D003D87D
:10274000642A22D06D2A38D0772A2AD0792AFBD160
:102750006A4602900496039521CB21C220000B9A71
:102760000C9B01F0BBF90AE06A46029004960395BF
:1027700021CB21C220000B9A0C9B01F03FF92000D5
:1027800006B070BC08BC02B018476A4602900496B6
:10279000039521CB21C220000B9A0C9B01F04AF932
:1027A000EDE76A4602900496039521CB21C22000F2
:1027B0000B9A0C9B01F05AF9E1E76A4602900496E5
:1027C000039521CB21C220000B9A0C9B01F06AF9E2
:1027D000D5E70000F8B502230C005B42D84AD9497E
:1027E0000500F7F799FB061E02D004682000F8BD2B
:1027F000D54B9C4227D16820E9F7D9FFD34B07007E
:1028000003600300643346608660C66006744661F8
:102810008661C661066286841E701420E9F7C7FFD0
:10282000040032003900FDF79DF96B68E560013363
:102830006B60C74B2761083323603A0029000020F2
:10284000FAF787FCD2E7C34B9C420ED11020E9F780
:10285000AEFF04003100FDF769FA6B68E5600133F3
:102860006B60BD4B08332360C0E7BC4B9C420AD170
:102870000C20E9F79CFF6B68040001336B60466035
:102880008560B74BEEE7B74B9C420AD10C20E9F7C5
:102890008EFF6B68040001336B6046608560B24B4D
:1028A000E0E7B24B9C420AD10C20E9F780FF6B684D
:1028B000040001336B6046608560AD4BD2E7AD4BE1
:1028C0009C422DD14420E9F772FFAB4B0700036017
:1028D0000300433346608660C6600674467486749F
:1028E00046618661C661066246628662C6620663AA
:1028F00046631E701420E9F75AFF040032003900C5
:10290000FDF758F86B68E56001336B609B4B2761FE
:10291000083323603A0029000020FAF7A6FC65E797
:10292000974B9C422DD14420E9F741FF954B07007E
:1029300003600300433346608660C66006744674D5
:10294000867446618661C661066246628662C662B8
:10295000066346631E701420E9F729FF0400320065
:102960003900FCF7C5FF6B68E56001336B60864B8F
:102970002761083323603A0029000020FAF7CAFCD7
:1029800034E7824B9C420CD11420E9F710FF04007D
:102990003100FDF7A7F96B68256101336B607C4B53
:1029A00060E77C4B9C422AD194204000E9F7FFFE6F
:1029B000794B0027036092235B0006004760876025
:1029C000C760077447618761C761076247628762B2
:1029D000C7541420E9F7EBFE04003A00310000F080
:1029E000D9FF6B68E56001336B606C4B266108337F
:1029F0002360320029000020FAF7E8FBF6E6684B76
:102A00009C420CD11020E9F7D2FE0400002101F015
:102A1000A5F86B68E56001336B60624B22E7624B9F
:102A20009C420BD10C20E9F7C2FE002343606B6887
:102A3000040001336B6085605C4B13E75C4B9C4288
:102A40000BD10C20E9F7B3FE002343606B68040050
:102A500001336B608560574B04E7574B9C420BD1A9
:102A60000C20E9F7A4FE002343606B6804000133E7
:102A70006B608560514BF5E6514B9C422ED1702026
:102A8000E9F795FE4F4B0027036003006C33060007
:102A900047608760C760077447618761C7610762E5
:102AA00047628762C762076347638763C7631F70B4
:102AB0001420E9F77CFE04003A00310000F096FE95
:102AC0006B68E56001336B603F4B26610833236020
:102AD000320029000020FAF772FC87E63B4B9C424B
:102AE0007AD17020E9F763FE394B002703600300B9
:102AF0006C33060047608760C76007744761876171
:102B0000C761076247628762C7620763476387637B
:102B1000C7631F701420E9F74AFE04003A00310031
:102B200000F002FE6B68E56001336B60294B2661A3
:102B300008332360320029000020FAF795FC55E69F
:102B400008580408804F04089C880120803F04082E
:102B5000646A040890880120F469040898880120B8
:102B6000AC6A0408A4880120046B0408A088012032
:102B7000346B0408A8880120703F0408986B04088F
:102B8000AC880120603F0408646B0408948801202D
:102B90002C6A0408DC8801208C490408886A04082F
:102BA000D0880120106A0408D8880120D86A040857
:102BB000E48801201C6B0408E08801204C6B0408A9
:102BC000E88801207C490408006C0408EC88012096
:102BD0006C490408CC6B0408094B9C420CD11420AE
:102BE000E9F7E5FD0400002100F094FF6B68256122
:102BF00001336B60034B35E60348E9F7F0FDC0464F
:102C0000D4880120486A04082B58040810B58A6942
:102C100004000B00002A02D10548E9F7E0FD06CBCD
:102C20000300083303608A18FFF7E8F8200010BD9E
:102C30001058040882B0F0B58FB0159317AB1B780D
:102C40000400079319AB1F781C9B1600002B19D0AA
:102C500008AD19002800FFF7D9FF189B2000019349
:102C6000079B039500930297159A169B3100FCF77A
:102C70005EFF2800F0F7AEFC20000FB0F0BC08BCEF
:102C800002B018471A9A1B9B04920593189B02974F
:102C90000193079B159A00933100169BFCF729FFBF
:102CA000EAE710B5040000208AB00093C968130059
:102CB00003AA0990FBF736F803A92000FFF7A6FF47
:102CC00003A8FAF73EFA20000AB010BDF0B59DB097
:102CD0000CAC63609C4624AB09920C921A780023DA
:102CE00015AFBB610E9306930EAB0593259B089120
:102CF00004930392079701AB22AA060003CA03C3F9
:102D00006346089A00930AAD099B92680021280047
:102D1000FBF738F8230006CD06C30E9B002B13D11A
:102D200039000FA8FFF772FF0FA92798F0F765FD8C
:102D30000FA8F0F74FFC3300380006CC06C3FAF7B3
:102D400000FA30001DB0F0BD269A1360F3E730B5ED
:102D5000002504008DB011980B9545680395006817
:102D60000093029010981300019005AA09690020B1
:102D7000FAF7E7FF05A92000FFF748FF05A8FAF7D3
:102D8000E0F920000DB030BD70B5836904000D007E
:102D9000002B00D0984729002000F1F739F8024BAA
:102DA0002000A36170BDC046CD19030810B5140002
:102DB00086B01A006846089BFCF7CDFF69462000E4
:102DC000FFF7E2FF6846F0F705FC06B010BD82B0E1
:102DD000F0B58FB0159319AB94461A781C9B04007C
:102DE00015AD1A98002B14D002926A4605931B9BCE
:102DF0000390049317AB41CB41C26146159A6B68AF
:102E00002000FCF738FE20000FB0F0BC08BC02B078
:102E1000184708AF3B7202926A4609931B9B0AAEA1
:102E2000049303900896059717AB03CB03C206AE35
:102E30006B68159A30006146FCF73CFE0CCE0CC561
:102E40001B9B1B68002B03D139001D98FFF79CFFCB
:102E5000220015AB03CB03C23800F0F7BBFBD2E76F
:102E6000F0B595B00B931AAB1B780DAC09931CAB66
:102E70001F78002305000E0020001D990A9213936D
:102E8000FFF782FF00220023049205931B9BB26888
:102E90000293099B002101930B9B28000093069449
:102EA0000A9B0397FAF786FE2000FAF74AF92800F2
:102EB00015B0F0BDF0B50E001F0015008FB004ABCB
:102EC0000293179A169B02AC9A1819002000FEF77D
:102ED00095FF159B3A0000933100149B08A80194BC
:102EE000FCF713FF08A92800FFF74EFF08A8F0F72A
:102EF00071FB2000F0F76EFB0FB0F0BD10B58A69D2
:102F000004000B00002A02D10648E9F768FC06CB52
:102F100003009200083303608A18FEF793FF200035
:102F200010BDC0461058040882B0F0B58DB01393A0
:102F300015AB1F781A9B04001600002B19D006ADA4
:102F400019002800FFF7DAFF179B20000293169B59
:102F5000039501930097139A149B310000F000FD34
:102F60002800F6F749FC20000DB0F0BC08BC02B008
:102F70001847189A199B04920593179B0097029380
:102F8000169B139A01933100149B00F0CEFCEAE7E4
:102F900010B5040000208AB00093C968130003AA8A
:102FA0000990FBF732F803A92000FFF7A7FF03A859
:102FB000FAF7C7F820000AB010BDF0B59DB00CAC10
:102FC00063609C4624AB09920C921A78002315AFDB
:102FD000BB610E9306930EAB0593259B089104935A
:102FE0000392079701AB22AA060003CA03C36346F4
:102FF000089A00930AAD099B926800212800FBF70C
:1030000035F8230006CD06C30E9B002B13D13900E3
:103010000FA8FFF773FF0FA92798F6F7E6FC0FA894
:10302000F6F7EAFB3300380006CC06C3FAF789F856
:1030300030001DB0F0BD269A1360F3E730B50025CF
:1030400004008DB011980B954568039500680093B6
:10305000029010981300019005AA09690020FAF760
:10306000E3FF05A92000FFF749FF05A8FAF769F873
:1030700020000DB030BD000070B5836904000D0064
:10308000002B00D0984729002000F6F7BDFE024B28
:103090002000A36170BDC046D519030810B5140007
:1030A00086B01A006846089B00F06DFD6946200056
:1030B000FFF7E2FF6846F6F79FFB06B010BD82B04F
:1030C000F0B58FB0159319AB94461A781C9B040089
:1030D00015AD1A98002B14D002926A4605931B9BDB
:1030E0000390049317AB41CB41C26146159A6B68BC
:1030F000200000F0DCFB20000FB0F0BC08BC02B0E8
:10310000184702926A4609930A931B9B0AAE08AFBE
:10311000049303900896059717AB03CB03C206AE42
:103120006B68159A3000614600F0E0FB0CCE0CC5D0
:103130001B9B1B68002B03D139001D98FFF79CFFD8
:10314000220015AB03CB03C23800F6F755FBD2E7DC
:10315000F0B593B0099318AB1F7800230BAC0500B2
:103160000E0020001B9908921193FFF785FF0022A3
:103170000023049205931A9BB2680393199B0021C4
:103180000293099B280000930694089B0197FAF785
:1031900089FE2000F9F7D5FF280013B0F0BDF0B587
:1031A0000E001F0015008FB004AB0293179B02ACFA
:1031B0009A00169B20009A181900FEF743FE159BF3
:1031C0003A0000933100149B08A8019400F0B5FC6C
:1031D00008A92800FFF750FF08A8F6F70DFB20000C
:1031E000F6F70AFB0FB0F0BD836858697047836833
:1031F000986970478368586B704737B58368FF25B7
:103200009B6B1A00180A28402A400402224310002F
:10321000190C294009041B0E1B06084318433EBD28
:1032200037B58368FF25DB6B1A00180A28402A404F
:10323000040222431000190C294009041B0E1B062E
:10324000084318433EBD836858697047836898698E
:1032500070478368586B704737B58368FF259B6B51
:103260001A00180A28402A40040222431000190CB0
:10327000294009041B0E1B06084318433EBD37B501
:103280008368FF25DB6B1A00180A28402A400402D5
:1032900022431000190C294009041B0E1B06084389
:1032A00018433EBD8368586A70478368986A7047C0
:1032B0000020704700207047704710B50020192487
:1032C000914203D2E04108C9C018F9E710BD0000DF
:1032D00010B50400024B0360F7F7F8FB200010BDA7
:1032E000006D040810B50400FFF7F2FF2000E9F7B5
:1032F0005AFA200010BD000010B50400024B036014
:10330000F7F7E4FB200010BD186D040810B50400A9
:10331000FFF7F2FF2000E9F746FA200010BD000099
:1033200010B50400024B0360F7F7D0FB200010BD7E
:10333000306D040810B50400FFF7F2FF2000E9F734
:1033400032FA200010BD000010B50400044B0360E9
:103350000830F7F75BFA2000F7F7B8FB200010BD44
:10336000E46C040810B50400FFF7EEFF2000E9F755
:103370001AFA200010BD000010B50400044B0360D1
:103380000830F7F743FA2000F7F7A0FB200010BD44
:103390003C6C040810B50400FFF7EEFF2000E9F7CD
:1033A00002FA200010BD0000F7B507001648F7F735
:1033B0001DFC3A688300D6680190F6183568002D28
:1033C0001FD17020E9F7F3F9104B040003600300EC
:1033D0006C3345608560C560057445618561C56174
:1033E000056245628562C562056345638563C563A1
:1033F00039001D70F1F7C2FD019A21003868F7F716
:10340000B5FC3068FEBDC046E88801207C49040850
:10341000F7B507001648F7F7E9FB3A688300D66866
:103420000190F6183568002D1FD17020E9F7BFF91B
:10343000104B0400036003006C3345608560C56079
:10344000057445618561C561056245628562C56235
:10345000056345638563C56339001D70F1F7CAFCD8
:10346000019A21003868F7F781FC3068FEBDC0463C
:10347000EC8801206C4904080300083373B504008C
:103480000D1E03601AD00800CFF734FF2E180190EC
:103490000F2807D9002201A92000F0F77FF8019B2F
:1034A0002060A360320029002068F0F704F90022B0
:1034B000019B216863602000CA5476BD0148E9F78A
:1034C0008EF9C0462445040810B504008B6899683D
:1034D000FFF7D2FF200010BD10B504008B6899687B
:1034E000FFF7CAFF200010BD10B504008B68996873
:1034F000FFF7C2FF200010BD73B504000D001600D9
:10350000002904D1002A02D00C48E9F768F9731B9E
:103510009B100193032B07D9002201A92000F6F785
:1035200047F9019B2060A360320029002068F6F76C
:10353000D5F901992000F6F735F973BD2445040843
:10354000F0B51C008FB004AB019002A80293FFF706
:10355000D3FF0AAB149A210008A80893FFF7CCFF09
:10356000039B029E9B00F3180093099B089D9F00FC
:10357000EF192A003100019802F03FFA041E10D121
:10358000300007F0F3F980003618280007F0EEF954
:10359000009B80002D18B3420CD17D1B6C1EA541F1
:1035A0006C4208A8F6F728F902A8F6F725F92000DA
:1035B0000FB0F0BDAF4202D004360435D9E7012484
:1035C000EFE70000F0B51C000300083317000360AC
:1035D000002389B043608360009104AB22000500A2
:1035E000390002A80293FFF787FF039B029E9B000E
:1035F000F3180193E41B204B6410A0009C4201D9F6
:1036000001204042F6F7F8FC0700230032003900A1
:10361000009802F0FCF9844212D8441C3800F6F7F6
:1036200077FC0120144B40429C4200D8A000F6F7E2
:10363000E3FC2300070001003200009802F0E7F9E4
:10364000020039002800F6F78FFB300007F08EF9F2
:10365000019B80003618B34205D0002128000436B3
:10366000F6F718FAD1E73800F6F752FC02A8F6F799
:10367000C3F8280009B0F0BDFEFFFF1F03000833A8
:1036800070B504000D1E03600AD0080007F06EF943
:103690008200AA1829002000FFF72EFF200070BD2D
:1036A00004225242F6E710B504008B68D969FFF78F
:1036B000E5FF200010BD10B504008B68596AFFF7C4
:1036C000DDFF200010BD10B504008B68D96AFFF73C
:1036D000D5FF200010BD10B504008B68D969FFF735
:1036E000CDFF200010BD10B504008B68596AFFF7AC
:1036F000C5FF200010BD10B504008B68D96AFFF724
:10370000BDFF200010BD10B504008B685969FFF79C
:10371000B5FF200010BD10B504008B68D969FFF714
:10372000ADFF200010BD0000531E9A4110B542604D
:1037300000220400034B81600360110002F0C6FA0E
:10374000200010BDB06C040810B503689B68984752
:1037500010BD10B50368DB68984710BD10B50400B4
:103760000B681B699847200010BD10B504000B685A
:103770005B699847200010BD10B504000B689B6979
:103780009847200010BD10B504000B68DB6998470E
:10379000200010BD10B503681B6A984710BD036870
:1037A00013B55B6A9847FF240300010A020C21400D
:1037B00023400902224012040B43000E134300066B
:1037C000184316BD036813B59B6A9847FF2403008E
:1037D000010A020C214023400902224012040B433B
:1037E000000E13430006184316BD0000531E9A41F5
:1037F00010B5426000220400034B81600360110099
:1038000002F008FA200010BD7C6C040810B50368B3
:103810009B68984710BD10B50368DB68984710BDDA
:1038200010B504000B681B699847200010BD10B547
:1038300004000B685B699847200010BD10B50400B8
:103840000B689B699847200010BD10B504000B68F9
:10385000DB699847200010BD10B503681B6A9847C4
:1038600010BD036813B55B6A9847FF240300010A83
:10387000020C214023400902224012040B43000E97
:1038800013430006184316BD036813B59B6A984797
:10389000FF240300010A020C2140234009022240B8
:1038A00012040B43000E13430006184316BDF0B577
:1038B0008BB004000993180012AB089216001A7816
:1038C000159D02926A460595149D0B680495139DFB
:1038D0000793039510AD88CD88C2079B32009D6881
:1038E00003002000A84720000BB0F0BDF0B58BB05E
:1038F00004000993180012AB089216001A78159D5F
:1039000002926A460595149D0B680495139D0793D2
:10391000039510AD88CD88C2079B3200DD68030097
:103920002000A84720000BB0F0BDF0B50400170040
:10393000180089B007930EAB129D139E06921A7859
:1039400004950596109D0B6802950F9D00920195B8
:103950009D683A0003002000A847200009B0F0BD90
:1039600070B504001600180086B00D9D05930AABD3
:1039700004921A7803950C9D0B6802950B9D00929A
:103980000195DD68320003002000A847200006B042
:1039900070BD0000531E9A4110B50400044B4260F4
:1039A00003608160002102F097FA200010BDC0463C
:1039B000586C040810B503689B68984710BD10B593
:1039C0000368DB68984710BD10B504000B681B69DD
:1039D0009847200010BD10B504000B685B6998473C
:1039E000200010BD10B504000B689B6998472000AB
:1039F00010BD10B503689B68984710BDF0B58BB03B
:103A000008921600149A04000492139A1800039264
:103A1000129A099302926A460B6810AD079388CDFB
:103A200088C2079B3200DD6803002000A847200001
:103A30000BB0F0BDF0B58BB008921600149A0400DC
:103A40000492139A18000392129A099302926A46FA
:103A50000B6810AD079388CD88C2079B32001D69A3
:103A600003002000A84720000BB0F0BDF0B58BB0DC
:103A700008921600149A04000492139A18000392F4
:103A8000129A099302926A460B6810AD079388CD8B
:103A900088C2079B32005D6903002000A847200010
:103AA0000BB0F0BDF0B58BB008921600149A04006C
:103AB0000492139A18000392129A099302926A468A
:103AC0000B6810AD079388CD88C2079B32009D69B3
:103AD00003002000A84720000BB0F0BDF0B58BB06C
:103AE00008921600149A04000492139A1800039284
:103AF000129A099302926A460B6810AD079388CD1B
:103B000088C2079B3200DD6903002000A84720001F
:103B10000BB0F0BD4B1E9941044B10B541600360E2
:103B20000400F6F7F1FFA060200010BDE46C04086B
:103B300010B503689B68984710BD37B50400079D12
:103B400008680195069D0095C5682000A8472000DB
:103B50003EBD10B503681B69984710BD4B1E9941C7
:103B6000044B10B5416003600400F6F7CDFFA06080
:103B7000200010BD3C6C040837B5069D0468009514
:103B8000A468A0473EBD70B504000868C568200061
:103B9000A847200070BDF0B59BB0209D06906C3505
:103BA000280008920993229FF0F770FF0400280074
:103BB000FFF7FAFB3E68016C326805007B688A42B9
:103BC00075D0826B0B92426A0392826A02922268DB
:103BD0009B0057692000F31832000421B847841B6A
:103BE000A410271E00D1B4E010AB0E930023610097
:103BF0000EA80F931093F5F71DFF6A6BA31A002B05
:103C000065DD002A00DB1C00EB68002B59D0610049
:103C100000220EA8F5F7D4FFA300F3180193009635
:103C2000EB68AA68A9690E98F0F7D0FF01220E9BF5
:103C30005242C11A89100EA8F5F74AFF6B6B002B90
:103C40000BDD69690EA8F5F725FF002C41DBA1000B
:103C50006A6B71180EA8F6F787F8209B0F99DA683F
:103C6000B02313400593029B5F180023920500D5F3
:103C70002B6A0026DF19790016AB14A81493159649
:103C80001696F5F7D7FE209B04969C68059B102B93
:103C900003D1A742B6417342049300260BABF05CFC
:103CA00004282AD8CCF73AFA786D1D5F6800C26BF9
:103CB0000B92C26A0392026B0292002B87D00436E9
:103CC00085E7220031000EA8F6F71AF8B6E71C00C7
:103CD000B4E761426A6C0EA8F5F758FF3A0031006C
:103CE000B8E78022209B9200DB680793134204D040
:103CF0002A6AE96914A8F6F737F80136042ECDD1FF
:103D0000029B012B06D91A000399013A043114A829
:103D1000F6F72AF815998C4208D9059B611A202BD1
:103D20003ED1219A14A8F5F731FF21000CAD009186
:103D3000149B0899099A2800F1F79FFA0C9B08AC8C
:103D400008932B7914A82371F5F756FD0EA8F5F703
:103D500053FD0023209A9360069A08AB03CB03C25D
:103D600006981BB0F0BD029B002BC6D0039B1968C0
:103D700014A8F5F78FFEC0E70EA914A8F5F7EFFF1A
:103D8000BBE7049B002B05D0E11B219A14A8F5F793
:103D9000FDFEB2E72199EBE7049B002BADD0F3E7E2
:103DA0000A00219B002114A8F5F712FFBDE7F0B52A
:103DB0009BB0209D06906C35280008920993229FA5
:103DC000F0F764FE04002800FFF722FB3E68016C58
:103DD000326805007B688A4275D0826B0B92426A1A
:103DE0000392826A029222689B0057692000F318AE
:103DF00032000421B847841BA410271E00D1B4E070
:103E000010AB0E93002361000EA80F931093F5F7EB
:103E100011FE6A6BA31A002B65DD002A00DB1C0073
:103E2000EB68002B59D0610000220EA8F5F7C8FE00
:103E3000A300F31801930096EB68AA68A9690E988D
:103E4000F0F7C4FE01220E9B5242C11A89100EA83F
:103E5000F5F73EFE6B6B002B0BDD69690EA8F5F7DD
:103E600019FE002C41DBA1006A6B71180EA8F5F752
:103E70007BFF209B0F99DA68B02313400593029BC8
:103E80005F180023920500D52B6A0026DF19790000
:103E900016AB14A8149315961696F5F7CBFD209B38
:103EA00004969C68059B102B03D1A742B641734230
:103EB000049300260BABF05C04282AD8CCF72EF92B
:103EC000786D1D5F6800C26B0B92C26A0392026B31
:103ED0000292002B87D0043685E7220031000EA81D
:103EE000F5F70EFFB6E71C00B4E761426A6C0EA856
:103EF000F5F74CFE3A003100B8E78022209B920093
:103F0000DB680793134204D02A6AE96914A8F5F71D
:103F10002BFF0136042ECDD1029B012B06D91A00AE
:103F20000399013A043114A8F5F71EFF15998C4244
:103F300008D9059B611A202B3ED1219A14A8F5F7C8
:103F400025FE21000CAD0091149B0899099A2800C8
:103F5000F1F793F90C9B08AC08932B7914A8237103
:103F6000F5F74AFC0EA8F5F747FC0023209A93606A
:103F7000069A08AB03CB03C206981BB0F0BD029BA8
:103F8000002BC6D0039B196814A8F5F783FDC0E782
:103F90000EA914A8F5F7E3FEBBE7049B002B05D0A0
:103FA000E11B219A14A8F5F7F1FDB2E72199EBE79F
:103FB000049B002BADD0F3E70A00219B002114A83D
:103FC000F5F706FEBDE70000F0B595B004AFBA61A5
:103FD0001822FB6140230C2415003961B918CB1855
:103FE0001B78F96D7B60BB186C3178611819F6F796
:103FF00078FD7B191819F0F749FD92B0F860F6F7D3
:1040000083FDBB6EFC6EB8620293039418240023F8
:104010001020304E3C1904AD00932018330040228C
:104020002900E8F7F7FF04003F281BDD431CBB60B5
:104030006B460F34E408E4001B1B9D46F6F764FD55
:10404000BB6EFC6EB8620293039400231824102008
:1040500000933C1904AD20183300BA682900E8F732
:10406000D9FF040018221023B918CE18130030000D
:10407000CB1800222100BB62F5F711FCBB6A2A199C
:104080002900F868F0F7B0FE7B680296002B16D086
:104090003B6E0193FB6D0093BA69FB6939697869DE
:1040A000FFF779FD3000F5F7A7FB18220C23BA18AB
:1040B000D018F6F786FDBD46786911B0F0BD3B6EAD
:1040C0000193FB6D0093BA69FB6939697869FFF761
:1040D0006EFEE7E7A03F040830B5040087B0059303
:1040E0000AAB1D7804920B9B0C9A0D9801920290DA
:1040F0000093049A059B2000002D04D0FFF74BFD90
:10410000200007B030BDFFF752FEF9E7F0B585B0EB
:104110000090109803936C300292119FF0F7B6FC58
:104120000F9B01900A25022B04D0093D042B01D1DD
:10413000FA25AD00002426000AA902A8F2F719FA10
:104140000F9B002823D09E4223D002A8F2F7E9F962
:104150002A2201000198F1F77DFB3038C3B2092B08
:1041600020D80A235C43041923006B430E9A934220
:1041700018DC0D9AEB18934214DD0A212800CCF7C5
:1041800075F8050002A8F1F767F80136D4E79E42FA
:1041900008D10C9B1C60009A02AB03CB03C20098B1
:1041A00005B0F0BD0F9B042B03D1022E01D1643C5E
:1041B000EFE704233A6813433B60ECE7F0B589B0BE
:1041C00000AFF860F86CBA616C30FB61F0F75EFC30
:1041D0006A46BB6C78619B000E33DB08DB00D31AA8
:1041E00018229D463B612023B918C918B818F2F768
:1041F000C0F9002800D192E01823F818F2F791F9DD
:10420000002405002600BB6C9C4211D07A6CA300F0
:10421000D3581968A94205D13A69B3009C500136B8
:104220000134F0E77869F2F777F9A842F8D1F3E7BB
:1042300000237B61012E48D93C697A6C08CC9B0035
:10424000985806F093FB05003A69B300D318BB6099
:1042500023687A6C9B00985806F088FB854200D949
:104260000500BB680434A342F2D118243819F0F7D2
:10427000F3FF7B6901337B61AB4250D220233A19B3
:10428000D1181000F2F775F9002848D000247B6996
:104290009B00BB603B69A5005D192B687A6C9B0095
:1042A0009B58BA689B587B601823F818F2F739F9C5
:1042B0007B68834207D0013E3A69B3009B582B606C
:1042C000B442E7D3B6E70134FAE7012E27D1182329
:1042D000F818F0F7C1FF7B697A6C5D1C3B691E68BA
:1042E000B3009C58200006F041FB7B6938619B00BD
:1042F000E4183B699D4223D218222023B918C9181B
:10430000B818F2F736F9002809D018226368B818EF
:104310007B61F2F706F97B690434834216D03B6D6A
:104320001B687B6104237A6913433A6D1360182379
:10433000BD46FA68FB1803CB03C2F86809B0F0BDAC
:104340003B699D42EBD13B6C1E60F0E71823F818E7
:10435000F0F782FF0135CCE7F0B589B000AFB86067
:10436000F86CBA616C30FB61F0F790FB6A46BB6C8D
:10437000F860DB000833D31A18229D467B612023A6
:10438000BA18D1181000F2F7F4F800283CD018231E
:10439000F818F2F7C6F8002405002600BB6C5B0095
:1043A0003B613B69A34211D07A6CA300D3581968D2
:1043B000A94205D17A69B3009C5001360134F0E777
:1043C000F868F2F7A9F8A842F8D1F3E7002E1BD05D
:1043D0001823F818F0F740FF6A46B3003B610E332C
:1043E000DB08DB00D31A9D4600246D463B69A342DF
:1043F0002CD07B697A6C1B59FB609B00985806F0A7
:10440000B5FA28510434F1E7002425002600A30062
:10441000FB6018222023BA18D1181000F2F7A9F86F
:10442000002837D01823F818F2F77BF800233860FB
:104430003B619E4222D99A00A81884460068A04297
:1044400006D83A6901323A610133F2E70124DEE726
:1044500078698218106811007A6C80008058FA68B8
:1044600080583A689042EFD0013E7A69B000125805
:1044700028587A600A6062461060DAE7FB68043305
:10448000FB603B699E4205D01823F818F0F7E4FE64
:104490000134BEE7012E13D12B68A34217D17B69EB
:1044A000BA6C1B68934200D39B1A3A6C13601823B2
:1044B000BD46BA68FB1803CB03C2B86809B0F0BDAB
:1044C000022E04D12B68A342E9D06B68E5E73B6D6F
:1044D0001B687B6104237A6913433A6DE6E70000A9
:1044E000F0B5A1B0289C0D906C342000089110927A
:1044F00011932A9FF0F74AFB0A902000F0F7C6FAC2
:1045000009902B9806F032FA00240C90129426A9F8
:1045100010A8F2F72EF8129D002862D00C9B9C4246
:104520005FD2002D5DD12B9BA6009E192A00316819
:104530000998F1F78FF9252800D0ADE2631C2A0015
:10454000716809980B93F1F785F91395452801D007
:104550004F2806D1A31C0022B16809980B93F1F7EC
:1045600079F94138382800D9E3E110ACCBF7EAFDFE
:104570007D00AF00F5011D01E101E101E10139011B
:104580005901E101E101E1018401E101E101E10100
:10459000E101B201B701E601E101E101E101F00150
:1045A000F5011B02E101E101E101E101E101E101AC
:1045B0004D008D00B500CC00E000E101E1018D006F
:1045C000E101E101E101E1016401A401E101E10195
:1045D000E101E101E101D701E101E101E101EB01CB
:1045E000F501002D02D10C9B9C4207D0299B1B6832
:1045F00008930423089A1343299A13600D9B10AA69
:1046000003CA03C30D9821B0F0BD0A9B9B689A6C46
:104610001492DA6C15921A6D16925A6D17929A6D61
:104620001892DA6D19921B6E1A9312AB0693289B9F
:1046300026AA05930723049314AB039313AB0293A9
:104640006B4603CA03C30EAC119B109A200010AD39
:104650000899FFF7B3FD0CCC0CC5129B002B01D1C0
:10466000139BBB610B9C013451E70A9B9B68DA6A80
:1046700014921A6B15925A6B16929A6B1792DA6B08
:1046800018921A6C19925B6CCEE714AE31000A983E
:10469000F0F7F8F812AB0693289B039605930C23CA
:1046A000049313AB02936B4626AA03CA03C30EAC52
:1046B000119B109A200010AD0899FFF77FFD0CCCDC
:1046C0000CC5129B002BCDD1139B3B61CAE714AEE6
:1046D00031000A98F0F7B4F8DCE70A9B0EAD9B684E
:1046E0009B69059312AB0393289B049702936B4637
:1046F00026AA03CA03C32800109A63680899FFF723
:10470000EFFE0CCD0CC4ADE712AB0793289B26AA95
:104710000693022305931D3304931E3B039313ABAF
:1047200002936B4603CA03C3109A0EAD63681DE083
:104730002000F1F7F6FE082102000998F0F798FD35
:104740000EAD00281FD02000F0F786FD12AB0793B6
:10475000289B0922069301230593039313AB02932D
:104760006B46049226AA42CA42C30CC82800089984
:10477000FFF7CCFC0CCD0CC4129B002B00D071E7D2
:10478000139BFB606EE712AB0793289B26AA069348
:10479000022305931D330493153B039313AB02933C
:1047A0006B4603CA03C32268C0E714AE3300C24A93
:1047B000C2490998F0F718FB12AB0393289B0596A2
:1047C00002936B46049726AA03CA03C30EAC109A41
:1047D000119B0899200010ADFFF782FE0CCC0CC590
:1047E00040E712AB0793289B0EAD06930223059377
:1047F000153304930023039313AB02936B4626AA4D
:1048000003CA03C328006368109A0899FFF77EFC67
:104810000CCD0CC4129B002B00D023E7139BBB6074
:1048200020E712AB0793289B0EAD06930223059356
:104830000A3304930B3BDEE712AB0793289B26AAAF
:104840000693022305930A3304930B3B039313ABA4
:1048500002936B4603CA03C30EAD6368109A280027
:104860000899FFF753FC0CCD0CC4129B002B00D011
:10487000F8E6139B013B28E712AB0793289B26AA77
:10488000069302230593393304930023039313AB58
:1048900002936B4603CA03C30EAD6368109A2800E7
:1048A0000899FFF733FC0CCD0CC4129B002B00D0F1
:1048B000D8E6139B7B60D5E62000F1F732FE00229C
:1048C00001000998F0F7C6FF0A2832D110A8F0F7C6
:1048D000C3FCC7E614AE3300794A7A4969E712ABE4
:1048E0000793289B26AA0693022305933B33049340
:1048F0000023039313AB02936B4603CA03C30EADAD
:104900006368109A28000899FFF700FC0CCD0CC4CE
:10491000129B002B00D0A5E6139B3B60A2E6200073
:10492000F1F7FFFD002201000998F0F793FF092835
:10493000CCD00423129A1343129393E614AE33009F
:10494000614A624935E70A9B0EAD9B689B68C8E6E1
:104950000A9B0EAD9B681B69C3E612AB0793289BAD
:1049600026AA069304230593594B0EAD0493002306
:10497000039313AB02936B4603CA03C32800636817
:10498000109A0899FFF7C2FB0CCD0CC4129B002BA8
:1049900000D067E6139B4F4A9A18002B01DA643364
:1049A0001A007A615EE62000F1F7BBFD01210200EA
:1049B0000998F0F75DFC0028BBD012AB0693289B4A
:1049C00026AA05930E230493434B0EAD039314AB19
:1049D00002936B4603CA03C32800089922686368E0
:1049E000FFF7ECFB2300200006CD06C326A9F1F754
:1049F000C0FD002800D135E6129B002B00D031E627
:104A0000149B002B00D02DE62000F1F78AFD2D210C
:104A100005000998F0F723FFA84231D112AB0793A4
:104A2000289B00260693022314AA02926A46059345
:104A300015330493039626A909C909C20EAC2000B8
:104A4000119B109A089910ADFFF760FB2A00210016
:104A500009C909C2022305933933049314AB0293A5
:104A60006B4612AA0792289A0396069226AA03CAB0
:104A700003C320000E9A63680899FFF747FBADE671
:104A80002000F1F74EFD2B2104000998F0F7E7FE16
:104A9000A04200D0E6E5C1E710A83668F1F741FD75
:104AA000864203D110A8F0F7D7FBDCE50423129A65
:104AB00013431293D7E5C046913F0408883F04088A
:104AC000973F0408913F0408A03F0408973F04085B
:104AD0000F27000094F8FFFFEC010020F0B58DB027
:104AE000050014980AAC6C3007910A926360159E19
:104AF000F0F74CF8836812AA1B6903960593169B7E
:104B000008AF0493149B02936B4603CA03C3380097
:104B100007990A9A6368FFF7E3FC2300200006CF99
:104B200006C312A9F1F712FD002803D00223326850
:104B3000134333602B00280006CC06C30DB0F0BD34
:104B4000F0B58DB0050014980AAC6C3007910A924C
:104B50006360159EF0F71AF8836812AA9B680396A3
:104B60000593169B08AF0493149B02936B4603CAEC
:104B700003C3380007990A9A6368FFF7B1FC230062
:104B8000200006CF06C312A9F1F7E0FC002803D0ED
:104B900002233268134333602B00280006CC06C37F
:104BA0000DB0F0BDF0B59FB0269E0CAD6C360890F0
:104BB000300009910C926B60279CEFF7E7FF07002C
:104BC0003000EFF763FFBB680AAE9A6C1092DA6CA4
:104BD00011921A6D12925A6D13929A6D1492DA6DA7
:104BE00015921A6E1692DA6A17921A6B18925A6B0D
:104BF00019929A6B1A92DA6B1B921A6C5B6C1C926C
:104C00001D9300230F930FAB0693269B24AA0593B5
:104C10000723049310AB03930EAB02936B4603CAB6
:104C200003C330000C9A6B680999FFF795FB2B00C2
:104C300006CE06C30F9B002B12D1289B0E9A9A61B9
:104C400024A92800F1F782FC002803D0022322685F
:104C500013432360089B06CD06C308981FB0F0BD20
:104C60000423226813432360EAE7F0B5A9B0309F1C
:104C70000CAC6C37060038000C9263600991319DD2
:104C8000EFF784FF08903800EFF700FF10A90898AD
:104C9000EFF7F8FD1CA90898EFF7D2FD00230F935A
:104CA0000FAB0693309B2EAA05930C23049310ABF5
:104CB00003930EAB02936B4603CA03C30AAF0C9A6D
:104CC000636809993800FFF747FB230006CF06C346
:104CD0000F9B002B12D1329B0E9A1A612EA9200035
:104CE000F1F734FC002803D002232A6813432B6019
:104CF0003300300006CC06C329B0F0BD04232A6877
:104D000013432B60EAE70000F0B591B0189F05004F
:104D100038000CAC6C3009910C926360199EEFF76F
:104D2000B5FE0023069703930F9304270EAB02935F
:104D30006B460FAA0792184A0597049216AA03CA4F
:104D400003C30AA80C9A63680999FFF7DFF92300E7
:104D50000AAA03CA03C30F9B002B18D10E9B0F4A4C
:104D60009A18002B01DA64331A001A9B5A6116A9AB
:104D70002000F1F7EBFB002803D002233268134335
:104D800033602B00280006CC06C311B0F0BD336899
:104D90001F433760EBE7C0460F27000094F8FFFF82
:104DA000F0B591B00AAC63601BAB1B780700189894
:104DB00006936C301CAB07910A92199E1D78EFF791
:104DC00065FE002325213360F0F749FD0C90002D8E
:104DD00027D1069B0E950D930CAB05931A9B03965A
:104DE0000493189B16AA02936B4603CA03C308AD2B
:104DF000079928000A9A6368FFF772FB23002000D6
:104E000006CD06C316A9F1F7A1FB002803D00223A3
:104E10003268134333603B00380006CC06C311B040
:104E2000F0BD069B0D950E9300230F93D4E7000071
:104E3000F0B59DB0249C09906C3420000D930C9229
:104E4000259FEFF723FE07902000FEF7ADFA030041
:104E500040330A9300230493836A0500002B04D097
:104E6000036B5A1E9341DBB2049312AB10930023E1
:104E700010A8119303722B7C002B02D02021EEF797
:104E8000E1FC002616A818AB06722021169317968F
:104E9000EEF7D8FC2B0044330B93EB6B01960E938B
:104EA00000960696029605960EABF05C04287AD81A
:104EB000CBF748F93E01100105008100BC008022BB
:104EC000249B9200DB680393134220D1029B012BA9
:104ED0001DD8002E1BD0012E0BD1049B002B16D108
:104EE0000EAB1A78032A12D09B78012B0FD0013613
:104EF000DAE70124022E2BD10EABDB78042B06D08F
:104F0000049A002A00D115E1032B00D014E12B6A8A
:104F10000893002322A90CA80393F1F72AFB039B13
:104F2000041E089A3DD0934212D00CA8F1F7F9FA6A
:104F3000039BEA699B009B58834236D00024039B65
:104F4000A34205D1249B0134DB6803935B0A9C4395
:104F50000136042E00D0F1E0029B012B00D850E175
:104F6000002C00D1EDE0059B002B00D104E1EE6A9E
:104F7000012422A90CA8F1F7FCFA029B002800D119
:104F8000FCE0A34200D1FBE00CA8F1F7CAFAA300B1
:104F9000F358834200D0D4E00CA8F0F75DF9013457
:104FA000E7E79342CAD10124D2E70CA8F0F754F9FD
:104FB000039B0133AEE7AB6A002B16D12B6B002BA2
:104FC00026D022A90CA8F1F7D4FA041E20D00CA8F0
:104FD000F1F7A7FAEB6A1B68834219D12B6B0CA877
:104FE0000293F0F739F90594B2E722A90CA8F1F77A
:104FF000C0FA041EE2D00CA8F1F793FA6B6A1B68A2
:105000008342DBD1AB6A0CA80293F0F725F99FE746
:10501000AB6A002B03D10124049B5C4098E72B6B07
:10502000002BF8D1012305931C0091E722A90CA8BD
:10503000F1F79FFA041E4BD00CA8F1F772FA0FAAF1
:105040000F900A210B98EFF7EAF9002813D00A9B7A
:10505000C01A6D4B80101B68195C16A8EEF722FC75
:10506000009C069B013400930CA8F0F7F5F8009B18
:1050700000940693DAE70F9A6B69934208D1019B7B
:10508000002B05D16B6B002B18DD01940400EBE7BE
:105090002B7C002B12D0A9698A420ED1019B002BD8
:1050A00012D1009B002B11D06B4610A81978EEF797
:1050B000F9FB069B019C0093D6E71C00179B5A1E28
:1050C00093415B421C4043E7019CF7E7009CF5E7F6
:1050D0000124F3E722A90CA8F1F74BFA002819D113
:1050E0000024032E00D137E722A90CA8F1F741FADA
:1050F000002800D12CE70CA8F1F713FA08210200D0
:105100000798F0F7B5F8002800D121E70CA8F0F7D0
:10511000A3F8E9E70CA8F1F704FA082102000798C0
:10512000F0F7A6F8041EDBD00CA8F0F795F8D8E746
:105130000124D6E70326B7E60326049C002C00D002
:10514000B2E604233A6813433B600CAC22A920006A
:10515000F1F7FCF9002803D002233A6813433B60BF
:10516000099B16A806CC06C3EEF734FA10A8EEF792
:1051700031FA09981DB0F0BD6E6AF9E6A342E0D19C
:10518000179B012B0ED90022302116A8EEF7FAFD4D
:10519000021E07D0431C01D1179B5A1E002116A8DE
:1051A000EEF79EFB059B002B07D016990B78302B52
:1051B00003D02D2216A8EEF731FC119B002B14D042
:1051C0006B461978019B002B01D06B46197E10A805
:1051D000EEF768FB10AAE968A86800F02DFC00282B
:1051E00003D104233A6813433B60019B002B03D097
:1051F0006B6B009A9342A4D116A92698EEF756FD40
:10520000A3E7002CBCD19CE7B0010020F0B59DB015
:10521000249C09906C3420000D930C92259FEFF78D
:1052200035FC07902000FEF7F3F8030040330A93A3
:1052300000230493836A0500002B04D0036B5A1EDD
:105240009341DBB2049312AB1093002310A8119387
:1052500003722B7C002B02D02021EEF7F3FA0026FC
:1052600016A818AB0672202116931796EEF7EAFAE5
:105270002B0044330B93EB6B01960E93009606962E
:10528000029605960EABF05C04287AD8CAF75AFF4E
:105290003E01100105008100BC008022249B920089
:1052A000DB680393134220D1029B012B1DD8002EF3
:1052B0001BD0012E0BD1049B002B16D10EAB1A78FC
:1052C000032A12D09B78012B0FD00136DAE7012494
:1052D000022E2BD10EABDB78042B06D0049A002AC9
:1052E00000D115E1032B00D014E12B6A08930023B1
:1052F00022A90CA80393F1F73CF9039B041E089A1A
:105300003DD0934212D00CA8F1F70BF9039BEA6948
:105310009B009B58834236D00024039BA34205D1B7
:10532000249B0134DB6803935B0A9C430136042E03
:1053300000D0F1E0029B012B00D850E1002C00D1FD
:10534000EDE0059B002B00D104E1EE6A012422A9C7
:105350000CA8F1F70EF9029B002800D1FCE0A34253
:1053600000D1FBE00CA8F1F7DCF8A300F35883426E
:1053700000D0D4E00CA8EFF76FFF0134E7E79342C9
:10538000CAD10124D2E70CA8EFF766FF039B0133D3
:10539000AEE7AB6A002B16D12B6B002B26D022A9CF
:1053A0000CA8F1F7E6F8041E20D00CA8F1F7B9F824
:1053B000EB6A1B68834219D12B6B0CA80293EFF7A1
:1053C0004BFF0594B2E722A90CA8F1F7D2F8041E0E
:1053D000E2D00CA8F1F7A5F86B6A1B688342DBD119
:1053E000AB6A0CA80293EFF737FF9FE7AB6A002B7D
:1053F00003D10124049B5C4098E72B6B002BF8D170
:10540000012305931C0091E722A90CA8F1F7B1F83C
:10541000041E4BD00CA8F1F784F80FAA0F900A21B4
:105420000B98EEF7FCFF002813D00A9BC01A6D4BB7
:1054300080101B68195C16A8EEF734FA009C069BD6
:10544000013400930CA8EFF707FF009B009406932C
:10545000DAE70F9A6B69934208D1019B002B05D1C3
:105460006B6B002B18DD01940400EBE72B7C002B09
:1054700012D0A9698A420ED1019B002B12D1009B48
:10548000002B11D06B4610A81978EEF70BFA069B8B
:10549000019C0093D6E71C00179B5A1E93415B4268
:1054A0001C4043E7019CF7E7009CF5E70124F3E784
:1054B00022A90CA8F1F75DF8002819D10024032EC9
:1054C00000D137E722A90CA8F1F753F8002800D142
:1054D0002CE70CA8F1F725F8082102000798EFF750
:1054E000C7FE002800D121E70CA8EFF7B5FEE9E7D9
:1054F0000CA8F1F716F8082102000798EFF7B8FE9C
:10550000041EDBD00CA8EFF7A7FED8E70124D6E7EE
:105510000326B7E60326049C002C00D0B2E6042341
:105520003A6813433B600CAC22A92000F1F70EF857
:10553000002803D002233A6813433B60099B16A856
:1055400006CC06C3EEF746F810A8EEF743F8099824
:105550001DB0F0BD6E6AF9E6A342E0D1179B012BA6
:105560000ED90022302116A8EEF70CFC021E07D03F
:10557000431C01D1179B5A1E002116A8EEF7B0F963
:10558000059B002B07D016990B78302B03D02D22CA
:1055900016A8EEF743FA119B002B14D06B4619782E
:1055A000019B002B01D06B46197E10A8EEF77AF90B
:1055B00010AAE968A86800F03FFA002803D1042384
:1055C0003A6813433B60019B002B03D06B6B009A3E
:1055D0009342A4D116A92698EEF768FBA3E7002C06
:1055E000BCD19CE7B0010020F0B593B006000EA836
:1055F0000C90002008AC63601AAB08921A780CABD0
:1056000018721C9F04931B9B8C4602930D9006AD51
:1056100003976B4682421ED018AA03CA03C3614691
:10562000089A63682800FFF703FC230006CD06C331
:105630000C9DF5F769FA3A001D990B900BAB280009
:10564000F5F77AF833000CA806CC06C3EDF7C2FFD5
:10565000300013B0F0BD18AA03CA03C36146089A0C
:1056600063682800FFF7D2FDDFE7F0B593B00AAD1D
:105670006B6006001AAB1B981B786C300A9207937C
:105680000F00EFF703FA0EAA0C9200220CAB1A726D
:1056900004931C9B0D920393079A1B9B0690029305
:1056A00008AC6B46002A23D018AA03CA03C33900EA
:1056B0000A9A6B682000FFF7BBFB0CCC0CC50D9C55
:1056C000002C0BD021001D98F4F775FA0C9B0C9957
:1056D0001A191D9B06981B68EFF786FB32000AAB70
:1056E00003CB03C20CA8EDF775FF300013B0F0BD7B
:1056F00018AA03CA03C339000A9A6B682000FFF78F
:1057000085FDDAE70123164A1168194200D11360BA
:10571000144A1168194200D113600123124A11681A
:10572000194200D11360114A1168194200D1136067
:1057300001230F4A1168194200D113600D4A116804
:10574000194200D1136001230B4A1168194200D19C
:1057500013600A4A1168194200D113607047C046AD
:10576000CC880120C8880120C4880120C08801207D
:10577000BC880120B8880120B4880120B0880120AD
:1057800070B5174B04000D001600002900D11368F6
:105790002360002D20D10C3B72691B68E250114B35
:1057A000002D00D1B3692000A36008300E49002D00
:1057B00001D131000C31EDF79FF80C49002D00D1DB
:1057C000311D200000F0CCF8AB0703D520000C30D1
:1057D000E7F72EF8200070BD054A0C23DEE7C0462F
:1057E000D86F0408EC6F0408BC6F0408B46F040899
:1057F0000070040810B500220221FFF7C1FF10BDA0
:1058000008B4024B9C46083808BC6047F5570308AB
:10581000036810B50C3B1B68C018FFF7EBFF10BD09
:1058200010B50400FFF7E6FF2000E6F7BCFF2000FC
:1058300010BD08B4024B9C46083808BC6047C046FF
:1058400021580308036810B50C3B1B68C018FFF70C
:10585000E7FF10BD10B50A000021FFF791FF10BD52
:1058600070B504000D00043100F080F8290020001C
:105870000C310830EDF75CF82B68200023600C3BFE
:105880001B686A69E250AB69A36070BD10B5040083
:105890000C30E7F71FF80849200000F067F82000F7
:1058A00006490830EDF744F8054B20002360054B0E
:1058B000E360054BA36010BDB46F0408BC6F04081F
:1058C000D86F040800700408EC6F0408064B10B58C
:1058D0000360064B04008360002343600830E6F752
:1058E000A7FF200010BDC046407004085470040893
:1058F000036810B50C3B1B68C018FFF7E7FF10BD2D
:1059000010B50400FFF7E2FF2000E6F74CFF20008F
:1059100010BD036810B50C3B1B68C018FFF7F0FF03
:1059200010BD000010B50C4B0400002900D1136815
:10593000236000290DD10C3B52681B68E250002304
:1059400063608B0703D520000830E6F771FF200065
:1059500010BD024A0823F1E740700408547004089F
:1059600010B50A000021FFF7DDFF10BD0B6810B570
:1059700003600C3B4A6819680400425000214160F2
:1059800018682018E6F7DDFF200010BD70B505008F
:10599000040008352800E6F79DFF0021044B28008D
:1059A0002360044B6160A360E6F7CBFF200070BD6D
:1059B0004070040854700408012302681A4206D19A
:1059C0004278002A00D0FFDE4370180070470020A4
:1059D000FCE701230360704710B50800110002F0D6
:1059E00013FB8317421E9041184310BD10B50800E9
:1059F00011001A0003F0B4FF10BD10B5080011002B
:105A000004F02AFA8317421E9041184310BD10B5C6
:105A1000080011001A0005F04FF810BD10B5040081
:105A20000399EEF7F5F9200010BD10B504000399B5
:105A3000F4F7EAF9200010BD10B553681268F5F7C5
:105A400023FA10BD70B584680500002C17D14420DE
:105A5000E6F7ADFE234B44600360030043338460EC
:105A6000C46004744474847444618461C4610462D5
:105A700044628462C46204634463A8601C702E2381
:105A80000024AA68184E5374AA68023B9374AA684B
:105A9000164B31009360AA68D460AA685361AA6863
:105AA0009461AA68D361AA681462AA685362AB6859
:105AB00004229C62AB68DC62A868303001F0F2FD21
:105AC000A86831003430042201F0ECFD084B19685D
:105AD000AB680A5D1B19383301341A700B2CF7D1EF
:105AE00070BDC046703F04089A4F0408E80A0408D5
:105AF000B001002070B584680500002C17D1442047
:105B0000E6F755FE234B4460036003004333846093
:105B1000C46004744474847444618461C461046224
:105B200044628462C46204634463A8601C702E23D0
:105B30000024AA68184E5374AA68023B9374AA689A
:105B4000164B31009360AA68D460AA685361AA68B2
:105B50009461AA68D361AA681462AA685362AB68A8
:105B600004229C62AB68DC62A868303001F09AFDC8
:105B7000A86831003430042201F094FD084B196804
:105B8000AB680A5D1B19383301341A700B2CF7D13E
:105B900070BDC046603F04089A4F0408E80A040834
:105BA000B0010020074B10B5040003608068002896
:105BB00002D003685B6898472000F4F787FF200055
:105BC00010BDC046A461040810B50400FFF7EAFF49
:105BD0002000E6F7E8FD200010BD0000074B10B5DF
:105BE000040003608068002802D003685B6898475F
:105BF0002000F4F76BFF200010BDC046D8610408F8
:105C000010B50400FFF7EAFF2000E6F7CCFD200006
:105C100010BD000070B584680500002C17D17020FD
:105C2000E6F7C5FD244B4460036003006C338460D9
:105C3000C460047444618461C46104624462846227
:105C4000C462046344638463C463A8601C702E222E
:105C50000024AB68194E5A61AB68023A9A61AB688E
:105C6000174A31009A60AB68DC60AA68154BD361B3
:105C7000AA681462AA685362AA689462AA68D36286
:105C8000AB6804221C63AB685C63A868383001F021
:105C900009FDA86831003C30042201F003FD0A4BE5
:105CA000196823000A5D1033A8689B0001341A505C
:105CB0000B2CF6D170BDC0467C4904089A4F0408ED
:105CC000E80A0408B87B0408B001002070B58468B5
:105CD0000500002C17D17020E6F769FD244B4460C5
:105CE000036003006C338460C460047444618461A5
:105CF000C461046244628462C46204634463846372
:105D0000C463A8601C702E220024AB68194E5A612F
:105D1000AB68023A9A61AB68174A31009A60AB6887
:105D2000DC60AA68154BD361AA681462AA68536242
:105D3000AA689462AA68D362AB6804221C63AB6849
:105D40005C63A868383001F0ADFCA86831003C30D5
:105D5000042201F0A7FC0A4B196823000A5D1033E6
:105D6000A8689B0001341A500B2CF6D170BDC046B8
:105D70006C4904089A4F0408E80A0408B87B040830
:105D8000B0010020074B10B50400036080680028B4
:105D900002D003685B6898472000F4F797FE200064
:105DA00010BDC0467C6C040810B50400FFF7EAFF84
:105DB0002000E6F7F8FC200010BD0000074B10B5EE
:105DC000040003608068002802D003685B6898477D
:105DD0002000F4F77BFE200010BDC046B06C040824
:105DE00010B50400FFF7EAFF2000E6F7DCFC200016
:105DF00010BD000070B585680400002D11D1682029
:105E0000E6F7D5FC204B45600360030064338560F2
:105E1000C560057445618561C56105628584A060C2
:105E20001D70A368194A2E219A600023A268D360CE
:105E3000A2681374A2680532D177A26802390632CB
:105E4000D177134A1068A268C15CD21807320133B7
:105E5000D177242BF7D10F4B18680023A268C15CBF
:105E6000D2184A32013311701A2BF7D1A3680A4AAB
:105E70005A610422A3689A61A368084ADA6105227C
:105E8000A3681A6270BDC046803F0408E80A04088F
:105E9000AC010020A8010020785104087D510408BD
:105EA000074B10B5040003608068002802D0036827
:105EB0005B6898472000F4F709FE200010BDC0463B
:105EC0008061040810B50400FFF7EAFF2000E6F740
:105ED0006AFC200010BD000070B584680500002C2D
:105EE00013D194204000E6F762FC1C4B4460036031
:105EF00092235B008460C460047444618461C46163
:105F0000046244628462A860C4542E21AB68144ABF
:105F100059629A600022023999621249DA600C686B
:105F20001A749100A05C59180132C862242AF8D171
:105F30000D4A180011681A002530BC32FF300C7869
:105F4000013110C28242FAD1084A5A6104229A6190
:105F5000074ADA6105221A6270BDC0468C490408FE
:105F6000E80A0408AC010020A801002084510408BC
:105F700098510408074B10B504000360806800289E
:105F800002D003685B6898472000F4F79FFD20006B
:105F900010BDC046586C040810B50400FFF7EAFFB6
:105FA0002000E6F700FC200010BD0000F0B54F46D1
:105FB0004646D646C0B54B0089460C00CD4986B052
:105FC0004518CD4906005A1E8D4200D9F4E0CB4950
:105FD0008A4200D947E100239A46C94BF418C94BBD
:105FE000650298462D0FE40DE4052D014544301B54
:105FF000CCF76AFF2A686B68CCF70AF90022C24B1B
:10600000CCF778FB02000B0006000F00CCF700F97C
:1060100000900191E015CCF7EBFEAA68EB68CBF796
:10602000D1F943462133FF3304001A685B680D0041
:1060300030003900CCF7ECF802000B0020002900FA
:10604000CBF7C0F943460133FF33029003911A683E
:106050005B6830003900CCF7DBF843460933FF3387
:106060001A685B68CBF7AEF904000D00009801993F
:1060700002000B00CCF7CCF802000B002000290036
:10608000CCF7C6F843461133FF3304001A685B6847
:106090000D0030003900CCF7BBF843461933FF330D
:1060A0001A685B68CBF78EF9009A019BCCF7B0F8C1
:1060B000029A039BCBF786F922002B00CBF782F9DB
:1060C000040048460D00CCF7FFFE0B00020029003B
:1060D0002000CCF79DF88D4B0F0049000600090CFD
:1060E000994200D981E08A4B300098460133FF3352
:1060F0001C685D68390022002B00CBF763F9220091
:106100002B0004000D00CCF7F5FA02000B00300064
:106110003900CCF7EFFA1F232340DB0043440294FD
:1061200003955C681B680093019443461933FF3361
:106130001A685B6806000F00CCF76AF80022724B01
:10614000CBF740F943460933FF33049005911A68B1
:106150005B6830003900CCF75BF843461133FF33FE
:106160001A685B68CBF72EF9320004000D003B0083
:1061700030003900CCF74CF802000B002000290059
:1061800054460025CCF744F8049A059BCBF71AF93E
:10619000029A039BA4185D410022E303009C019D29
:1061A00012196B41CCF734F8CCF7E0FE06B01CBCFA
:1061B00090469946A246F0BD50498A4253D84500C0
:1061C0006B1E8B425BD800239A4600282ADB514B7A
:1061D0009E4200D901E79621C905CAF753FD4E4BEF
:1061E00046009C4676086644F7E64C4A4C4B300025
:1061F0003900CAF751F9002831D10022494B30004B
:106200003900CAF73FF9002822D10022464B30005E
:106210003900CAF72DF9002800D164E7504600F094
:1062200091FBC3E763001B0E7E2B15DD962B0DDC67
:106230009622D21A012393405A1E22420CD14A467A
:106240001A40924602D080235B029A466E08BEE74F
:10625000504600F071FBA9E700F090FBA6E750461E
:1062600000F076FBA2E7002B24D18023214ADB0338
:1062700043405B00934219D8FE20800596E7011C3D
:10628000CAF700FD0021002E59DB002D4ED1002C55
:1062900000DB8BE7080000F061FB87E780234A46BC
:1062A000DB035340134A5B009342E5D94946CAF7E2
:1062B00077F97BE7FE2292059642EFD0FF2241005C
:1062C00012069142F2D89342F0D1FE23DB059942A7
:1062D000D2D04B46084ADB438A4289414942DB0F10
:1062E0000020994200D061E749464846CAF7CAFCF7
:1062F0005CE7C046000080FFFFFFFF7EFEFFFFFE61
:106300000000CDC0787004080000F03FBE8000009F
:10631000C0710408FFFF7F00000080F471D5D1FF39
:10632000FFFF5F4000C062C000A062C0002C00DB25
:106330003CE7011CFE208005CAF7CCFA36E7630073
:106340001B0E1A007F3A172A9FD89622D21A0123D1
:1063500093405A1E224298D14946194095D0802335
:106360001B069C46012160448FE7C04643001B0E7C
:106370007F3B10B5011C162B0BDC002B0EDB0B4CEE
:106380001C41044204D08022D2031A411018A043B9
:1063900010BD802BFCD1CAF703F9F9E7C00FC00785
:1063A0000133F5D1FE239B051843F1E7FFFF7F0082
:1063B00043001B0E7F3B162B04DC002B03DB034A40
:1063C0001A4190437047C00FC007FBE7FFFF7F00F3
:1063D000F0B54746CE4680B58DB004000D0000F004
:1063E00051F93C4B06001B780F005BB29846013315
:1063F00010D022002B0020002900CCF799FF814605
:10640000002807D10022002320002900CAF73AF80B
:10641000002806D1300039000DB00CBC90469946DA
:10642000F0BD2D4B0494059503934B460A934346C8
:1064300006940795002B1AD1E022284B12060892E9
:1064400009932000002200232900CAF70BF8002836
:1064500038D00223029302A800F0A6FA002817D031
:106460000A9B0193002B18D1089E099FD2E70022B6
:106470001B4B200008920993290000220023C9F732
:10648000F1FF00280FD0022302934346022BE2D1F2
:1064900000F082FD22230360E2E700F07DFD0A9B0D
:1064A00001930360E0E7012302934346022B0BD1E3
:1064B00000F072FD212303600A4800F077FA08908B
:1064C0000991CDE70123029302A800F06DFA00289C
:1064D000F2D1EDE728020020A0710408FFFFEFC70A
:1064E0000000F0FFA8710408F0B500258DB0041C71
:1064F00000F05AF9354B061C5D576B1C0BD0211C64
:10650000201CCCF7FFFE071E05D10021201CC9F777
:10651000F3FF002802D1301C0DB0F0BD2C4B201C25
:1065200003930A97CCF7D0FC06900791049005914D
:10653000002D1BD1E022274B12060021201C0892BF
:106540000993C9F7C9FF002837D00223029302A894
:1065500000F02AFA002817D00A9B0193002B18D1CB
:1065600008980999CCF702FD061CD4E700221A4BC3
:106570000021201C08920993C9F7AEFF00280ED015
:1065800002230293022DE2D100F006FD22230360D4
:10659000E2E700F001FD0A9B01930360E0E70123BD
:1065A0000293022D0BD100F0F7FC212303600B486E
:1065B00000F0FCF908900991CEE70123029302A8AC
:1065C00000F0F2F90028F2D1EDE7C04628020020E1
:1065D000AC710408FFFFEFC70000F0FFA8710408CA
:1065E000F0B500258DB0041C00F036F9234B061CD5
:1065F0005D576B1C0BD0211C201CCCF783FE071EA3
:1066000005D10021201CC9F76DFF002802D1301CE4
:106610000DB0F0BD01230293194B201C03930A9780
:10662000CCF752FC002206900791049005910023BC
:10663000002D15D010001900CBF7E0F90890099152
:10664000022D0FD100F0A8FC212303600A9B0193C7
:10665000002B0DD108980999CCF788FC061CD6E7C9
:106660000892099302A800F09FF90028EED1E9E70B
:1066700000F092FC0A9B01930360EBE728020020E4
:10668000B4710408F0B5CE46474680B53A4A83B0A7
:1066900004000D000B0091421CDC4A00520802432A
:1066A0005AD000295FDB0022344BCBF7B1FD0D003F
:1066B0000B003621324A0400494293420EDD22008B
:1066C0002B0020002900CAF77DFE03B00CBC9046C9
:1066D0009946F0BD2A4A00219342F0DC294A181558
:1066E000944660444018C20F91461B031B0B48445C
:1066F0009846CCF77DFB4A46234B06009B1A424640
:106700001B051A430F002000110000F0F7F91F4A83
:1067100004000D001E4B30003900CBF779FD1D4AF7
:10672000009001911C4B20002900CBF771FD020065
:106730000B0000980199CAF745FE184A04000D00A5
:10674000174B30003900CBF763FD02000B0020002F
:106750002900CAF737FEB8E70022002300201149BC
:10676000CBF74CF9B1E70200CBF7C4FF00220023BE
:10677000CBF744F9A9E7C046FFFF0F0000005043E4
:10678000FFFFEF7F01FCFFFFFF030000362BF1113D
:10679000F3FE593D0EE526157BCBDB3F00609F5095
:1067A0001344D33F000050C370B50300420037D0FC
:1067B00000283BDB234A90423FDC234900228842E9
:1067C00006DC9821C905CAF75DFA19220300524276
:1067D000D8157F388018C60F5B0280195C0ACAF78B
:1067E00067FD051C7F20801BC005204300F0E4F8F6
:1067F0001649061C281CCAF745FA1549041C301C0A
:10680000CAF740FA011C201CC9F7CAFE1149041C32
:10681000281CCAF737FA011C201CC9F7C1FE04E086
:10682000CC2000210006CAF755F870BD011CCAF73C
:106830005BFB0021CAF74EF8F7E7011CC9F7B0FE71
:10684000F3E7C046FFFF7F7FFFFF7F00DB27543564
:10685000D95BDE3E80209A3E2A49430070B5020093
:10686000041C5B088B423BD8002B38D000283EDB51
:106870002549C6158B420BD88020000420423DD10B
:10688000002300E00B005200591C0242FAD0F61A15
:10689000802352021B04520A1A437F3E5300F10721
:1068A00000D5930080227010192100260025520483
:1068B000AC189C4202DCA5181B1BB61801395B0002
:1068C00052080029F4D1002B02D0012301369E4347
:1068D000FC239B059C4676106644C005801970BD5C
:1068E000011CCAF7CFF9211CC9F75AFEF7E7011CB2
:1068F000CAF7FAFA011CC9F7EDFFF0E701235B4282
:10690000C5E7C046FFFF7F7FFFFF7F0070B50D002A
:10691000041C00F041FB0560201C70BD10B50B1C71
:10692000002802D080231B06CB18181CCAF7AAF92E
:106930002221FFF7EBFF10BD802110B54905FFF7BD
:10694000EDFF10BDD12110B54905FFF7E7FF10BDE0
:10695000E02110B5C905FFF7E1FF10BD10B5002813
:1069600008D1FE2080050021C9F7B4FF2221FFF7DE
:10697000CDFF10BD0048F6E7000080BF70B5011CD8
:10698000041CCAF7B1FA011CC9F7A4FF211C051C9D
:10699000201CCCF7B7FC002804D1281C2121FFF7CC
:1069A000B5FF051C281C70BD002070470020014960
:1069B0007047C0460000F87FF0B5D6464F464646C1
:1069C000FE22C0B5030082B09205904200D16CE077
:1069D000434A444982188A4200D968E0424A4349FE
:1069E00092469A44524689465202120F12014A4474
:1069F00090465246D00DC005181ACCF765FA4346AA
:106A00001A685B68CBF704FC0022394BCBF772FEA7
:106A100002000B0006000F00CBF7FAFB4B461133C8
:106A2000FF3304001A685B680D0030003900CBF7B3
:106A3000EFFB4B461933FF331A685B68CAF7C2FC99
:106A40004B460933FF33009001911A685B682000C0
:106A50002900CBF7DDFB009A019BCAF7B3FC2200AB
:106A60002B00CBF7D5FB53460400D8150D00CCF70F
:106A7000BFF94B460133FF331A685B68CBF7C8FB9D
:106A800043469A68DB68CAF79DFC32003B00CAF7B0
:106A900099FC22002B00CAF795FCCCF767FA02B0EC
:106AA0001CBC90469946A246F0BD0020F7E7420084
:106AB0000FD0FF21C9058842F1D000280DDB0D4B16
:106AC0009A420AD89621C905CAF7DCF80A4BC318BE
:106AD00084E70120FFF742FFE1E7FFF74FFFDEE722
:106AE000000080FFFFFFFF7E0000CDC00873040898
:106AF0000000F03FFFFFFFFE000080F4F0B5D64637
:106B00004F464646C0B5CA4A86B00B00914200DDEA
:106B1000CCE04A005208024300D1D6E0002900DA56
:106B2000E6E0C44B0022CBF773FB3625C24C0B00CA
:106B30006D42A34200DDBEE01A15C04C1B031B0BC7
:106B40009846A4468024BE4B640343442340BD4C76
:106B5000624452195C4045461B1599462543B94B82
:106B6000290091440022CBF7C5FD434602331B03A5
:106B700006000F001B0B0022022B00DCACE0802380
:106B8000DB05CAF71FFC02000B0030003900CAF712
:106B900035FF040048460D00CCF72AF9220000908A
:106BA00001912B002000290004940595CBF730FBC0
:106BB0000D000400A449220041442B008A46200015
:106BC000290002940395CBF723FB04000D009F4A94
:106BD0009F4BCBF71DFB9F4A9F4BCAF7F3FB22004D
:106BE0002B00CBF715FB9D4A9D4BCAF7EBFB220010
:106BF0002B00CBF70DFB9B4A9B4BCAF7E3FB029A9A
:106C0000039BCBF705FB994A02900391984B200018
:106C10002900CBF7FDFA974A974BCAF7D3FB22001E
:106C20002B00CBF7F5FA954A954BCAF7CBFB220020
:106C30002B00CBF7EDFA0B00020002980399CAF77C
:106C4000C1FB0D0041468F4B04005B1A51460B43BC
:106C5000002B00DC95E000228B4B30003900CBF795
:106C6000D7FA32003B00CBF7D3FA0A000100130039
:106C700002910392020029002000CAF7A3FB049AA4
:106C8000059BCBF7C5FA4B4604000D00002B00D046
:106C90008DE002000B0002980399CBF72BFD020058
:106CA0000B0030003900CBF725FD08E0624C0025D1
:106CB000A34200DC40E702000B00CAF783FB06B0EA
:106CC0001CBC90469946A246F0BD0022002300203D
:106CD0006E49CAF793FEF2E70023C9F7C3FB002809
:106CE0000ED04B46002B00D084E000200021E6E7C8
:106CF0000200CBF7FFFC00220023CAF77FFEDEE78D
:106D0000634A644B30003900CBF782FA02000B0073
:106D100000205D49CBF7EEFC320004000D003B0083
:106D200030003900CBF774FA0B0002002900200074
:106D3000CBF76EFA4B4604000D00002B30D04846CE
:106D4000CCF756F800900191534A544BCBF760FAB8
:106D5000534A0290039100980199524BCBF758FA8D
:106D600002000B0020002900CBF7C4FC32003B00DE
:106D7000CBF7C0FC02000B0002980399CBF7BAFCDA
:106D80009DE722002B0030003900CBF7B3FC049ABA
:106D9000059BCBF73DFA4B4604000D00002B41D17B
:106DA00022002B0030003900CBF7A4FC87E73A4AD9
:106DB0003A4B00980199CBF72BFA394A0490059188
:106DC00000980199374BCBF723FA22002B00CAF722
:106DD000F9FA02000B0002980399CBF78BFC320002
:106DE0003B00CBF787FC02000B0004980599CBF71A
:106DF00081FC64E74846CBF7FBFF274A274B04009A
:106E00000D00CBF705FA264A06000F00254B20009F
:106E10002900CBF7FDF902000B0030003900CAF75A
:106E2000D1FA4CE71C4A1D4B009801998EE7C046E9
:106E3000FFFF0F0000005043FFFFEF7F01FCFFFF4B
:106E4000645F09000000F03F86EBF9FF44523EDF2B
:106E500012F1C23FDE03CB966446C73F599322949A
:106E60002449D23F935555555555E53F9FC678D097
:106E7000099AC33FAF788E1DC571CC3F04FA97992C
:106E80009999D93F51B806000000E03F000050C377
:106E9000555555555555D53F0000E0FE422EE63F6D
:106EA000763C7935EF39EA3D10B5062000F0B6FFA3
:106EB0000120D3F75FFF000030B51C00094B05002F
:106EC0001B6885B0D868084B002A01D1074B1A000F
:106ED0000292019300912B002200054900F0CCF9A9
:106EE000FFF7E2FF2C02002028740408E80A0408D7
:106EF00035740408F0B587B0431C03D1012040422B
:106F000007B0F0BD0B266E4430700822002104A8A3
:106F100000F0E4FB174D2F68BC6D002C18D15020F9
:106F200000F04CFB2B68B8659B6D1C605C609C603E
:106F3000DC601C615C619C619C62DC621C635C6364
:106F40009C63DC631C645C649C64DC641C775C6232
:106F50002868036A002B00D1074B04AAE43300928F
:106F60001C683200012303A9A0470128C6D8039852
:106F7000C6E7C0462C0200209002002010B5040095
:106F800004481300002804D00A000220210000E079
:106F900000BF10BD00000000014B18687047C046DC
:106FA0002C020020F7B58A8905000C00130760D475
:106FB0004B68002B04DC0B6C002B01DC0020FEBDB9
:106FC000E76A002FFAD000232E682B6080235B0134
:106FD000216A1A4034D0606DA3895B0706D56368C7
:106FE000C01A636B002B01D0236CC01A0200216A07
:106FF00000232800E76AB847A189431C06D12B6803
:107000001D2B30D82B4ADA40D3072CD500236360E0
:1070100023692360CB0405D5431C02D12B68002BC8
:1070200000D16065616B2E600029C7D02300443316
:10703000994202D0280000F059FB00206063BEE7AF
:1070400001232800B847431CC6D12B68002BC3D0AE
:107050001D2B01D0162B01D12E60AFE74023A28952
:107060001343A381ABE740230B430120A38140429C
:10707000A5E70F69002FA1D00B680F60DB1B019300
:107080000023920700D14B69A360019B002B00DC19
:1070900094E7019B3A00216A2800A66AB0470028BD
:1070A00003DC4023A2891343DFE7019B3F181B1A2F
:1070B0000193EAE7010040200B6970B505000C0060
:1070C000002B01D1002070BD002804D08369002B63
:1070D00001D100F05FF80B4B9C4209D16C680C2287
:1070E000A35E002BEED021002800FFF75BFFEAE74C
:1070F000054B9C4201D1AC68F1E7044B9C42EED1B8
:10710000EC68ECE788750408A8750408687504083D
:10711000002310B5040003604360836081814366EF
:10712000C281036143618361190008225C3000F071
:10713000D5FA054B24626362044BA362044BE362FD
:10714000044B236310BDC046517F03087D7F0308B5
:10715000B57F0308E17F030810B5024900F09CF8F1
:1071600010BDC046B970030870B568254A1E554366
:107170000E002900743100F003FB041E08D000212A
:107180002A00016046600C30A060683200F0A6FA68
:10719000200070BD836913B50400002B28D18364DF
:1071A000C3640365134B144A1B68826201939842BF
:1071B00001D101238361200000F020F860602000ED
:1071C00000F01CF8A060200000F018F80022E06039
:1071D00004216068FFF79CFF01220921A068FFF7E6
:1071E00097FF02221221E068FFF792FF0123A361BB
:1071F00013BDC046C875040859710308F8B51C4B87
:1072000007001E68B369002B02D13000FFF7C2FFF0
:107210004836B4687368013B04D53368002B07D047
:107220003668F6E70C22A55E002D0DD06834F2E733
:1072300004213800FFF798FF30600028F0D10C23BC
:1072400004003B602000F8BD20000A4B6566256005
:107250006560A560E36025616561A561082229007C
:107260005C3000F03BFA6563A563A564E564E9E77B
:10727000C87504080100FFFF0EB403B5010003AB9D
:10728000044804CB0068019300F000FB02B008BC86
:1072900003B018472C020020F7B5040007000026B1
:1072A00001914834002C01D13000FEBD6368A5680F
:1072B0000093009B013B009301D52468F2E7AB8962
:1072C000012B08D90E22AB5E013304D0290038000F
:1072D000019B984706436835EBE7000070B5002630
:1072E0000C4D0D4C641BA410A64209D1002607F0DA
:1072F000FFF80A4D0A4C641BA410A64205D170BDCC
:10730000B300EB5898470136EEE7B300EB589847C7
:107310000136F2E7547C0408547C0408547C0408C9
:10732000887C04080139030010B500200B290BD814
:107330000800C8F7F3FE060A0E12161A1E22262AA5
:107340002E32180004F0ECF810BD180004F0F6F826
:10735000FAE7180004F0FEF8F6E7180004F00AF95E
:10736000F2E7180000F01DF8EEE7180000F020F832
:10737000EAE7180000F028F8E6E7180000F02CF81B
:10738000E2E7180000F034F8DEE7180000F03EF8FD
:10739000DAE7180000F046F8D6E7180000F04AF8DF
:1073A000D2E7030009220020303B9A424041704757
:1073B00010B5040000F010F8002804D0200000F000
:1073C00025F84342584110BD10B5040002F0ECFA14
:1073D000001B431E984110BD10B504000020FF2C77
:1073E00005D800F067F8682300194078984310BD6D
:1073F00010B5040004F094F803000020834204D187
:107400002000FFF7D5FF431E984110BD10B50400C2
:107410000020FF2C05D800F04DF808230019407813
:10742000184010BD10B5040002F0AFFA001B431E57
:10743000984110BD0200303A03000120092A06D904
:10744000202200209343413B1B3A9A42404170471F
:1074500070B5141E0B4D12D00B491000CBF740FF36
:1074600000280CD029002000CBF73AFF002806D0D6
:1074700006492000CBF734FF0023984200D12B00AF
:10748000180070BD72F80308CC750408E80A0408F7
:10749000044B1B681B6A002B00D1034B9422520043
:1074A000985C70472C02002090020020EC300068AD
:1074B00070470000044B1B681B6A002B00D1034B74
:1074C000EC3318687047C0462C0200209002002060
:1074D00010B5034B0A0001001868FFF7B9FF10BD93
:1074E0002C02002070B50E001D000E23C95E96B060
:1074F0001400002907DA00232B60B3891B0611D47E
:107500008023DB000FE06A4603F06EFC0028F2DB0C
:10751000F022019B12021340054A9B185A42534124
:107520002B60EDE740230020236016B070BDC046FD
:1075300000E0FFFFF7B502268B8905000C003342FF
:1075400006D0230047332360236101236361F7BD25
:1075500001AB6A46FFF7C6FF00990700280000F05C
:107560000FF9002808D10C22A35E9A05EFD403225C
:1075700093431E43A681E4E70F4BAB628023A289AD
:1075800020601343A381009B20616361019B002B5A
:107590000DD00E23E15E280003F0B0FF002806D0D6
:1075A0000322A38993431A0001231343A381A089D3
:1075B0003843A081CBE7C0465971030810B5034B8F
:1075C0000100186800F0DCF810BDC0462C02002055
:1075D00010B5034B0100186800F088F810BDC046D4
:1075E0002C02002073B504000F48069D0068006A55
:1075F000002A11D1002800D10C4801230021E430D9
:10760000009506680A4A2000B047431C03D10023B6
:107610002B608A33236076BD002800D10348E43014
:1076200000950668EFE7C0462C020020900200207B
:10763000E80A040807B5009313000A000100024895
:107640000068FFF7CFFF0EBD2C02002082B000299A
:1076500000D101A9101E06D0002B06D013780B60B4
:107660001078431E984102B0704702204042FAE76A
:10767000C9B28218904201D10020704703788B4232
:10768000FBD00130F6E730B50024A24201D1002042
:1076900005E0035D651C0C5DA34201D0181B30BDE5
:1076A0002C00F2E7002310B59A4200D110BDCC5C4B
:1076B000C4540133F8E710B5884202D98B189842B8
:1076C00003D3002307E08B5C8354013AFBD210BD47
:1076D000CC5CC45401339A42FAD1F8E70300121883
:1076E000934200D1704719700133F9E770B5050076
:1076F000002910D00C1F2368002B00DAE4182800A2
:1077000003F07BFF1D4A1368002B05D163601460F2
:10771000280003F073FF70BDA34209D921686018E7
:107720008342F3D118685B6841182160EEE71300CB
:107730005A68002A01D0A242F9D919685818A04203
:107740000BD120680918581819608242E0D11068DE
:107750005268411819605A60DAE7A04202D90C2336
:107760002B60D5E721686018824203D11068526807
:107770004118216062605C60CAE7C046F088012061
:10778000032370B5CD1C9D43083506000C2D1ED279
:107790000C25A9421DD8300003F02FFF254A14689C
:1077A0002100002919D1244C2368002B03D130007B
:1077B00000F0F8FA20602900300000F0F3FA431CD2
:1077C0002BD10C233000336003F018FF03E0002DB1
:1077D000DFDA0C233360002070BD0B685B1B19D40B
:1077E0000B2B03D90B60CC18256003E04B688C424F
:1077F0000DD11360300003F001FF200007220B3091
:10780000231D9043C31AE7D05A42E250E4E7636075
:107810000C00EFE70C004968C3E70323C41C9C433A
:10782000A042E1D0211A300000F0BCFA431CDBD1A9
:10783000C7E7C046F0880120F4880120936810B59E
:10784000013B9360002B04DA9469A34207DB0A2909
:1078500005D01368581C10601970080010BD02F0A4
:1078600073FA0100F9E7F8B506000F001400D51807
:10787000AC4201D1002007E021783A003000FFF748
:10788000DDFF0134431CF3D1F8BD0000F0B59FB01B
:1078900002900F0016000593002805D08369049319
:1078A000002B01D1FFF776FC7B4B9F425BD1029B03
:1078B0005F68BB891B0762D53B69002B5FD0002343
:1078C00006AC6361203363761033A37635002B78E2
:1078D000002B01D0252B5CD1AB1B04930CD03200C4
:1078E00039000298FFF7BFFF431C00D1C4E0626972
:1078F000049B9446634463612B78002B00D1BBE06A
:10790000012200235242626002A9543252186E1CB6
:107910002360E360A3601370A365317805225F489C
:10792000FFF7A6FE751C002835D12268D30604D5C2
:10793000532302A95B1820211970130704D5532380
:1079400002A95B182B21197033782A2B2CD0350013
:1079500000210A20E3682A786E1C303A092A64D98B
:1079600000292ED026E04E4B9F4202D1029B9F68F9
:107970009FE74C4B9F429CD1029BDF6899E73900FF
:10798000029803F0A5F9002899D0012040421FB0C9
:10799000F0BD01359BE7414B2268C01A01238340AB
:1079A000134323602E00B8E7059B191D1B68059142
:1079B000002B01DB099304E05B42E36002231343E5
:1079C00023602B782E2B0AD16B782A2B35D1059B7F
:1079D00002351A1D1B680592002B2BDB0793324ED4
:1079E000297803223000FFF743FE002806D0402309
:1079F000801B8340226801351343236029780622C7
:107A00002A486E1C2176FFF733FE00283AD0284B17
:107A1000002B25D10722059B073393430833059399
:107A20006369039A9B18636150E7434301219B18E4
:107A3000350090E701235B42D0E700230A201A00BB
:107A40000135636029786E1C3039092903D9002B70
:107A5000C5D00792C3E74243012352183500F1E72E
:107A600005AB00933A00134B2100029800E000BFE1
:107A70000390039B0133D3D1BB895B0600D584E718
:107A80000B9884E705AB00933A000A4B210002985B
:107A900000F080F8ECE7C04688750408D275040849
:107AA000A875040868750408D8750408DC7504080E
:107AB0000000000067780308F7B5150001938A6895
:107AC0000B6900900C00934200DA130022002B6037
:107AD00043321278002A01D001332B6023689B06C1
:107AE00002D52B6802332B60062723681F4027D05E
:107AF000230043331B785A1E93412268920630D4E8
:107B00002200019943320098089EB047431C25D0BB
:107B1000062320682A68E16803400025042B03D16E
:107B20008D1AEB43DB171D40A3682269934201DDE8
:107B30009B1AED180027BD4220D1002010E001372C
:107B4000E3682A689B1ABB42D2DD22000123193266
:107B500001990098089EB047431CF0D10120404293
:107B6000FEBD3020E1184331087021005A1C453118
:107B70000978A218433202331170C1E722000123B1
:107B80001A3201990098089EB047431CE6D001378D
:107B9000D1E70000F0B589B004920A0043320593A2
:107BA000039002920A7E0C000E9B6E2A00D186E0A2
:107BB0001FD8632A33D008D8002A00D18CE0582A75
:107BC0004DD0250042352A7030E0642A01D0692A60
:107BD000F7D1196825680A1D280629D508681A6092
:107BE000002803DA2D23029A404213706B4E0A27B5
:107BF0004FE0732A74D008D86F2A1FD0702AE0D1C2
:107C0000202209680A43226003E0752A16D0782AE8
:107C1000D7D12200782145321170614E22E0250033
:107C20001A684235111D196013682B70012365E035
:107C300008681A606906D3D500B2D1E719682568CB
:107C4000081D186008682E0605D5544E08276F2AAF
:107C50001BD00A2719E06D06F7D580B2F5E745314C
:107C60004E4E0A7018682268011D006819601506DA
:107C700021D5D30702D520231A43226010270028DC
:107C800003D1202322689A43226023000022433339
:107C90001A706368A360002B58DB042221689143AB
:107CA0002160002854D1029D002B5AD02500337842
:107CB00042352B7055E05506DBD580B2D9E71A68FE
:107CC0000D68101D4969186013682E0601D51960EA
:107CD00002E06D06FBD519800023029D23614FE071
:107CE0001A68111D19601568002162682800FFF7E5
:107CF000BFFC002801D0401B606063682361002343
:107D0000029A13703CE023692A0004990398059DA8
:107D1000A847431C3ED023689B0715D4079BE06807
:107D2000984239DA180037E0220001231932049909
:107D30000398059EB047431C2CD00135E368079A91
:107D40009B1AAB42F0DCE9E70025F7E70028ADD04D
:107D5000029D3900C8F786FA735C013D2B7000283C
:107D6000F7D1082F09D12368DB0706D5636822699C
:107D7000934202DC3023013D2B70029B5B1B23618D
:107D8000059B07AA00932100049B0398FFF794FE2C
:107D9000431CB8D10120404209B0F0BDB24F0408E5
:107DA000E3750408002370B5064C05000800236045
:107DB000D3F70EF8431C03D12368002B00D02B60AF
:107DC00070BDC0463CAA012070B504000D001F29FB
:107DD00004D9162303600120404270BD436C002B80
:107DE00004D08A009B181A68002A08D1200000F0ED
:107DF00031F82A000100200000F01AF8EDE7002019
:107E0000012AEAD0511C03D1162301302360E4E794
:107E1000002428001C6090472000DEE710B5034BCB
:107E200001001868FFF7D0FF10BDC0462C020020EB
:107E3000002370B5064C0500080011002360D2F73E
:107E400091FF431C03D12368002B00D02B6070BD31
:107E50003CAA012010B5D2F783FF10BD0CB430B599
:107E6000164B9DB00C1E1D6808DA8B2301202B6079
:107E700040421DB030BC08BC02B01847822302A9A2
:107E80009B008B810023029008619C4200D0631EFE
:107E90008B604B6101235B42CB81209A21AB280090
:107EA000019304F039F8431C01DA8B232B60002C7A
:107EB000DFD00023029A1370DBE7C0462C020020BB
:107EC0000EB400B50B499CB01DAB02900690079113
:107ED00004910948094904CB0591006802A901935E
:107EE00004F01AF80023029A13701CB008BC03B007
:107EF0001847C046FFFFFF7F2C0200200802FFFF4B
:107F00000EB4812370B59DB002AC21AD9B0040CD75
:107F1000A38102900690CBF7EDF90B4B6060636292
:107F20000023606109486363A364013BE38132007D
:107F30002B0021000068019504F048F91DB070BCC9
:107F400008BC03B01847C046797F03082C02002004
:107F500070B50C000E25495F04F01EFC002803DB01
:107F6000636D1B18636570BDA389024A1340A3812A
:107F7000F9E7C046FFEFFFFF00207047F8B51F008C
:107F80008B8905000C001600DB0505D50E23C95EA4
:107F90000022022303F010FBA389054A28001340A6
:107FA000A38132000E23E15E3B0002F07DFEF8BDAE
:107FB000FFEFFFFF70B50C000E25495F03F0FCFAE0
:107FC000A389421C03D1054A1340A38170BD8022BE
:107FD00052011343A3816065F8E7C046FFEFFFFF3E
:107FE00010B50E23C95E02F0EDFE10BD020010B503
:107FF0001378541C002B05D1CC5CD4540133002CD5
:10800000FAD110BD2200F3E710B5CBF769F910BD26
:1080100003000A7801311A700133002AF9D1704740
:10802000FA22436970B5D200DC171440643C1C1975
:108030000500A30706D164212000C8F7FDF901233C
:10804000002906D1C82120004900C8F7F5F94B42A4
:108050004B41EA691101AA6952008918C9182129FE
:108060000FDC202927DA0D2905DC0A2923DA01296A
:1080700021D9002014E01029FBDB11291BDD1C395C
:10808000F5E70E4B99420CDC0D4B994207DA0D4B8C
:10809000994204D0EDDB0C4BC9180229E9D8012024
:1080A00070BD0A4B9942FAD0094B9942F7D0094B5F
:1080B0009942DED1F3E701204042F1E7C616000005
:1080C000C2160000A21600004EE9FFFFD516000000
:1080D000D7160000D3160000F0B51E0000230D00D7
:1080E0001F00ABB0039008931378002B01D100F070
:1080F000B9FC252B7FD153780493302B00D185E038
:108100002B2B00D182E0531C079300230493002201
:10811000079B06921B78313B082B07D80A3222A90D
:10812000079801F009FC229B06900793079B1B7898
:10813000452B6ED1079B01330793079B1C782000CA
:10814000253855285AD8C7F7FDFF8404590059002F
:108150005900590059005900590059005900590057
:108160005900590059005900590059005900590047
:108170005900590059005900590059005900590037
:1081800059008800B000E300320159004C01AA01F7
:108190004D02560259005900590076025900590003
:1081A00084025900B80261036C0385039303E7035B
:1081B000E000FF03590459005900590059005900C3
:1081C00059006A009D00C4002001200159007B0174
:1081D0009D00590069024D02560270027B0259004F
:1081E00084025900DA00C202660376035900E003F4
:1081F000DD00EF031C04691EB94202D8002700F01D
:1082000036FC03990132CB5501376DE7931C079378
:108210007DE74F3B5A425341079AD3188CE7B36925
:10822000CB4A18339B009C582000CBF763F8E41B23
:1082300038186A1EB84209D10700079B1B78002B2B
:1082400001D100F00FFC079A01324DE7BA42D5D9AF
:10825000E15D039BD9550137ECE7B369BC4A1E3396
:108260009B00D3185C682000CBF744F8E41B381857
:108270006A1EB842E0D0BA42C0D9E15D039BD9552D
:108280000137F6E73369B24A9B009C582000CBF7D0
:1082900031F8E41B38186A1EB842CDD0BA42ADD9C5
:1082A000E15D039BD9550137F6E73369A84A0C33E2
:1082B0009B009C582000CBF71DF8E41B38186A1E61
:1082C000B842B9D0BA4299D9E15D039BD95501377B
:1082D000F6E79F4BA0331C682000CBF70BF8237800
:1082E000002BAAD0039B2200D819309BE91B0093D6
:1082F0003300FFF7F1FE002880DD3F189DE7944B27
:10830000E433E8E7924B9C33E5E7914B9833E2E79F
:108310007469904A0123944200DB0023DBB2099385
:10832000002C25DB64212000C7F7A0FF1330049B3D
:10833000002B25D0884A632825DD2B2B23D1874BA2
:108340000699022901D20221069103998C46E91B64
:1083500004918049BC448C4200DA814B0190099918
:108360000698411A60460091E91BFFF777FD16E079
:108370007C4BE01802F022FD6421C7F777FFD6E7B7
:10838000794B7A4ADCE7784BDAE7039BE91BD8198B
:10839000774A642C00D1774AF368FFF75FFD002825
:1083A00000DA2BE73F18BD4200D946E726E7039BDA
:1083B0007069DC19336901330693F368049300286C
:1083C0000ADB6421C8F738F8049B019100936A4ADC
:1083D000069BE91B2000C8E7624BC01802F0EEFCC8
:1083E000EFE7252222AB1A70049A002A13D06A46BE
:1083F000127C5A70069B062B1DD20A2020AB18183F
:108400005E49FFF705FE039BE91BD819309B22AAA2
:10841000009333006DE72B225A7004230A2020AC0E
:10842000574A1E210019FFF719FD0028E5DD0A2330
:1084300020AA9B18E3E7069B063B002BDDD0EDE767
:108440003000FFF7EDFD04007069002819DB64219E
:10845000C7F7F2FF002C19DA4A4B72699A4200DA28
:10846000012460186421C7F7E7FF64310800642124
:10847000C7F7E2FF0B00039AEC1BD0193D4A21001D
:108480008BE7384BC01802F099FCE0E7002CE8D0ED
:10849000304B72699A42E4DA01246442E1E773697D
:1084A0000A930A9A012311002A4A914200DB002311
:1084B00030000B93FFF7B4FD0A9B0400002B3DDB5B
:1084C00064211800C7F7D2FE1330099070690028A4
:1084D0005CDB6421C7F7B0FF002C5CDA294B7269C2
:1084E0009A4201DA01240B9461184B1C61D1099B5B
:1084F0006431013B09936424099B0B9A5C4322ABD2
:108500006418002A5CD02D221A70092320AA9B1817
:10851000069A002A61D125221A70049A581C002A52
:1085200002D03022981C5A701749FFF771FD039B47
:10853000E91BD8190094069B22AAC5E00A9B094AA8
:10854000981802F03BFC6421C7F790FEBDE7C046D7
:10855000A076040894F8FFFFFB750408037604086E
:10856000877A04086C070000E80A0408F475040818
:1085700005760408137604080976040818760408BA
:10858000E4EE030895F8FFFF20760408C44BC018FA
:1085900002F014FC9DE7002CA6D000230B930A9B4D
:1085A0001A00C04B9A429FDA0124012364420B93C4
:1085B0009AE764299FD1099B0021013309939AE727
:1085C000049A2B2AA7D1B84A9442A4D96A46127CAD
:1085D0001A70069A002A00D14CE2069B013B0693D2
:1085E0000923BEE1039BE91BD819B04A6B2C00D1CB
:1085F000AF4AB368D1E6B0680C23002805D0984292
:1086000003D01900C7F718FF0B00039AE91BD01914
:10861000A74A492C00D0C0E6A44ABEE6039AF369F3
:10862000D0190133E91BA34AB7E63369039A013332
:10863000E91BD019F0E7039BE91BD8197368EBE736
:108640006B1EBB4200D8D9E50A23039AD3550137E4
:10865000F3E5B26801230B2A00DC0023964A283395
:108660009B00D3185B6818000493CAF743FE3B18BD
:1086700009930697099B069A934201D11F00DCE5F6
:10868000069A6B1E934200D8B8E5049BDB1B9C5CEA
:10869000079B1B78502B09D1FEF70CFF0322001912
:1086A00043781340012B00D12034E4B2069A039B97
:1086B0009C54130001330693DCE7039B7F4AD819CF
:1086C0007368E91B0093B368FFF7C8FB67E60023F4
:1086D0000693336A002B16DB01F075F9089B002B1B
:1086E00001D101F073F902F005FF326AD3179B1A2A
:1086F0002822DB0F013353431B585B42069301F0E2
:1087000063F90123089345204042C1177469E317B8
:108710000E940F930E9A0F9B12184B410321D817FA
:1087200008400021109011911098119912184B4196
:108730009907900808430C909B10601E64210D93CC
:10874000C7F794FDC31713931290129813990C9ABC
:108750000D9B121A8B412000C8212C304900FF309C
:1087600004920593C7F782FDC31714901593149ACA
:10877000159B049805998018594122006E23463AAA
:10878000FF3353431693DB171793169B179CC018A0
:108790006141F36918221893DB171993189B199CF0
:1087A000C01861410023CAF7A3FCB3683C221A93A6
:1087B000DB171B931A9B1B9CC01861410023CAF74F
:1087C00097FC73683C221C93DB171D931C9B1D9C1C
:1087D000C01861410023CAF78BFC3368384A1E93E6
:1087E000DB171F931E9B1F9CC0186141069B2093A3
:1087F000DB172193209B219CC01AA141039B009071
:108800000191E91BD819FFF729FBC8E5039BE91B78
:10881000D819336800E76B1EBB4200D8EEE4092389
:1088200013E7039BE91BD8193368264A0193736841
:108830000093B36899E56B1EBB4200D8DEE4039A4F
:10884000B369D2190137002B02D137331370F4E426
:108850003033FBE7F369D81DB369C01A0721C7F7A6
:1088600005FD039A0300D419E91B104A200094E582
:108870003000FFF7D5FBB3690621002B00D0591E4D
:108880000124002807DCF3691ED10A33581A072196
:10889000C7F7ECFC0400039BE91BD8192300BBE6D7
:1088A0006C07000094F8FFFF0F2700001376040800
:1088B0000576040824760408A076040833760408B4
:1088C000297604082E760408CB1A71690493CB43E9
:1088D0006F4ADB1713406F4A9B18CB1806939B0710
:1088E00005D164210698C7F7A7FD002906D1C82144
:1088F00006984900C7F7A0FD4C424C41049B1B1B46
:108900003424042BC7DC0134C5E76B1EBB4200D8FE
:1089100074E4B369303398E6B2690623002A00D0C4
:10892000531EF269D01D98E77069002807DB6421A7
:10893000C7F782FD039BEC1BD8190B009EE5564B35
:10894000C01802F03BFAF2E77469544A22AB944231
:108950000ADA2D211970069B141B002B00D03CE66F
:10896000093320AA9B18D6E54B4AA418049A2B2A4F
:1089700000D0D0E54A4A944200D881E06A46127C91
:10898000C2E5336A002B00DA57E401F01CF8089BBB
:10899000002B01D101F01AF802F0ACFD326AD317B6
:1089A0009B1A2822DB0F013353431C5801F00CF8AB
:1089B00064423C212000C7F759FC02F0EBFDE121A5
:1089C000069009012000C7F751FC3C2104000698DD
:1089D000C7F732FD039800912300324AE91BC01902
:1089E000FFF73CFA002801DAFFF708FC3F18BD4208
:1089F00001D8FFF703FC012308931EE4336A002B20
:108A000000DA1AE400F0DFFF089B002B01D100F030
:108A1000DDFF326AD3179B1ADB0F234A9B009B585A
:108A200018000693CAF766FC069B3C186A1EDB1BFF
:108A3000BC4203D100F0C8FF2700DCE7BA4204D9EA
:108A4000D95D0398C1550137F2E700F0BDFFFFF78C
:108A5000D5FB6B1EBB4201D8FFF7D0FB2522039B41
:108A6000DA55F4E5002D02D00023039AD3553800DF
:108A70002BB0F0BD25225A70092320AA9B1850E57F
:108A8000069A002A00D146E525221A7049E5C0461B
:108A900030F8FFFF6B0700006C07000094F8FFFF41
:108AA0000F2700003D760408FC03002013B5054C99
:108AB0002468246A002C00D1034C0094FFF70CFBBF
:108AC00016BDC0462C0200209002002070B5160092
:108AD0000D0003F065F8002E0DD06B236A00520DD7
:108AE0009B1A002B07DD0024034A1B059D182B0051
:108AF0002200C9F78DFB70BD0000F03FF0B5A7B0B4
:108B00000793002304900798229306911D9202F088
:108B100045FD05000068CAF7EDFB00260027069B0F
:108B200005902193219B1A780D2A39D8092A3DD224
:108B3000002A44D0002313930022219C0C92237816
:108B4000302B00D07EE06378582B02D0782B00D0F9
:108B50006EE0079B964A0293139B21A9019322ABD7
:108B60000093049823AB02F09AF90725059005407D
:108B700005D0062D2FD100230134219413931D9B82
:108B8000002B02D01D9B219A1A60139B002B1DD035
:108B9000802332001B06FB181000190027B0F0BD1F
:108BA0002B2A16D02D2A03D0202AC3D10133B8E7AF
:108BB000012213925A1C21925B78002BBCD1069B98
:108BC0002193002313931D9B002BDBD132003B002C
:108BD000E2E70022EDE7229A002A07D0352124A8F7
:108BE00003F0CBF82299049802F041FD681E042896
:108BF00006D8C7F793FA0C0317190C00249E259F7B
:108C0000059B1B07BBD580231B061F43B7E7259B8E
:108C1000684A69491A40239B249E5B181B051A4326
:108C20001700EDE7654FEBE70126654F7642E7E772
:108C3000219B5A1C21925B78302BF9D0002B9ED0BF
:108C400001230C93219B0A22129300230B93089378
:108C50000A93219804782300303BD9B2092934D9EA
:108C6000059A296803F0E0FD002840D00020230089
:108C700084460A9A079005922022190091430A001F
:108C80000021452A00D0BFE0059B0C9A0343134303
:108C90008B4294D0219B069301332193069B5B78F2
:108CA0002B2B00D182E00C002D2B05D10124069B3B
:108CB00002332193069B9B781A00303A092A00D888
:108CC00084E0069A002121929EE00A99082909DC95
:108CD00008995143CB1808930A9B013001330A933A
:108CE0002190B6E70B995143CB180B93F4E7219AE7
:108CF000059B94460A9A634421931B78002A36D038
:108D0000844605921A00303A092A12D901220792A4
:108D1000B2E7219B01305A1C21925B78302BF8D0AE
:108D20001A00313A082A3CD884460020219A05903E
:108D30001292303B421C002B13D00A219444059A16
:108D40008518AA4215D10599059A013109181218FA
:108D50000591082A1BDC0A2208994A439B18002225
:108D60000893219B1000591C21915B78CAE70A984F
:108D7000D4E7541C082A04DC089A4A4308922200CB
:108D8000DFE7102CFBDC0B9A4A430B92F7E70599BF
:108D900000221029E5DC0A210B9841435B180B9354
:108DA000DFE70022944605920132B0E70C007EE72F
:108DB0004C760408FFFFEFFF330400000000F07F53
:108DC000FFFFFF7F219B5A1C21925B78302BF9D04B
:108DD0001A00313A0021082A16D8303B219D0E9303
:108DE000219B591C21915B781A00303A092A32D90B
:108DF0004A1BAD4D2900082A03DC0E99A94200DD6B
:108E00002900002C00D04942059A002A49D10C9A29
:108E1000104300D0B3E6079A002A00D0CFE64E2BCD
:108E200025D01FDC492B00D0C9E6A04921A802F0BB
:108E300073FA002800D1C2E6219B9D49013B21A87D
:108E4000219302F069FA002802D1219B013321937A
:108E5000984F002693E60A220E994A43D218303AD8
:108E60000E92BDE7692BE0D06E2B00D0A7E69249A9
:108E700021A802F051FA002800D1A0E6219B1B781E
:108E8000282B0CD124AA8D4921A802F059FA0528D3
:108E900005D1259B874A249E1A4317006FE6884F09
:108EA000D7E76346CB1A07930A9B002B01D1059B9A
:108EB0000A93059C102C00DD10240898C9F7D2FFF6
:108EC000059B06000F00092B15DC079B002B00D12A
:108ED00055E6079B002B00DC7DE0162B62DCDC00F6
:108EE000784B320019193B0008684968C9F790F9B6
:108EF00006000F0043E62200724B093AD2009B188D
:108F00001A685B68C9F784F906000B980F00C9F767
:108F1000A9FF0B00020039003000C8F753FA059B87
:108F200006000F000F2BD0DD059B1C1B079BE418D0
:108F3000002C00DC94E00F2323400AD06149DB00C1
:108F4000C9183200086849683B00C9F761F9060092
:108F50000F000F239C436ED02633FF339C4248DD25
:108F6000002405940B940A9422230026049A514F5E
:108F700013600B9BB34200D101E62299049802F0E2
:108F800076FB0A99049802F072FB0599049802F0A6
:108F90006EFB0B99049802F06AFB2100049802F022
:108FA00066FBECE52523059A9B1A079A9342BBDBE7
:108FB0000F23059A434C9D1AE90061183200086896
:108FC00049683B00C9F724F9079B5E1BF600A61908
:108FD000326873688AE7079B1633A5DB079B30006E
:108FE000DA00384B39009B1A1A685B68C8F706FD2F
:108FF0007EE70023300039001D002411012C1DDC08
:10900000002B01D006000F002F4BED00FF182F4B57
:1090100032005D19286869683B00C9F7F9F8254BEB
:109020002B4A06000B4093429AD82A4A934213D9FE
:109030000126294F7642002306937BE00122144249
:1090400007D0224AEB009B181A685B68C9F7E0F862
:10905000012301356410D1E7D4239B04CF18EAE73C
:10906000002CE8D00F23644223400AD0154ADB00CD
:10907000D31830001A685B683900C8F7BFFC0600D7
:109080000F002411D7D01F2C28DD002405940B9449
:109090000A942223049A002613600B9B0027002BBE
:1090A00000D06AE76BE5C0461F4E00004976040811
:1090B0003F7C04080000F07F2FF40308607604086A
:1090C0000000F8FFA07904080000B0FC78790408DB
:1090D0000000A07C0000907CFFFFEF7F1023234066
:1090E000069301D06A2306930023300039001D0047
:1090F000002C00DD0EE1002B01D006000F00069BC6
:10910000002B0FD06B237900490D3A005B1A002B1E
:1091100008DD1F2B00DC12E10026342B00DC07E108
:10912000DC27BF040022002330003900C7F79AF97A
:109130000028AAD1089B0A9A00931299059B0498CB
:1091400002F0ECFA0B90002800D109E7079B079A80
:10915000DB17524213401593079B0024DB43079A09
:10916000DB171A401C9205940B9B0498596802F077
:1091700046FA0A90002800D1F6E60B9B0B991B6972
:109180000C319A1C92000C300893FEF78BFA24AB3A
:10919000019323AB009332003B0004980E960F9787
:1091A00002F070FD2290002800D1DDE60121049834
:1091B00002F03BFB0590002800D1D5E6239B002B55
:1091C00000DAC1E0159A9D181C9A94460699249AD3
:1091D0005B1A36219B188A1AB249013B01208B4247
:1091E00000DBBDE0C91A521A1F2900DDB1E088403A
:1091F000002314901093AB1808931300069A63444D
:10920000D318089A0C932B00954200DD13000C9A9A
:10921000934200DD1300002B06DD089AED1AD21AE6
:1092200008920C9AD21A0C92159B002B17D01A0098
:109230000599049802F092FB0590002800D193E66E
:109240000100229A049802F0F9FA1290002800D145
:109250008AE62299049802F00AFA129B2293089B4C
:10926000002B00DD7FE0079B002B08DD1C9A0A998C
:10927000049802F073FB0A90002800D174E60C9B5E
:10928000002B08DD1A000A99049802F0B9FB0A9035
:10929000002800D168E6002D08DD2A000599049811
:1092A00002F0AEFB0590002800D15DE60A9A2299F3
:1092B000049802F011FC041E00D155E60025C36895
:1092C0000599C560129302F0EDFBA84255DA129B96
:1092D000AB421BD1AE4219D13B03AB4216D1D622D1
:1092E000714BD2043B40934210D96369AB4202D127
:1092F0002369012B0ADD21000122049802F080FB82
:109300000599040002F0CEFB00286BDC069B002BC5
:1093100078D132E60122144207D0644AEB00D31818
:109320001A685B68C8F774FF012301356410DFE633
:109330000121203B494299400A401700F2E60122F0
:1093400052429A401640EDE61C9A159DD21A944658
:109350003CE75749CB1A01009940109114904AE715
:1093600000231093FAE7089A2299049802F048FB28
:109370002290002800D076E7F6E50C97002800D070
:10938000A0E0129A3B031B0B002A27D0494A9342C4
:1093900057D10122069B524231001000002B0BD006
:1093A000D425414BED043B401000AB4204D86C3057
:1093B0001B0DC31A9A401000814242D13E4B0C9AB9
:1093C0009A4202D14B1C00D1CEE5374B0C9A0026B5
:1093D0001A401300802252039F1897E7002B30D1C8
:1093E000002E2ED106993B002F4A002920D01100D3
:1093F000D6203940C00481421ADCDC239B04994208
:1094000000DC46E62D4B30001B9300231A931A9A7A
:109410001B9B3900C8F7FCFE06000F000B1E00D096
:10942000ABE5002800D0A8E5049A22331360A4E538
:1094300001261340224A76429B181E4A1A431700FF
:1094400064E7109B002B15D00C9B109A134200D19F
:109450005CE7129B069A30003900002B0FD0FFF713
:1094600035FB02000B000E980F99C7F7ABFF060003
:109470000F004BE7149B334200D147E7E9E7FFF7C2
:1094800025FB02000B000E980F99C9F733F9002253
:10949000002306000F00C6F7E5FF002800D0F8E51E
:1094A00034E7C04602FCFFFF0000F07F7876040836
:1094B000E2FBFFFFFFFF0F00FFFFEF7F00005039CF
:1094C0000000F0FF0599200002F030FC802300220C
:1094D000DB0508900991C6F7D5FF002800D17FE091
:1094E000129B002B4BD000228A4B10921193894B78
:1094F0000893894A0C9B13401493149A874B9A4201
:1095000000D0BAE00E9A0F9B1A921B93844A0C9BD0
:10951000944663441F00109A119B300039000C924E
:109520000D9302F03DFB02000B000C980D99C8F75B
:109530006FFE32003B00C7F745FF774A794B0600C4
:109540000A409A4264D90F9B774A934203D10E9BFB
:10955000013300D108E50126734F76422299049821
:1095600002F085F80A99049802F081F805990498A8
:1095700002F07DF82100049802F079F8F4E5002E5D
:109580001ED10C9B1B0321D1089809990022614B25
:10959000C6F76EFF00281FD1089809990022634B77
:1095A000C8F736FE05000891802212069446089BF3
:1095B0001E9563441F931E9A1F9B1092119398E768
:1095C000012E03D10C9B002B00D162E50022584BE9
:1095D0000025109211938AE7544B129D0893E3E7FC
:1095E000524B089809990022C8F712FE129B0500F9
:1095F0000891002B07D180231B06CB1816901793D8
:10960000169A179BD9E70200089B16921793F7E763
:10961000D4239B04CF18069B002B9FD13E4B149A5A
:109620000C973B409A4299D108992800C9F7AAFBA8
:10963000C9F7DEFB0B00020008992800C9F75AF8A9
:10964000129B08900991002B04D1002E02D10C9B93
:109650001B0358D008980999364A374BC6F708FFBC
:10966000002800D089E408980999344A2F4BC6F79E
:1096700013FF002800D171E77FE4069B002B2AD05E
:10968000D423149ADB049A4225D82D4A2D4B280066
:109690000899C6F7F7FE002816D028000899C6F7E3
:1096A00061FF002800D10130C9F7DCFB129B0500E7
:1096B0000891002B22D180231B06CB1818901993F8
:1096C000189A199B10921193D622119BD2049B18C1
:1096D000149A9B1A11930E980F99109E119F02F0E5
:1096E0005FFA02000B0030003900C8F791FD0E9AB6
:1096F0000F9BC7F767FE06000F008CE70200089B70
:1097000018921993DCE70B4A0F4B08980999C6F792
:10971000AFFEAEE70000F03F0000F07F0000E07F0A
:109720000000B0FCFFFF9F7CFFFFEF7F0000E03FE9
:109730000000F0BF9535A094FFFFDF3F35E5AF3562
:109740000000C0FFFFFFDF41FFFFCF3F064B10B51A
:10975000040018680A00036A002B00D1034B2100A3
:10976000FFF7CCF910BDC0462C020020900200206B
:10977000F7B5234F040038680A00036A002B00D1B4
:10978000204B2100FFF7BAF905000C0002000B0086
:1097900028002100C9F7CCFD002805D0002003F0E7
:1097A0003FF801900198FEBD21002800C9F7DEFBBB
:1097B0000190019B14495E007608301CC9F7A2FD98
:1097C0000028EFD11049301CC6F796FE0028E9D1D9
:1097D00001226400640852420C4B28002100C9F7A2
:1097E000A7FD002808D10122084B52422800210081
:1097F000C6F748FE0028D5D022223B681A60D1E780
:109800002C02002090020020FFFF7F7FFFFFEF7FF0
:10981000F0B51F000E0085B00390019102920A98E6
:109820003478FDF743FE082200194378751C134075
:1098300038D12D2C38D17478B51C01330093002F0A
:1098400065D0102F09D1302C07D120222B789343DB
:10985000582B57D110276C7802350120390040422F
:10986000C6F77AFC0600012039004042C6F7FAFC30
:10987000002301228C461800524221003039092968
:1098800017D80C00A74222DD002B1EDB13008642F6
:1098900005D301D1A44502DB0123784320182C789D
:1098A0000135EAE72E00BAE72B2CC7D1B51C747836
:1098B000C4E721004139192901D8373CE2E72100EA
:1098C0006139192903D8573CDCE71300E7E7002B7F
:1098D00009DA22230120039A40421360029B002BE5
:1098E0000AD105B0F0BD009A002A00D04042029A89
:1098F000002AF6D0002B01D06B1E0193029B019A27
:109900001A60EEE73024002FA7D10827A5E7302CF6
:109910009BD00A27A1E7000013B5054C2468246AF0
:10992000002C00D1034C0094FFF772FF16BDC04617
:109930002C0200209002002037B51300064A0500D3
:109940001068046A002C00D1044C0A00009429001D
:10995000FFF75EFF3EBDC0462C02002090020020B3
:10996000002330B5CC18CD5C934205D11800E41A21
:10997000225C002A05D130BDC554002D03D001332F
:10998000F0E70130F4E71800F5E710B5FE280AD833
:109990000400FDF78FFD0322001943781340012BCB
:1099A00000D12034200010BD10B5FE280AD80400D4
:1099B000FDF780FD0322001943781340022B00D1EC
:1099C000203C200010BD70477047000010B5024BCE
:1099D000186800F003F810BD2C020020F0B58DB01F
:1099E000070001F087FDAF490600380001F07CFD5B
:1099F000AD4D041E0DD1AD4BAD4A1860AD4B186096
:109A0000AD4B28681A605A60FDF7E2FD2C600DB07E
:109A1000F0BD2968002959D12868FDF7D9FD20003B
:109A2000C9F768FC411C3800FDF7AAFE2860002831
:109A300051D12378A1493A3B5A425341E418A04AF4
:109A40000AAB2000FEF75CFA0028E0DD0A9BE41870
:109A500023782D2B43D12E3B01340493162702ABE0
:109A6000FF18002308AD3B802B800AAB03930295BF
:109A70000193009707AA93492000FEF741FA0028B6
:109A8000C5DD3C233A88904F53432A888A4D9B1862
:109A900002AA918AE12212014A439B18049A87493B
:109AA0005A43874BB2622B600A9B3A00E4182000AD
:109AB0000AABFEF725FA002818DC2B68B26A6B6047
:109AC0007A4B1A6000227B4B1A60A0E7C9F708FCAA
:109AD00000289CD0A0E72100FEF79AFAA9E701220E
:109AE0002B3B04925A425341E418B7E70A9B6F603C
:109AF000E41823782D2B00D08DE02E3B0134049305
:109B00001627002302AABF1807AD13832B803B80C2
:109B100008AA0A930AAB02920393019300972A00C2
:109B200068492000FEF7ECF9002800DD7AE0B36A0E
:109B3000664A9B1833650A9B3700E41800230837F0
:109B4000049323782C3B5A425341E41825784D2D39
:109B500000D078E01E2202A95218029209AA0092AF
:109B60001A220AAB52180393019359492000FEF7B9
:109B7000C7F9032800D04AE702AB598B4B1E0B2BC9
:109B800000D944E702AB9A8B531E042B00D93EE761
:109B900002ABDB8B062B00D939E73D707960BA60E8
:109BA000FB600A9BE518022307AA1380002302A981
:109BB00008ACCB8223800A932B782F2B0BD1162154
:109BC00002A809180AAB009103930294019341493A
:109BD0002800FEF795F902ABDA8A3C23534322882A
:109BE0009B1807AA1188E12212014A439B183B6186
:109BF0000A9B2837EC18049B012B22D1706802F0D5
:109C0000EFFEB26A294B1A60336D9B1A5A1E9341BC
:109C1000284A1360FBE601222B3B04925A4253412F
:109C2000E4186DE73C233A882988534302AA128B33
:109C30009B18E12212014A439B18049A5A431300CD
:109C400078E701237CE7442305934A2D01D10134B1
:109C500005950A220BA92000FFF76EFE1E2302AA1B
:109C60000B9D9B181880A54216D1049B002B08D190
:109C70004D3333720323F360013B3361049B736103
:109C800091E733004D2230331A700B2373630A3B84
:109C9000B3630023F36386E76B461B7D80B23B70A2
:109CA000F86080E7D877040810890120188901201E
:109CB000EA4F040814890120FC030020DB77040824
:109CC00003890120FE770408F8880120F0F1FFFFE6
:109CD000EA770408FD77040830B514009BB005004E
:109CE0001A00002C05DA8B230360012040421BB0D0
:109CF00030BD822368469B0083810023009104913C
:109D00009C4200D0631E02930593012369465B4287
:109D1000CB8128001E9B02F0FFF8431C01DA8B2345
:109D20002B60002CE3D00023009A1370DFE70000C3
:109D300007B5009313000A00010002480068FFF70E
:109D4000CBFF0EBD2C020020F8B505000E0014005C
:109D5000002804D08369002B01D1FDF71BFA224BA8
:109D60009C422DD16C68A369A360A3891B0731D5E0
:109D70002369002B2ED023682269F7B2981A6369F1
:109D8000F6B2834205DC21002800FDF795F9002892
:109D900026D1A3680130013BA36023685A1C2260CE
:109DA0001F706369834204D0A389DB071AD50A2E8A
:109DB00018D121002800FDF77FF9002812D00FE00C
:109DC0000A4B9C4201D1AC68CDE7094B9C42CAD1F9
:109DD000EC68C8E72100280000F07AFF0028CAD00C
:109DE000012676423000F8BD88750408A87504087D
:109DF000687504087FB51D000F4B04001B681B6AC3
:109E0000002911D1002B00D10C4BE0331E68002239
:109E10002B0001A92000B047431C03D100232B6075
:109E20008A33236004B070BD002B00D1034BE033B4
:109E30001E682B00EEE7C0462C0200209002002096
:109E400010B513000A00010002480068FFF7D2FFB6
:109E500010BDC0462C02002010B502F0AFFE10BDB0
:109E6000FA22436970B5D200DC171440643C1C1917
:109E70000500A30706D164212000C6F7DDFA0123FF
:109E8000002906D1C82120004900C6F7D5FA4B4267
:109E90004B41EA691101AA6952008918C9182129A0
:109EA0000FDC202927DA0D2905DC0A2923DA01290C
:109EB00021D9002014E01029FBDB11291BDD1C39FE
:109EC000F5E70E4B99420CDC0D4B994207DA0D4B2E
:109ED000994204D0EDDB0C4BC9180229E9D80120C6
:109EE00070BD0A4B9942FAD0094B9942F7D0094B01
:109EF0009942DED1F3E701204042F1E7C6160000A7
:109F0000C2160000A21600004EE9FFFFD5160000A1
:109F1000D7160000D3160000FF2370B500259B0064
:109F20001600C550FF22040001F05AFB431C00D16B
:109F300028003060200070BDF0B51E000023B44C36
:109F40000F00A5441C00039007931368002B01D158
:109F500000F0D3FC252B20D153680593302B28D05B
:109F60002B2B26D0131D0693002305930022069B5E
:109F700004921B68313B082B07D80A3224A90698A3
:109F800000F086FD249B04900693069B1B68452BDE
:109F900012D1069B0433069310E0791EA14202D829
:109FA000002400F0B0FC0398A10004320B500134EF
:109FB000CBE708320692D9E74F2BEAD0069B1D6803
:109FC000280025385528EBD8C6F7B2F88D04EAFFEB
:109FD000EAFFEAFFEAFFEAFFEAFFEAFFEAFFEAFF39
:109FE000EAFFEAFFEAFFEAFFEAFFEAFFEAFFEAFF29
:109FF000EAFFEAFFEAFFEAFFEAFFEAFFEAFFEAFF19
:10A00000EAFFEAFF7800A800E9004801EAFF6301DF
:10A01000BF0141024B02EAFFEAFFEAFF6E02EAFFDC
:10A02000EAFF7E02EAFFAB02750382039D03A603EB
:10A03000EB03E50004045F04EAFFEAFFEAFFEAFF3E
:10A04000EAFFEAFF56009100C00035013501EAFF42
:10A050008F019100EAFF5F0241024B026702740226
:10A06000EAFF7E02EAFFDD00D4027B038D03EAFFF4
:10A07000E003E100F3031E04B369664918339B0053
:10A0800023AA595844A8FFF747FF239B7A1EE318D9
:10A090009C46A44509D1069B1B680493002B01D163
:10A0A00000F02BFC069A04324FE7A24200D877E773
:10A0B00020C8039BA1005D500134EAE7B369554A0B
:10A0C0001E339B00D318596823AA44A8FFF724FF26
:10A0D000239B7A1EE3189C46A445DCD0A24200D8FC
:10A0E0005EE720C8039BA1005D500134F4E73369AB
:10A0F00048499B0023AA595844A8FFF70DFF239B0A
:10A100007A1EE3189C46A445C5D0A24200D847E772
:10A1100020C8039BA1005D500134F4E733693D4939
:10A120000C339B0023AA595844A8FFF7F5FE239B44
:10A130007A1EE3189C46A445ADD0A24200D82FE772
:10A1400020C8039BA1005D500134F4E7314B23AAE2
:10A15000A033196844A8FFF7DFFE0368002B9AD0EC
:10A16000039BA5005D19A523DB006B441B6802005F
:10A17000009328003300391BFFF7DEFE002800DCC7
:10A180000EE7241887E7234B23AAE433E1E7214BAA
:10A1900023AA9C33DDE71F4B23AA9833D9E77569BF
:10A1A0001D4A0123954200DB0023DBB20893002DFA
:10A1B00026DB64212800C6F759F81330059B002BD5
:10A1C00034D0164A632834DD2B2B32D1144B04993A
:10A1D000022901D202210491A1008C4603998C44EA
:10A1E000391B05910C498D4200DA0E4B01900899FC
:10A1F0000498411A60460091391B02F0B9FB25E032
:10A20000094BE81800F0DAFD6421C6F72FF8D5E70E
:10A21000ECFAFFFFA076040894F8FFFF2C780408FE
:10A2200003760408877A04086C070000C24BC34A0F
:10A23000CDE7C14BCBE7039BA0001818391BC04AE0
:10A24000642D00D1BF4AF36802F092FB002800DAC7
:10A25000A6E62418A74200D91DE7A1E6039BA500A6
:10A260005D193369706901330493F368059300281D
:10A270000ADB6421C6F7E0F8059B01910093B24A1E
:10A28000049B391B2800B8E7B04BC01800F096FDBE
:10A29000EFE725232493059B002B13D02593049BE4
:10A2A000062B1DD226A8AA4902F095FC039BA0000C
:10A2B0001818A523DB006B441B68391B009324AAE4
:10A2C000330059E72B232593273BA24A1E2126A8BA
:10A2D00002F04EFB0028E5DD800026AB1818E2E70F
:10A2E000049B063B002BDDD0EFE73000FFF7B8FD05
:10A2F0000500706900281ADB6421C6F79DF8002D5F
:10A300001ADA954B72699A4200DA012568186421BD
:10A31000C6F792F8643108006421C6F78DF80B0087
:10A32000039AA0003D1B1018864A29008CE7874B32
:10A33000C01800F043FDDFE7002DE7D0874B7269BE
:10A340009A42E3DA01256D42E0E773690A930A9ABB
:10A3500001231100814A914200DB002330000B935E
:10A36000FFF77EFD0A9B0500002B3CDB64211800F3
:10A37000C5F77CFF13300890706900283CDB64212E
:10A38000C6F75AF8002D3CDA734B72699A4201DA2B
:10A3900001250B9569184B1C41D1089B6431013B89
:10A3A00008936425089B5D430B9B6D18002B3DD0E3
:10A3B0002D23049A249325AB002A44D125221A6028
:10A3C000059A181D002A03D01800302208305A6060
:10A3D000634902F000FC039BA0001818391B00958C
:10A3E000049B24AAA5E00A9B584A981800F0E6FCB2
:10A3F0006421C5F73BFFBEE7544BC01800F0DEFCFC
:10A40000BDE7002DC6D000230B930A9B1A00534BC7
:10A410009A42BFDA012501236D420B93BAE7642902
:10A42000BFD1089B002101330893BAE7059A24ABFA
:10A430002B2AC3D14B4A9542C0D9059B2493049B38
:10A44000002B00D163E2049B013B0493CDE1039B0D
:10A45000A0001818391B3B4A6B2D00D1384AB3684D
:10A46000F2E6B0680C23002805D0984203D019000A
:10A47000C5F7E2FF0B00039AA0001018391B304A01
:10A48000492D00D0E0E62F4ADEE6039AF369A000EA
:10A4900010180133391B344AD6E633690133039A65
:10A4A000A000391B1018EEE7039BA0001818391BF9
:10A4B0007368E8E77B1EA34200D871E50A22A30077
:10A4C00003995A500134E6E5B26801230B2A00DCF7
:10A4D0000023264A28339B00D318596823AA44A88E
:10A4E000FFF71AFD0025039AA300D31804900593E3
:10A4F000239A6319AA4201D81C00CCE57A1E9A421D
:10A5000000D84DE5049BAA009858069B1B68089349
:10A51000502B01D1FFF739FA059BAA00985001355D
:10A52000E6E7039BA00018187368114A0093B3680C
:10A53000391B02F01DFA89E6E80A040810780408BD
:10A540004C780408847804085C7804086C070000E0
:10A55000A87804089878040895F8FFFF94F8FFFF9E
:10A56000C87804080F270000D8780408A0760408EB
:10A570001479040800230493336A002B16DBFFF7D9
:10A5800022FA079B002B01D1FFF720FA00F0B2FF5F
:10A59000326AD3179B1A2822DB0F013353431B580F
:10A5A0005B420493FFF710FA0123079345204042D2
:10A5B000C117039A7569A300D3180593EB170E957D
:10A5C0000F930E9A0F9B12184B410321D817084086
:10A5D0000021109011911098119912184B41990770
:10A5E000900808430C909B10681E64210D93C5F7DA
:10A5F0003DFEC31713931290129813990C9A0D9B5A
:10A60000121A8B412800C8212C304900FF300892D3
:10A610000993C5F72BFEC31714901593149A159B35
:10A6200008980999801859416E23463DFF335D43D0
:10A63000EB1716951793169A179B80185941F369D3
:10A640001893DB171993189A199B801859411822EF
:10A650000023C8F74DFDB3681A93DB171B931A9AB2
:10A660001B9B801859413C220023C8F741FD7368A9
:10A670001C93DB171D931C9A1D9B801859413C228B
:10A680000023C8F735FD33681E93DB171F931E9A0E
:10A690001F9B80185941049B2093DB172193209A1C
:10A6A000219B801A99419F4A00900191391B05987E
:10A6B00002F05EF9CAE5039BA0001818391B336845
:10A6C000E1E67B1EA34200D86AE4A3000922F7E674
:10A6D000039BA00018183368391B01937368924AD2
:10A6E0000093B36889E57B1EA34200D858E4039920
:10A6F000B269A300CB180134002A02D137321A60A4
:10A70000C9E43032FBE7F369D81DB369C01A0721E9
:10A71000C5F7ACFD0300C2E63000FFF7A1FBB3694B
:10A720000621002B00D0591E0125002807DCF36903
:10A730000BD10A33581A0721C5F798FD0500039B72
:10A74000A0001818391B2B009DE6CB1A71690593E0
:10A75000CB43764ADB171340754A9B18CB180493FA
:10A760009B0705D164210498C5F766FE002906D130
:10A77000C82104984900C5F75FFE4D424D41059B35
:10A780005B1B3425042BDADC0135D8E77B1EA342A2
:10A7900001D8FFF705FCB3690399A2003033535089
:10A7A00090E6B2690623002A00D0531EF269D01D3C
:10A7B000ACE77069002808DB6421C5F73DFE039B08
:10A7C000A00018183D1B0B00AEE55A4BC01800F056
:10A7D000F5FAF1E77569584B9D4208DA2D225D1BA9
:10A7E000049B2492002B00D02DE625ABE6E5514BCF
:10A7F000059AED1824AB2B2A00D0DFE54F4A95428D
:10A8000000D888E0059BD4E5336A002B00DA42E4E7
:10A81000FFF7D9F8079B002B01D1FFF7D7F800F01D
:10A8200069FE326AD3179B1A2822DB0F0133534388
:10A830001D58FFF7C9F8039A6D42A300D3183C21B5
:10A8400028000493C5F712FD00F0A4FEE121059055
:10A8500009012800C5F70AFD3C2105000598C5F748
:10A86000EBFD2B000091364A391B049802F080F86A
:10A87000002801DAFFF794FB2418A74201D8FFF75C
:10A880008FFB01230793FFF706FC336A002B01DAE5
:10A89000FFF701FCFFF797F8079B002B01D1FFF7AB
:10A8A00095F8326AD3179B1ADB0F264A9B009B58F8
:10A8B00018000493C8F71EFD7B1E9C46049A2518B9
:10A8C000101BA54203D1FFF77FF82C00D9E7A44560
:10A8D00005D9015D039BA20099500134F1E7FFF710
:10A8E00073F8FFF75DFB7B1EA34201D8FFF758FB0F
:10A8F0002521039AA3009950E4E5002F03D00022FC
:10A900000399A3005A5020000F4B9D44F0BD25230E
:10A91000259325AB58E5049A002A00D14EE525225F
:10A92000249251E5EC7804080079040830F8FFFF20
:10A930006B0700006C07000094F8FFFF0F27000072
:10A940003C790408FC0300201405000013B5054CF5
:10A950002468246A002C00D1034C0094FFF7ECFA21
:10A9600016BDC0462C0200209002002003001A6889
:10A97000002A02D1181A801070470433F7E7F0B5A7
:10A980000F0087B005900391049201933C680C99E5
:10A99000200000F0FBFD3D1D061E0DD12D2C0DD11C
:10A9A00001237C6804350293019B002B3CD0102BC3
:10A9B00047D1302C45D13AE02F00E7E702902B2C0D
:10A9C000F2D13D007C680835EEE72200413A192AB1
:10A9D00001D8373C4AE02200613A192A03D8573C93
:10A9E00044E01E0051E0002E09DA22230120059ADE
:10A9F00040421360049B002B0AD107B0F0BD029BBC
:10AA0000002B00D04042049B002BF6D0002E01D03A
:10AA10002B1F0393049B039A1A60EEE7019B3024DB
:10AA2000002B0ED108230BE00A23302C08D1202361
:10AA30002A689A431300582AF0D16C68483B0835BD
:10AA40000193012001994042C5F786FB07000120D0
:10AA500001994042C5F706FC0122012300209446DB
:10AA60005B422200303A092AAFD81400019AA24270
:10AA7000B9DD002EB5DB1E00B84206D801D18C42EC
:10AA800003DC6646019A5043201810CDE9E7000028
:10AA900037B51300064A05001068046A002C00D17F
:10AAA000044C0A0000942900FFF769FF3EBDC04630
:10AAB0002C0200209002002010B502F097F810BD83
:10AAC000F0B5060085B0431C03D10120404205B01B
:10AAD000F0BD0822002102A8FCF700FE164F3D68D9
:10AAE000AC6D002C16D15020FCF768FDA865046001
:10AAF00044608460C4600461446184618462C462AF
:10AB0000046344638463C463046444648464C46409
:10AB1000047744623B681B6A002B00D1074BE0338B
:10AB200001AC1F68320002AB21002800B8470128A1
:10AB3000CBD12078CBE7C0462C0200209002002029
:10AB40000B1E04D0FF2A04D98A2303608B3B180014
:10AB500070470A700123FAE770B5050008780C0009
:10AB6000613817281BD8C5F7D9FA0C1F252B1A1ADC
:10AB7000311A1A1A1A371A1A1A3D1A1A4A1A501A78
:10AB80001A5628492000C8F7ABFB0123002809D03A
:10AB900025492000C8F7A4FB0223002802D0162371
:10ABA0002B600023180070BD20492000C8F798FBD7
:10ABB0000323F2E71E492000C8F792FB0423ECE7C9
:10ABC0001C492000C8F78CFB0523E6E71A49200042
:10ABD000C8F786FB0623E0E718492000C8F780FB8A
:10ABE0000723DAE716492000C8F77AFB0823002874
:10ABF000D8D014492000C8F773FB0923CDE71249C8
:10AC00002000C8F76DFB0A23C7E710492000C8F7EA
:10AC100067FB0B23C1E70E492000C8F761FB0C233B
:10AC2000BBE7C0464D6104083A6104086C7904082A
:10AC3000286104084761040853610408346104086A
:10AC400022610408406104081C6104082E610408A4
:10AC50004661040810B5034B01001868FFF77CFF3C
:10AC600010BDC0462C020020002310B5934201D134
:10AC7000002010BD04688C42FBD004300133F5E79E
:10AC800010B59200FCF70EFD10BD10B59200FCF758
:10AC900012FD10BD002310B5934200D110BD9C00E1
:10ACA00001510133F8E7000070B5050008001100FC
:10ACB0000022064C22601A00D0F770F8431C03D122
:10ACC0002368002B00D02B6070BDC0463CAA012039
:10ACD000364B70B51D6806000C00002D05D0AB6921
:10ACE000002B02D12800FCF755FA314B9C420FD1C2
:10ACF0006C680C23E25E93B219072DD4D90611D4E7
:10AD000009230120336037331343A381404270BDD0
:10AD1000284B9C4201D1AC68EBE7274B9C42E8D121
:10AD2000EC68E6E75B0713D5616B002908D02300C8
:10AD30004433994202D03000FCF7D8FC002363630F
:10AD40002422A3899343A3810023636023692360A2
:10AD50000823A2891343A3812369002B0BD1A021CF
:10AD60008022A389890092000B40934203D02100E6
:10AD70003000FCF7DFFB0123A289134011D0002330
:10AD8000A36063695B42A361002023698342BED153
:10AD90000C23E25E1306BAD540231343A381013886
:10ADA000B5E7920700D46369A360EDE72C020020A9
:10ADB00088750408A875040868750408C317C018C6
:10ADC00058407047002370B5064C0500080023600A
:10ADD000CFF7F2FF431C03D12368002B00D02B6078
:10ADE00070BDC0463CAA0120002370B5064C05008A
:10ADF000080011002360CFF7E2FF431C03D1236852
:10AE0000002B00D02B6070BD3CAA0120F0B50400DF
:10AE1000056914344B1126009D4214DD1F22AD003C
:10AE20009B0011406519E318220000291ED004CBB5
:10AE30002027CA40A4467F1A66469D420BD832603E
:10AE4000002A00D00436331B9B100361A64201D1B7
:10AE500000234361F0BD1E68BE403243664604C60F
:10AE600004CBB446CA40E7E702CB02C216009D42BB
:10AE7000FAD8E8E70300303B092B03D82038C3B2E7
:10AE8000180070470300613B052B01D84738F6E7EF
:10AE90000200413A0023052AF2D82738EFE7F0B53F
:10AEA0008DB005901498099102920A9300F076FBF8
:10AEB000036818000793C8F71DFA0222079B524245
:10AEC0001B18013B1B7804900B93099B19688B1C82
:10AED000521AD1180193089101990133087830284A
:10AEE000F7D0FFF7C7FF071E00D06FE0049A07995D
:10AEF000019801F099FC002800D06DE0019B049AB4
:10AF00009C182078FFF7B6FF002869D00194019BB8
:10AF10001878302809D0FFF7ADFF4342434103932F
:10AF2000012326000893019C04E0019B0133019357
:10AF3000EDE701342078FFF79DFF0028F9D1049A4E
:10AF40000799200001F070FC002809D1002E0AD1D9
:10AF5000049BE41826002078FFF78CFF002839D1E5
:10AF60000027BE4201D0371BBF002378502B01D0F1
:10AF7000702B42D163782B2B34D02D2B36D000236D
:10AF8000661C06933078FFF775FF431EDBB2182B63
:10AF900033D81038050001363078FFF76BFF431EB9
:10AFA000DBB2182B24D9069B002B00D06D427F19F1
:10AFB000099B1E60039B002B21D0089B06265A424A
:10AFC00053415B421E4030000DB0F0BD002303939F
:10AFD0001E00A8E70134BEE7019C01230393C4E7E8
:10AFE0000700FAE700230693A61CCBE70123FAE744
:10AFF0000A235D432D18103DCDE72600D8E7019BBD
:10B000000399E31A013B072B47DC059800F0F7FA98
:10B010000300143303930893002305001E000693D6
:10B02000019BA3423CD3089C039B40C4E41AA41098
:10B030002C61300000F0B0FB029B64011B68261AF3
:10B0400001939E425FDDF61A3100280000F0ABFE4E
:10B05000041E0FD001241F212000731E19408840B8
:10B0600001005A110398920012580A4202D0A342DA
:10B0700041DC022431002800FFF7C8FEBF19029B03
:10B080009B680493BB424EDA2900059800F0EFFA62
:10B090000023129AA326136095E701315B10B2E7F3
:10B0A000631E09930B9A1B78934215D0069B202BA5
:10B0B00005D1089B1E600026043308930696099B61
:10B0C0001878FFF7D7FE0F231840069B099C98407D
:10B0D000043306430693A3E70123049A9C1A099BB1
:10B0E0001C19019B9C42E1D30799200001F09CFBB5
:10B0F0000028DBD194E7B11E280000F054FE0028A0
:10B10000B7D00324B6E7019B00249E42B7DA9E1B0A
:10B1100029003200059800F073FC03001433050089
:10B12000BF1B0393ABE7029B5E68BE426BDD019BD6
:10B13000F61BB34232DC029BDB68022B26D0032BCA
:10B1400028D0012B19D1019BB34216D1012B0DDC64
:10B15000029B62265B680193019A0A9B1A60012395
:10B16000039A2B611360129B1D602CE70199280044
:10B17000013900F018FE0028EAD12900059800F0F6
:10B1800076FA0023129A502613601CE7139B002BBB
:10B19000DED0F2E7139B002BDAD1EEE7771E002C0E
:10B1A0002FD1002F04D03900280000F0FCFD04004E
:10B1B0001F237A111F401E3BBB4003999200525837
:10B1C0001A4201D002231C43019B31009B1B022623
:10B1D00028000193FFF71AFE029B5F68002C40D005
:10B1E000029BDB68022B10D0032B12D0012B06D15F
:10B1F000A20704D5039A126814431C420CD11023F1
:10B200002EE00124D4E70126E8E70123139A9B1AD4
:10B210001393139B002BF2D02C69A30004932B00F3
:10B22000A20014339918002294461A68501C1DD0AD
:10B2300001321A602B001433022E3AD1029A01997E
:10B240001268013A8A420AD14A111F2101989200DC
:10B250000140012004008C40D358234248D12023D0
:10B260001E43129B1D600A9B1F60ACE6624604C32E
:10B270009942DAD8AB689C4212DB6B680598591C7E
:10B2800000F0BDF929002B6903909A1C92000C3143
:10B290000C30FCF707FA2900059800F0E8F9039D47
:10B2A0002B695A1C2A61012204339B00EB185A6057
:10B2B000C0E72A69A2420ADD01212800FFF7A6FDA6
:10B2C000029B01379B680126BB42C8DADCE61F24DB
:10B2D000019A01262240141EC1D0049A9B18043BF7
:10B2E000186800F059FA20210C1BA042E4DBB6E7F5
:10B2F0000600B4E7082370B520259A1A9200AD1A0B
:10B30000436806681C00AC40D3403443046043608B
:10B3100004308842F4D370BD30B503680C78013333
:10B32000002C02D10360012030BD1A781500413D88
:10B33000192D00D820320131A242EFD00020F3E7CE
:10B34000F0B58BB001920A68019953119B00CB189C
:10B3500004931F231A400890069202D0049B0433E2
:10B360000493049B00251E1F37003400089B3560A2
:10B370001B68079505930295059B01330993059B6F
:10B380005B780393002B28D00398FFF773FD002808
:10B3900045D1039B202B19D8029B079A934212DDBB
:10B3A000BC4206D2072D04DC2A0039002000FFF73A
:10B3B000A1FF019B08259C4205D9271F00253C00C1
:10B3C000029B3D600793099B0593D5E7039B292BBF
:10B3D0004AD1059B089A02331360029B002B43D08D
:10B3E000BC4206D2072D04DC2A0039002000FFF7FA
:10B3F00081FF019B9C4226D904CC1A600433A642EB
:10B40000FAD2002204C39E42FCD23368002B04D13E
:10B41000019B9E4226D101233360052025E0029B3B
:10B42000013501330293082D06DD019B9C42CAD9E8
:10B4300000230125043C23600F22236810401B01D8
:10B4400018432060BFE7069B002BDED02021069A20
:10B45000049B891A01225242CA40043B19680A40DF
:10B460001A60D2E7043ED0E704200BB0F0BD000024
:10B47000F0B50E0085B00700039201F0D9FB194C1E
:10B4800033002568002D06D1380001F0D2FB0020E2
:10B4900005B0F0BD01331A78002A1FD03D2AF9D13A
:10B4A000F2E7043528680028EED0019A310001F057
:10B4B000BBF90028F5D1019A2B68944663440293A6
:10B4C0001B783D2BEDD123683800ED1A039BAD109E
:10B4D0001D6001F0AEFB02980130D9E79B1B019380
:10B4E000E0E7C0461400002007B501AAFFF7C0FF3F
:10B4F0000EBD00000048704708040020002370B50E
:10B50000064C050008002360CFF75EFC431C03D106
:10B510002368002B00D02B6070BDC0463CAA0120E0
:10B5200010B5040000F00AF803000120002B04D13C
:10B530002000FBF736FF431E984110BD10B50400F4
:10B540000020FF2C05D8FBF7B5FF03230019407836
:10B55000184010BD10B504000020FF2C09D8FBF7DF
:10B56000A9FF0019437801207F2B02D8093C6042D3
:10B57000604110BD10B504000020FF2C05D8FBF77A
:10B5800099FF202300194078184010BD10B5FBF733
:10B590003DFF10BDC317C01858407047F0307047CA
:10B5A000034B1B68186A002800D10248F03070472E
:10B5B0002C0200209002002070B505000800110048
:10B5C0000022064C22601A00CFF700FC431C03D176
:10B5D0002368002B00D02B6070BDC0463CAA012020
:10B5E000002330B59A4206D0CC5C9D004451002C1B
:10B5F00001D00133F6E7180030BD7047704770B5D1
:10B60000466A04000D00002E07D11020FBF7D6FF7C
:10B610006062466086600660C660666AF368002BFA
:10B6200013D0636AAA00DB689B181868002818D139
:10B6300001210E00AE40721D9200200000F0D5FBEB
:10B6400000280CD0456086600DE0212204212000F6
:10B6500000F0CBFB636AF060DB68002BE1D10020D7
:10B6600070BD02681A6000230361C360F8E770B51B
:10B67000446A06000D00002C07D11020FBF79EFF46
:10B680007062446084600460C460002D07D0736AF7
:10B690006A68DB6892009B181A682A601D6070BD9A
:10B6A000F7B51E0014239C4607000C0000200D690E
:10B6B0008C4463461B68013099B263461B68514352
:10B6C0001B0C534389190E0C9B1989B21E0C1B04C9
:10B6D0005B18614608C18C468542EADC002E1BD00F
:10B6E000A368AB4212DC63683800591CFFF787FF80
:10B6F0002100236901909A1C92000C310C30FBF759
:10B70000D1FF21003800FFF7B2FF019C2B1D9B00E9
:10B71000E31801355E6025612000FEBDF7B5060027
:10B7200018000C000830092101931500C4F79EFD94
:10B730000123002183421FDB3000FFF760FF089BDD
:10B74000436101230361092D19DD230009331F0023
:10B75000009364193B780100303B0A223000013726
:10B76000FFF79EFFA742F5D1009B5C19083C2F0014
:10B77000019B9F4206DBFEBD5B000131DAE70A3424
:10B780000925F4E7631BDB5D0100303B0A22300032
:10B79000FFF786FF0137EBE70300020C002082422F
:10B7A00001D11B0410301A0E01D108301B021A0FF0
:10B7B00001D104301B019A0F01D102309B00002BF4
:10B7C00003DB01305B0000D42020704707220368B0
:10B7D00010B501001A400DD001240020234205D1EC
:10B7E0000230034203D0E34020000B6010BD9B08F1
:10B7F0000B60FBE79CB21000002C01D110201B0C49
:10B80000DAB2002A01D108301B0A1A0701D104302C
:10B810001B099A0701D102309B08DA07E8D45B08BC
:10B8200001D00130E4E72020E0E710B50C00012151
:10B83000FFF7E5FE01234461036110BDF0B50B691C
:10B840001400126989B00D00934201DA25000C0042
:10B850002F6926696968BB190293AB68BA199342CC
:10B8600000DA0131FFF7CBFE0200BB1914329B0056
:10B87000D3189C4600211300049063451DD3143552
:10B88000BF00EB191434B6000593A3190395019476
:10B890000793079B0199994211D3029B002B06DD68
:10B8A00004235B429C4463461B68002B51D0049BDD
:10B8B000029A18001A6109B0F0BD02C3DDE7019BCE
:10B8C0001B6898B200281CD015000026039F02CFE9
:10B8D0002C688BB24343090C4143A4B21B199B193A
:10B8E0000E0029680695090C71181E0C89190E0C9A
:10B8F0009BB209040B4308C5059BBB42E7D8069BD6
:10B900005E60019B1B681D0C1ED010000027136891
:10B91000039E3168046889B26943240C0919C91966
:10B920000F049BB23B43036080CE43683F0C6F43E0
:10B930009BB2FB18090C5B18059906901F0C04308C
:10B94000B142E6D806994B60019B0432043301935F
:10B950009FE7029B013B02939FE700000323F7B59B
:10B96000134005000E001400002B08D02249013BB3
:10B970009A00525800233100FFF792FE0600A310F0
:10B98000019336D06C6A002C07D11020FBF716FE0D
:10B990006862446084600460C4606F6ABC68002CA4
:10B9A00007D116492800FFF740FF00230400B860C4
:10B9B00003600122019B13420AD0310022002800BB
:10B9C000FFF73CFF070031002800FFF750FE3E0064
:10B9D000019B5B1001930CD02068002807D1220046
:10B9E00021002800FFF72AFF0023206003600400E5
:10B9F000DFE73000FEBDC046687A0408710200002F
:10BA0000F0B50D0017002B69541185B0E3180193B0
:10BA1000013300934968AB680290009A934235DB8A
:10BA20000298FFF7ECFD0023020006001900143213
:10BA3000A3422EDBE343DB171C402B00A4001419A8
:10BA40002A69143392009A1894461F22174024D072
:10BA50000132D21B0392002219682000B9400A4328
:10BA600004C404CB0399CA409C45F5D84260002A1F
:10BA700002D0019B02330093009B0298013B33618B
:10BA80002900FFF7F4FD300005B0F0BD01315B0087
:10BA9000C3E7980011500133CAE704CB04C49C45A6
:10BAA000FBD8E9E70A69036930B59B1A0DD192000A
:10BAB0001430143184188918043C043925680A6844
:10BAC000954204D00123954204D3180030BDA04212
:10BAD000F2D3FAE75B42F8E7F0B50D0085B0070056
:10BAE000110028001400FFF7DDFF061E08D1010039
:10BAF0003800FFF784FD01234661036105B0F0BD06
:10BB000001230193002804DB23002C001D000023E7
:10BB1000019361683800FFF772FD2F000022019B3E
:10BB20002669C3601434B300E31802932B691437F9
:10BB30009B00FB18039303009446143320CC04CFDE
:10BB40000192AAB294446A46614692882D0C8A1AE0
:10BB50000199090C691A151449190D1492B20904B6
:10BB60000A431A60039AAC460433BA42E6D80299F3
:10BB70001A008C4205D3043A1368002B0ED00661DC
:10BB8000BCE704CC91B261440D14120C5219151487
:10BB900089B212040A43AC4604C3E8E7013EEAE76F
:10BBA0000B00104910B519400F4BC918002904DDCE
:10BBB00000220B001000190010BD49420915002297
:10BBC0000023132904DC8020000308410300F1E76F
:10BBD000143901201E2902DC1F24611A884002004A
:10BBE000E8E7C0460000F07F0000C0FCF7B50600A3
:10BBF000036914369B00F3181D1F2C680F002000EA
:10BC00000193FFF7C9FD20231B1A3B601C490A283A
:10BC100016DC0B2327001B1ADF4039439C460B0020
:10BC20000021AE4202D201990839096815308440DA
:10BC30006046C1400C4322001000190003B0F0BD63
:10BC40000027AE4202D2019D083D2F680B38844682
:10BC5000031E12D09C40202021433C00C01AC44047
:10BC600021430B000021B54201D9043D29686446F7
:10BC7000C140A7400F433A00DEE721430B00FAE73B
:10BC80000000F03FF7B51D0001211400089FFFF7E9
:10BC9000B6FC2B036D0006001B0B6D0D24D1019328
:10BCA000002C27D068460094FFF790FD009C0028E8
:10BCB0001ED0019B20211A00091A8A40C34022434A
:10BCC00072610193019CB461631E9C410134346133
:10BCD000002D18D0124BED1835232D183D60181A81
:10BCE000099B18603000FEBD802252031343D6E743
:10BCF0007461E7E701A8FFF769FD0124019B346146
:10BD000073612030E4E7074BC018074B3860E31835
:10BD10009B00F3185869FFF73FFD6401201ADFE725
:10BD2000CDFBFFFFCEFBFFFFFFFFFF3FF0B585B070
:10BD30000F0002A90600FFF759FF04000D003800AC
:10BD400003A900940195FFF751FF36693F6902008E
:10BD5000F71B7E01B446039F029E0B00F61B664450
:10BD60003705002E07DD7919019100980199C5F773
:10BD700045FE05B0F0BDCB1BF7E71300013910B548
:10BD800049111269013189001433920041189A183F
:10BD90009A4203D80023814203D810BD10CB10C0B3
:10BDA000F6E708C0F7E70200006910B514324B113E
:10BDB000984212DB0BDD1F20014008D09800845808
:10BDC0002000C8408840010001208C4204D19B0023
:10BDD000D318934203D8002010BD0300F7E7043BBB
:10BDE00019680029F5D00120F6E74A4370B5110023
:10BDF0001400FBF7C5FC051E03D022000021FBF751
:10BE00006DFC280070BDF8B507000D001600002974
:10BE100005D11100FBF7B4FC04002000F8BD002A96
:10BE200003D1FBF763FC3400F7E700F003FF2C00BD
:10BE3000B042F2D231003800FBF7A2FC041EECD075
:10BE400029003200FBF72EFC29003800FBF74EFCDE
:10BE5000E3E70000F0B58E6885B007000C000392A0
:10BE600001939E423CD890238A89DB001A4234D049
:10BE70000325096923685B1A0293636902985D438D
:10BE8000EB0F5D19019B6D1001331B18AB4200D9FC
:10BE90001D00530532D529003800FBF771FC061E42
:10BEA00009D10C233B6040230120A2894042134367
:10BEB000A38105B0F0BD029A2169FBF7F3FBA389CA
:10BEC000144A1A4080231343A381029B2661F6186B
:10BED00026606561019EED1AA560019B9E4200D916
:10BEE000019E320003992068FBF7E5FBA368002060
:10BEF0009B1BA36023689E192660DAE72A0038009E
:10BF0000FFF781FF061EE0D121693800FBF7EEFB49
:10BF1000C7E7C0467FFBFFFFF0B59FB002900593D7
:10BF20008B890F0016001B0611D50B69002B0ED153
:10BF30004021FBF725FC38603861002805D10C232F
:10BF4000029A013813601FB0F0BD40237B610023CB
:10BF500006AC6361203363761033A37635002B780B
:10BF6000002B01D0252B46D1AB1B04930CD0320003
:10BF700039000298FFF76EFF431C00D1AEE0626902
:10BF8000049B9446634463612B78002B00D1A5E0A9
:10BF9000012200235242626002A9543252186E1CE0
:10BFA0002360E360A3601370A365317805225448D1
:10BFB000FBF75EFB751C00281FD12268D30604D551
:10BFC000532302A95B1820211970130704D55323AA
:10BFD00002A95B182B21197033782A2B16D0350053
:10BFE00000210A20E3682A786E1C303A092A4ED9CB
:10BFF000002918D010E00135B1E7414B2268C01A82
:10C0000001238340134323602E00CEE7059B191DB7
:10C010001B680591002B01DB099304E05B42E360A0
:10C020000223134323602B782E2B0AD16B782A2B03
:10C0300035D1059B02351A1D1B680592002B2BDBA1
:10C040000793304E297803223000FBF711FB0028BC
:10C0500006D04023801B83402268013513432360B0
:10C060002978062228486E1C2176FBF701FB002860
:10C070003CD0264B002B25D10722059B0733934349
:10C08000083305936369039A9B18636166E743432A
:10C0900001219B183500A6E701235B42D0E700236E
:10C0A0000A201A000135636029786E1C303909298D
:10C0B00003D9002BC5D00792C3E74243012352188E
:10C0C0003500F1E705AB00933A00114B21000298CF
:10C0D00000E000BF0390039B0133D3D1BB890B98D1
:10C0E0005B0600D42FE7012040422CE705AB00930C
:10C0F0003A00074B21000298FBF74CFDEAE7C046E7
:10C10000D2750408D8750408DC7504080000000026
:10C1100055BE030870B514004B1C03D101256D42B8
:10C12000280070BD938920229343626BA381CEB215
:10C13000CDB26368002A10D0A26B9A4207DD236853
:10C14000013B23601E70636801336360E8E72100F0
:10C1500000F0F6FC0028F2D0E0E72169226800290F
:10C1600007D0914205D2511E0878A84201D1216022
:10C17000EAE723642300443363630323A3632300B8
:10C180004633E2631E7023600123DEE710B50C0026
:10C19000496B00290ED023004433994201D0FBF7AC
:10C1A000A5FA0020236C60636360834202D0E36BD6
:10C1B000236010BD2369012023600023A2896360EE
:10C1C00020331343A3814042F3E70000F0B5B94C9C
:10C1D000C025A544059300230C004A934B93862168
:10C1E00007AB4C93BE230190170004A8B24A490044
:10C1F00040185B00C250B14A6D0042513B78002BA1
:10C2000000D154E1FBF756F908223B787E1CC01898
:10C2100002934378134023D06368002B14DDFBF7AF
:10C2200049F9082123681A78801842780A4201D116
:10C230003700E3E74B9A0133029201324B92626876
:10C240002360013A6260E7E7862204AB52009B1844
:10C250005B5921000198029398470028DFD0E7E757
:10C26000029A252A6DD1499347937B782A2B02D1D4
:10C270001A3B4793BE1C37000A2239787B1C039374
:10C280000B00303B092B24D98D4E03223000FBF7E5
:10C29000EFF9002807D00123801B8340479A039FB2
:10C2A0001343049247933B787E1C672B35D8652B4C
:10C2B00000D3BBE0472B14D8452B00D3B6E0002BAE
:10C2C00000D1F1E0252B3CD003234D930733489355
:10C2D00069E0499B039F04935343303B59184991AC
:10C2E000CBE75B2B00D17DE010D8582BECD1479ADF
:10C2F00002928022029992000A43479210224892A9
:10C300006E229A429B415B4203334BE0632B00D188
:10C3100075E0642BD8D10A22F1E7702B38D008D809
:10C320006E2B00D173E03AD8692BCDD1002348930E
:10C33000EAE7752BEFD0782BD9D0732BC4D1022329
:10C3400030E06368002B0FDD236802991A788A4277
:10C3500000D0ACE00133626823604B9B013A02934A
:10C36000013362604B9363E7862204AB52009B1853
:10C370005B5921000198039398470028E4D04A981C
:10C38000002800D08CE00138A9239B009D44F0BD1B
:10C39000479A0292202202990A434792A7E708236C
:10C3A0004893043B4D936368002B41DD479B029308
:10C3B0005B0608D4FBF77EF8082123681A788018FA
:10C3C00042780A4240D14D9B022B55DC05AB22003E
:10C3D00047A9019800F078F8012868D0022800D019
:10C3E00026E7CCE7310007A800F0EAF9479B0600F2
:10C3F00002934023029A134347930123D2E7479BBA
:10C4000002934023029A134347930023CAE74798B5
:10C41000C30600D50CE7059B4B9A191D05911B68B7
:10C42000C70701D51A8003E71A6001E70523B9E7BA
:10C43000862204AB52009B185B592100019802939D
:10C4400098470028B2D09AE74B9A029201324B9259
:10C450006268013A6260002A02DD01332360A9E7C5
:10C46000862204AB52009B185B592100019802936D
:10C47000984700289ED082E7042B06DC05AB2200FB
:10C4800047A9019800F086F8A6E70E4B002B00D1D3
:10C49000CEE605AB220047A9019800E000BF9BE76C
:10C4A000A3895B0600D46FE7012040426CE74A98FD
:10C4B0006AE7C0465CFDFFFF15C103088DC1030894
:10C4C000D875040800000000F7B515008A680190CF
:10C4D0000C00002A04D18A69002A17D10132A26017
:10C4E0002268D20603D41A68111D19601768002645
:10C4F000A369002B1FD0012B0BD12B6862691B781D
:10C50000D35C002B17D1002E33D109E00122524217
:10C51000E5E7022B06D0002E2BD1A369012B28D1F1
:10C520000120FEBDFAF7C6FF08222B681B78C01851
:10C5300043781342EFD1102223680136134203D10E
:10C540002B681B783B7001372A686B6801322A60C0
:10C55000A268013B013A6B60A260002A09D0002B5F
:10C56000C6DCC0235B00E3582900019898470028E7
:10C57000BED010232268134006D1E2680132E26087
:10C58000A269002A00D03B70236900209E19266111
:10C59000C7E70000F0B50C008BB00293784B049015
:10C5A000160007AA23CB23C2764B0593A369032B5E
:10C5B00001D1754B0593AE220020A3685200591E8D
:10C5C0000390914205D95E3BFF3B03935E23FF330B
:10C5D000A36023001C330193D023002722681B0192
:10C5E00013432360019B0093336807A81978BB00AD
:10C5F00002221858FBF73CF800282BD0012F62D1FB
:10C600006368002B06D1083322686360F933FF3377
:10C61000134323605D4B226813402360A3685A1EB6
:10C62000A260002B16D033685A1C32601B78009A27
:10C6300013707368551C013B7360002B09DCC02329
:10C640005B00E3583100049800939847002800D01D
:10C6500080E000950137032FC6D16368002B01D11C
:10C660000A3363601021002763686069C91A484B68
:10C67000C91800F0A5F8009DA36822680093002B5C
:10C6800041D03168636908781B5C002B3BD03028AF
:10C6900029D180231B011A4225D0039B0137002B8F
:10C6A00005D01A00009B013A01330392A36073681E
:10C6B000013B7360002B1DDD336801333360A368D9
:10C6C000013BA360D8E7022FA8D1C02180232268B4
:10C6D000C90011409B009942BFD1F13BFF3B636011
:10C6E000F033134399E72B4B134023600B782B70E7
:10C6F0000135DCE7C0235B00E35831000498009368
:10C7000098470028DBD02368DB050ED5019B9D42AE
:10C7100007D9BE23013D5B002978E3583200049815
:10C720009847019B01209D4227D0102223681A4080
:10C730001CD12A70636801990498059EB047029B3A
:10C7400021681B688A0607D51A1D02990A601B68B2
:10C75000186008E00027D6E71A1DCE07F5D5029924
:10C760000A601B681880E3680133E3600020019BC6
:10C77000ED1A2369EF19DF1927610BB0F0BDC04630
:10C7800048E603081999030851C90308FFFAFFFF97
:10C79000747A0408FFF6FFFF70B505000800110069
:10C7A0000022064C22601A00CEF7EAFA431C03D19D
:10C7B0002368002B00D02B6070BDC0463CAA01202E
:10C7C00070B50B7805005E2B18D04A1C002128009C
:10C7D0006C1CFF3401700130A042FBD1501E002BB5
:10C7E0000BD001204140E9541478501C2D2C0CD062
:10C7F0005D2C02D0002C05D1100070BD8A1C4B7836
:10C800000121E4E723000200EDE756785D2EF9D020
:10C81000B342F7DC02320133E9549E42FBDCE3E72A
:10C82000004870470000C07F002330B59A420AD00C
:10C83000013AC45CCD5CAC4204D1934202D00133D6
:10C84000002CF6D1631B180030BD0000F0B51F00AE
:10C850000E0087B00590019102920C983478FAF797
:10C8600025FE082200194378751C134036D12D2C63
:10C8700036D1B51C74780126002F62D0102F09D153
:10C88000302C07D120222B789343582B54D11027DA
:10C890006C7802352D4B3900F31818000393C3F759
:10C8A000E1FC049101210023494202008C4618005A
:10C8B0002100303909291AD80C00A74223DD591C60
:10C8C00009D06346824206D302D10499A14202DB19
:10C8D0000123784320182C780135E9E72E00BCE7C6
:10C8E0002B2C01D01E00C7E7B51C7478FAE7210095
:10C8F0004139192901D8373CDFE72100613919296D
:10C9000001D8573CD9E75A1C08D1059A2333136044
:10C91000029B0398002B09D107B0F0BD002E00D078
:10C920004042029A002AF7D0002B01D06B1E0193DF
:10C93000029B019A1A60EFE73024002FAAD1082742
:10C94000A8E7302C9ED00A27A4E7C046FFFFFF7F50
:10C9500013B5054C2468246A002C00D1034C0094C4
:10C96000FFF774FF16BDC0462C0200209002002085
:10C970000CB430B5174B9DB01D68174B0C00994295
:10C9800004D98B2301202B6040421DE0822302A9A1
:10C990009B008B810023029008619C4202D00F4BC8
:10C9A000E3189B008B604B6101235B42CB81209A93
:10C9B00021AB2800019300F0B9F9002CE1D000224E
:10C9C000029B1A60A042DCD21DB030BC08BC02B091
:10C9D0001847C0462C020020FFFFFF1FFFFFFF3F4C
:10C9E000F0B589B00400FEF785FD4E4B060000202F
:10C9F0009C425FDD6E2564214B4BFF35E0184543BB
:10CA00004A4B7460E0184A4B80102D184942E018D8
:10CA1000C3F72CFCC821474B2D184900E018C3F779
:10CA200025FC64212B1820000093C3F705FD01911C
:10CA3000C82120004900C3F7FFFC0A0053425A41B5
:10CA4000330058330793032335001C4002910492AE
:10CA5000083505942B78EF684A2B2DD1009BDC1903
:10CA6000059B002B02D1019B002B03D10021029BCF
:10CA70008B4203D101213B2F00DC00216418013CD3
:10CA80002D492B694C43E4182B6AE418AC61079BD1
:10CA9000E417EC612835AB42DCD1F16C726A0123FA
:10CAA000914205DC03D1B26C316A8A4200D800237E
:10CAB0000120336009B0F0BD442B02D1009BDC198A
:10CAC000DEE7059B049A002B03D1019B002B00D0CD
:10CAD0000122302353430693184B00219C4668687B
:10CAE000009C069A01318B009B186246043BD35888
:10CAF0000393884210DC201D0721C3F79DFC791A9F
:10CB000000D50731AB685A1E072353435918039BBE
:10CB1000994204DA6418B3E7039BE418E1E70739A4
:10CB2000F5E7C046B10700004EF8FFFF4FF8FFFFE2
:10CB300093F8FFFFBFF9FFFF805101008C7A0408D2
:10CB40000B00F7B54D6B44330C009D421CD1802681
:10CB5000F6003100FAF714FE002802D1012040420D
:10CB6000FEBD23006063A66346331A78104BC2549F
:10CB7000230045331A780F4BC2542A780E4BC25407
:10CB8000C01820600020EBE78E6B290073001A00AC
:10CB90000193FFF738F9051EE0D087190100320034
:10CBA0003800FAF77FFD019B27606563A363E9E71F
:10CBB000FF030000FE030000FD030000002210B58B
:10CBC00083588C58A34201D0181B10BD0432002B8F
:10CBD000F6D11800F9E70023036003000A68002A71
:10CBE00001D11A607047043104C3F7E730B5002A59
:10CBF0001CD0013A002A17D00C00231D2468051D03
:10CC00000460002C0CD0013A28001C00002AF4D14A
:10CC1000002202601A001068131D1A000028FAD1C1
:10CC2000581A8010013830BD0B00F1E70A00F2E716
:10CC3000704770470B1F1B68181F002B01DA0B5839
:10CC4000C0187047F0B58BB014001D1E12995CDA45
:10CC5000802424061B191D0014002D230B602023A3
:10CC6000149E03229E43462E07D03300453B594273
:10CC70004B411099013ACB18109309AB049308ABC0
:10CC80000393139B00920293109B220001932B00AD
:10CC900000F04EFE0700472E02D1119BDB0724D582
:10CCA000109BFB180793462E14D13B78302B0CD1E8
:10CCB0000022002320002900C3F7D4FB002804D160
:10CCC0000123109A9B1A139A1360139B079A1B68EF
:10CCD000D31807930022002320002900C3F7C2FBCA
:10CCE0003022002816D0079B0993099B159ADB1B5D
:10CCF00013600023159A126807929A4202DD179A70
:10CD000093420CDB16980BB0F0BD0023A6E7591C2C
:10CD100009911A70099B07998B42F8D3E5E7F95CF2
:10CD200016989A0081500133E4E70000F0B51C002A
:10CD30000023D9B01F930B900A910F92FEF730FC9D
:10CD400003681B781C930A9B9B891B0618D50A9BBA
:10CD50001B690993002B13D140210B98FAF710FDA2
:10CD60000A9B18601861002807D10C230B9A1360E6
:10CD70000D3B1293129859B0F0BD40230A9A5361AB
:10CD80000023139314931693179312930F9D2B68FC
:10CD9000002B01D0252B3CD10F9B9D420DD0EE1ACC
:10CDA00033000F9A0A990B98FFF754F8431C00D1EF
:10CDB00087E1129BB6109B1912932B68002B00D1B0
:10CDC0007FE100220A23012611009C4604351B92B4
:10CDD0007642109209922B1D2F680F93632F00D17A
:10CDE0005CE100D97DE0302F00D14EE11FD82A2F21
:10CDF00000D121E10FD8202F00D114E1232F00D141
:10CE000015E1002F00D15CE1002330971B930E94B5
:10CE100063E10435BBE72D2F00D115E12E2F00D1A2
:10CE200014E12B2FEDD1012239000F9DD3E7452FBF
:10CE30001BD012D8392FE4D8002310936046109BE2
:10CE40004343303BDB1910930F9B1F681D1D3B00B4
:10CE5000303B0F95092BF1D907E14C2F00D116E19A
:10CE6000582F00D1C3E0472FCBD1002A00D01B910F
:10CE70000723012207349C432368524213936368BB
:10CE800008340E945C00640814931398A14B21009D
:10CE9000C6F74EFA002800D026E101229D4B5242EF
:10CEA00013982100C3F7EEFA002800D01CE10022FD
:10CEB000002313981499C3F7DBFA002801D02D231F
:10CEC0001B93954B0C93954B472F00D81FE1802364
:10CED000099A03269A43002309920D931D002C0002
:10CEE000CBE16E2F00D15DE22AD8672F1ED8652FC7
:10CEF000BBD2002A00D01B91230020CB0E93099BAC
:10CF0000DB0603D4099B5B0600D52DB2002D02DAA7
:10CF10002D236D421B93731C00D0A2E2092D00D972
:10CF2000C6E23035579557AB0C93B6E2692FE0D087
:10CF300000D2AEE06C2F00D063E7099B1020AAE07E
:10CF4000712FFAD026D86F2F00D142E2702F00D077
:10CF500057E7231D0E930223099A78271A43099253
:10CF6000302220926E4A25682197169200221B9249
:10CF7000721C00D178E2099A8021099888430990AF
:10CF8000002D00D070E2002E00D1B7E2012B00D0BE
:10CF90006DE2C6E7752F00D159E2782F00D15BE230
:10CFA000732F00D02DE7231D0E93236810240C93BC
:10CFB00000231B93099B1C4000D02EE2731C00D160
:10CFC00015E2320000210C983500FAF751FB0028D9
:10CFD00001D00C9BC51A272D00D80DE2691C8900D1
:10CFE0000B98FAF7CDFB002865D00D9007E2002AD8
:10CFF00000D01B914B4B1693230020CB0E93099B23
:10D00000DB0603D4099B5B0600D5ADB2099A022367
:10D01000D207ABD5002DA9D030222092099A2197B2
:10D020001A430992A2E7002900D0FEE6FBE601239D
:10D03000099818430990F8E6236804341093002BEC
:10D0400000DBF2E65B4210930423F1E70F9B1F68BD
:10D05000181D2A2F0BD000233E00303E0500092E5C
:10D060000ED91E1E01DA012676420F95B6E6266815
:10D07000231D002E01DA012676421C000F90D4E613
:10D0800065466B4380C89B19E6E78023D0E70823F9
:10D09000CEE74020099B03430993C6E6002A00D04F
:10D0A0001B91230001CB0E93099BDB0611D4F9F7EA
:10D0B00021FF431C0DD10A9B9A89402313430A9AEE
:10D0C00093810A9B9B895B0600D453E601235B4254
:10D0D0004FE60023309031931B930D931D001C00ED
:10D0E00030AB01260C93C8E0139A149B1398149943
:10D0F000C6F71EF900281BD0149B002B01DA2D2344
:10D100001B93094B0C93472F00D9E0E6074B0C9378
:10D11000DDE6C046FFFFEF7FFC7A0408EC7A0408E6
:10D12000707B04082C7B04081C7B04080C7B04081F
:10D13000731C5FD020233A009A43472A01D1002E66
:10D140005AD08023099A5B001A43D83B079330AB2F
:10D1500006931EAD1FAB1DAC119205930192149B5B
:10D160000497039502940096139A0B98FFF76AFDB3
:10D1700000230D9330AB0C9098421BD11F992829A6
:10D1800018DD89000B98FAF7FBFA0D90002892D071
:10D190001F9B049707930D9B039506931FAB059365
:10D1A000119B029401930096139A149B0B98FFF71E
:10D1B00049FD0C9020233A001E9C9A43472A1DD11A
:10D1C0001F9AE31C02DBA64200DBD7E0023F651E8C
:10D1D0001E9522972B23002D02DA01252D232D1BCE
:10D1E000239330AC092D18DC3023ED1824932595BA
:10D1F00026AB29E00626A4E70126A2E7662FE6D1A2
:10D20000002C00DCB2E0002E03D1099BDB0700D428
:10D21000C4E00136361927E0340028000A21C3F79C
:10D220000BF9261F3031316028000A21C3F71EF8A0
:10D2300005000928F0DC083C3035256024AA30A917
:10D2400013008C4200D28EE022AA9B1A9B101793E7
:10D25000179A1F9B9E18012B04DC0124099B234075
:10D260001C1E01D0002401361D9D002D00D14EE171
:10D270002D2300251B93119B09931195B54200DACC
:10D2800011961B9B5A1E9341119AD3181193022396
:10D29000099A1A40189202D0119B023311938423E9
:10D2A000099A1A40199200D134E11B9B002B08D037
:10D2B00004231BAA0A990B98FEF7CCFD431C00D14E
:10D2C0003BE1189B002B08D0082320AA0A990B9851
:10D2D000FEF7C0FD431C00D12FE1199B802B12D11A
:10D2E000109B119A9B1A1593002B0CDD159BC24ABB
:10D2F000102B00DD35E19B000A990B98FEF7AAFD83
:10D30000431C00D119E1AD1B002D0BDDBA4A102DD5
:10D3100000DD31E1AB000A990B98FEF79BFD431C41
:10D3200000D10AE1099BDB0500D52EE1B3000C9A80
:10D330000A990B98FEF78EFD431C00D1FDE0099B76
:10D340005B0700D54BE2109B119A934200DA130061
:10D35000129AD31812930D9B002B38D00D990B986D
:10D36000FAF7C4F933E008CC08C269E7002E03D10C
:10D370000123099A1A4213D0023675E7A24205DC4E
:10D38000099B661CDB0707D4260005E00126002C5C
:10D3900001DCB619361BB618672765E7260063E778
:10D3A0001E0061E7002A00D01B91231D0E93099BEC
:10D3B000DB0603D52368129A1A6008E0099B5B0616
:10D3C000F8D56A4648215218236812881A800E9CA4
:10D3D000DCE4230020CB0E930023099AD20600D56B
:10D3E000C4E5099A520600D4C0E5ADB2BEE50C987A
:10D3F000C5F780FF0500EEE5002330A80D93002659
:10D40000B54204D10025B20015500C9035E70C9AB6
:10D41000B300925D0136C250F2E7731C12D03200A5
:10D4200000210C98FDF720FC0D900D9D002800D1E7
:10D4300055E50C9A831A9B109E4200DD1E000023C6
:10D440000D934BE50C98FDF791FA0600F7E72300E2
:10D4500020CB0E930123C0E7002A00D01B91674B1D
:10D46000C9E5099A012387E5012B00D156E5022B76
:10D4700032D0072158AA131F0C932B000B403033D6
:10D48000101F0360ED0811D10999C90705D5302B8C
:10D4900003D03023083A13600C920C9A58AB350035
:10D4A0009E1A0023B6100D931C00E6E60C9AE2E7E4
:10D4B0000A2458AB0C930C9B2800043B21000C93CE
:10D4C000C2F7D0FE0C9B3031196028002100C2F752
:10D4D00043FE051EEFD1E0E70F2258AB0C930C9BE7
:10D4E0001699043B0C932B0013409B005B582D09AD
:10D4F0000D930D990C9B1960F1D1CEE758A90C91B1
:10D50000002BCAD1D307C8D5302357930BE5119B05
:10D510000993B2E6109B119A9B1A1593002B00DC1D
:10D52000C3E6159B364A102B10DC9B000A990B981A
:10D53000FEF790FC431C00D0B7E60D9B002B00D1FA
:10D54000BFE519000B98FAF7D1F8BAE540230A991C
:10D550000B98FEF77FFC431CEFD0159B103B1593F7
:10D56000DFE740230A990B98FEF774FC431CE4D0D4
:10D57000159B103B1593B9E640230A990B98FEF7CB
:10D5800069FC431CD9D0103DC0E6652F00D8E2E00D
:10D590000022002313981499C2F764FF002833D0A7
:10D5A0000423184A0A990B98FEF754FC431CC4D074
:10D5B0001E9B1F9A934203DB099BDB0700D4BEE648
:10D5C00004231CAA0A990B98FEF744FC431CB4D010
:10D5D0001F9B5C1E002C00DCB1E6074A102C01DC0E
:10D5E000A300A5E640230A990B98FEF733FC431CE1
:10D5F000A3D0103CF1E7C046FC7B0408707B040814
:10D60000BC7B0408B47B04081E9B002B36DC04237F
:10D61000814A0A990B98FEF71DFC431C8DD01E9B76
:10D62000002B06D11F9B002B03D1099BDB0700D4E5
:10D6300085E604231CAA0A990B98FEF70BFC431CF1
:10D6400000D17AE71E9C002C0BDA6442734A102C3E
:10D650000ADCA3000A990B98FEF7FCFB431C00D1DF
:10D660006BE71F9B9B0062E640230A990B98FEF72D
:10D67000F1FB431C00D160E7103CE7E71F9B26004D
:10D680009B009B109C4200DD1E00002E1FDCF5431A
:10D690003300ED172B40E51A002D0ADD5F4A102DEF
:10D6A0001EDCAB000A990B98FEF7D4FB431C00D19B
:10D6B00043E71E9B1F9AA40093421BDA04231CAA73
:10D6C0000A990B98FEF7C6FB431C16D135E7B30049
:10D6D0000C9A0A990B98FEF7BDFB431CD7D12CE797
:10D6E00040230A990B98FEF7B5FB431C00D124E7B1
:10D6F000103DD3E7099BDB07E0D41F9D1E9BAA00CA
:10D70000121B9210ED1A954200DD1500002D09DD67
:10D710000C9AAB0012190A990B98FEF79BFB431C5D
:10D7200000D10AE7EB43DB171D401E9A1F9B9B1A93
:10D730005D1B002D00DC02E6384A102D01DCAB0039
:10D74000F6E540230A990B98FEF784FB431C00D1B1
:10D75000F3E6103DF0E71F9B012B02DC099BDB0782
:10D760003AD504230C9A0A990B98FEF773FB431CD5
:10D7700000D1E2E604231CAA0A990B98FEF76AFB83
:10D78000431C00D1D9E61F9B00225C1E1398002386
:10D790001499C2F767FE00280DD10C9AA300043239
:10D7A0000A990B98FEF756FB431C00D1C5E6179B60
:10D7B00022AA9B00BCE5002CF9DD184A102C01DCE4
:10D7C000A300EDE740230A990B98FEF743FB431CA7
:10D7D00000D1B2E6103CF0E704230C9AE0E7109B7E
:10D7E000119A9C1A002C00DCADE50D4A102C08DCC7
:10D7F000A3000A990B98FEF72DFB431C00D0A2E56D
:10D800009BE640230A990B98FEF724FB431C00D1AA
:10D8100093E6103CE9E7C046B47B0408FC7B0408AF
:10D82000BC7B0408F0B503690C6989B00700059159
:10D830000026A34265DB0B00013C1433A5000393D3
:10D840005B1904930300143302935D19049B286849
:10D850001B68591C0193C2F77FFC0190B04229D08C
:10D86000039B02989C460696624608CA9446019A13
:10D8700099B251431B0C534389190A0C9B18079307
:10D880001E0C036889B29AB2069BD2180368521A1A
:10D89000190C6B469B8BCB1A11145B18191492B29E
:10D8A0001B041A43049B069104C06345DCD22B6819
:10D8B000002B2DD005993800FEF7F4F800281FDB67
:10D8C0000025019B0298013303990193026808C95E
:10D8D00092B255199AB2AA1A05681B0C2D0CEB1AB4
:10D8E00015145B191D1492B21B04134308C0049B4A
:10D8F0008B42EBD2029AA300D3181A68002A11D0E7
:10D90000019E300009B0F0BD2B68002B04D1013C12
:10D91000029B043DAB42F7D33C61CBE71A68002A77
:10D9200004D1013C029A043B9A42F7D33C61E7E7F9
:10D93000F0B516001F00446A9BB00290239D069626
:10D940000797002C08D11020F9F738FE029B586287
:10D95000446084600460C460029B5B6A19680029AB
:10D960000BD05A68012393404A608B600298FDF700
:10D970007EFE0022029B5B6A1A60002F20DA0123E0
:10D980002B607B005B080793079CB24B2200179328
:10D990001A409A4217D1B04B229A1360069B002B73
:10D9A00003D1240301D100F087FDAC4B249A0893E6
:10D9B000002A02D0AA4B249A136008981BB0F0BD2D
:10D9C00000232B60E0E7069E079F00220023300023
:10D9D0003900C2F747FD051E0BD00123229A1360C0
:10D9E000A04B249A0893002AE7D09F4A24990A6002
:10D9F000E3E718AB019319AB009332003B000298A8
:10DA0000FEF740F9630003905B0D74D03A03974C26
:10DA1000120B14432100964A300016959E180022DE
:10DA2000944BC4F767FE944A944BC4F7F1FB944AB5
:10DA3000944BC3F7C7FC040030000D00C5F7D8F9BC
:10DA4000914A924BC4F7E4FB02000B00200029002E
:10DA5000C3F7B8FC04000D00C5F794F900220700D5
:10DA6000002320002900C2F703FD002809D0380058
:10DA7000C5F7BEF92B002200C2F7F4FC434258411F
:10DA80003F1A01231493162F0DD88149FB00C918A2
:10DA900008684968069A079BC2F7FEFC002846D032
:10DAA0000023013F1493189B9E1B00230A9333000D
:10DAB000013B0B9304D501239B1B0A9300230B937B
:10DAC000002F36DB0B9B1197DB190B93002304937C
:10DAD000209B0124092B00D984E0052B02DD0024C2
:10DAE000043B2093209B981E032800D984E0C2F7B2
:10DAF00015FB7577286A189B199A9E18654BF218C2
:10DB0000202A0FDD40239B1A9C40634B0698F31894
:10DB1000D8402043C5F7A6F90123604C013E0919FE
:10DB200016937CE7202306989B1A9840F2E71490FE
:10DB3000B9E70A9BDB1B0A937B42049300231193F2
:10DB4000C6E701230D93219B002B59DD0C9309930C
:10DB5000029A556A00226A60043210001430696823
:10DB6000984252D90298FDF74AFD029B28605B6AF1
:10DB70001B680893099B0E2B00D90AE1002C00D1E9
:10DB800007E1069B079C12931394002F00DC89E0A9
:10DB90000F213A003E4B0A40D2009B181D685E6878
:10DBA00002233C110E93E3060BD53D4B0C401A6A41
:10DBB0005B6A12981399C3F721FF0323069007911C
:10DBC0000E9300233AE001230D93219BFB180C9345
:10DBD00001330993002BBBDC0123B9E70023B1E734
:10DBE0000023F1E700230D942093013B00220C93C6
:10DBF000099313332192ABE701230D93023BF5E721
:10DC000001230C9309931A00F4E701316960520073
:10DC1000A3E701231C420ED00E9B214A01330E9331
:10DC2000109B2800DB009B1831001A685B68C4F762
:10DC3000EFFA05000E00109B641001331093002CC6
:10DC4000E7D1069807992A003300C3F7D7FE06905C
:10DC5000079142E00000F07F0F270000457C040898
:10DC6000487C04087CEB03087DEB03080000F03FD0
:10DC700001FCFFFF0000F83F61436F63A787D23FBD
:10DC8000B3C8608B288AC63FFB799F501344D33FAB
:10DC9000A07904083204000012040000000010FE05
:10DCA0007879040802230E93002F16D01298139946
:10DCB0007C420D332340CE4ADB00D3181A685B68E0
:10DCC000C4F7A6FA002301261D000690079124112F
:10DCD000002C00D08CE0002BB9D1149B002B00D17C
:10DCE00096E0069C079D0022C24B20002900C2F747
:10DCF000BFFB002800D18BE0099B002B00D187E0FF
:10DD00000C9B002B41DDBC4B002220002900C4F7F6
:10DD10007FFA0E9B0690079101330E930C9B7E1E9B
:10DD20000E981093C5F764F8069A079BC4F770FA2B
:10DD30000022B24BC3F746FBB14A0E900F910E9CE6
:10DD40000F9D94460F9B634415931D00109B002B61
:10DD500061D1069807990022AA4BC4F7CBFC220098
:10DD6000159B06900791C2F797FB002800D0A8E208
:10DD7000A5480F99844661440B0006980799220034
:10DD8000C2F776FB002800D095E2129B139C069305
:10DD90000794199B002B00DA5CE10E2F00DD59E19E
:10DDA000934BFA009B185C681B6804930594219BB5
:10DDB000002B00DBD8E0099B002B00DDD4E000D075
:10DDC0007DE20498059900228E4BC4F721FA069A49
:10DDD000079BC2F76BFB099B04931E00002800D031
:10DDE0004FE2089B089A5D1C3123013713704BE208
:10DDF00034420AD00E9B854A01330E93EB009B18E8
:10DE00001A685B68C4F704FA3300641001355FE7F1
:10DE10003E00099B84E7109B0D995A1E744BD2005B
:10DE20009B181A685B68002949D000207849C3F71D
:10DE3000E5FD2B002200C4F75DFC089B0E900F91BE
:10DE4000159306980799C4F79DFF0400C4F7D0FF07
:10DE500002000B0006980799C4F74CFC159B303460
:10DE60005D1C1C700E9A0F9B06900791C2F700FB79
:10DE700000286CD1069A079B00205E49C4F73AFC43
:10DE80000E9A0F9BC2F7F4FA002800D0C3E0089B5B
:10DE9000109AEB1A9A4200DC77E70E980F9900224D
:10DEA000554BC4F7B5F900220E900F9106980799CB
:10DEB000514BC4F7ADF9159506900791C1E72000C5
:10DEC0002900C4F7A5F9089C109A230094460E90E7
:10DED0000F916344159306980799C4F753FF050003
:10DEE000C4F786FF0B00020006980799C4F702FCEE
:10DEF0003035159B2570013406900791A3422AD135
:10DF00000E980F99089A109B9446634400221D00B6
:10DF10003F4BC3F757FA02000B0006980799C2F768
:10DF2000BBFA002800D076E00E9A0F9B00203849FB
:10DF3000C4F7E0FB02000B0006980799C2F798FAB5
:10DF4000002800D121E76B1E1A78302A01D0370053
:10DF50003FE01D00F7E7069807990022264BC4F71B
:10DF600057F906900791B6E7089E049A059B069814
:10DF70000799C3F743FDC4F705FF0400C4F738FF52
:10DF8000049A059BC4F744F902000B000698079910
:10DF9000C4F7B0FB230030333370099A089B751C1B
:10DFA000EB1A9A4248D102000B00C3F70BFA049A0D
:10DFB000059B06900791C2F76FFA00282AD1049AB0
:10DFC000059B06980799C2F74DFA002801D0E30790
:10DFD00020D403990298FDF74AFB00232B70229B63
:10DFE00001371F60249B002B00D1E6E41D60E4E4B0
:10DFF000A07904080000F03F0000244000001C400D
:10E000000000C0FC000014400000C07C78790408C7
:10E010000000E03F3E006B1E1A78392A06D1089AAC
:10E020009A4207D130231370130001361A78013257
:10E030001A708CE71D00EEE70022A44BC4F7E8F845
:10E0400000220023069007912E00C2F70BFA002849
:10E050008BD0BEE70D9A002A00D1DAE0209A012A7F
:10E0600000DDBDE0169A002A00D1B5E0984A9B1861
:10E07000049D0A9C0A9A0121D2180A920B9A0298CE
:10E08000D3180B93FDF7D1FB0600002C0EDD0B9B84
:10E09000002B0BDD0B9A2300944200DD13000A9A3B
:10E0A000E41AD21A0A920B9AD31A0B93049B002BF0
:10E0B0001FD00D9B002B00D1AFE0002D11D03100FF
:10E0C0002A000298FDF74AFC039A01000600029814
:10E0D000FDF7B4FB039910900298FDF7C8FA109B66
:10E0E0000393049B5A1B04D003990298FDF736FC56
:10E0F000039001210298FDF798FB119B0490002BDF
:10E1000000D1E3E11A0001000298FDF727FC209BF3
:10E110000490012B00DD82E00025069BAB420ED16E
:10E12000079B1B03AB420AD1179B079A134206D0E9
:10E130000A9B013501330A930B9B01330B93119B0F
:10E140000120002B6CD10B9B18181F2318407ED088
:10E1500001331B1A042B70DD1C23181A0A9B241888
:10E160001B180A930B9B1B180B930A9B002B05DDB6
:10E170001A0003990298FDF743FC03900B9B002BB8
:10E1800005DD1A0004990298FDF73AFC0490149BEF
:10E19000002B5ED004990398FDF784FC002858DA20
:10E1A00000230A2203990298FDF77AFA0D9B013F9A
:10E1B0000390002B00D190E1002331000A22029845
:10E1C000FDF76EFA0C9B0600002B00DD88E0209B1B
:10E1D000022B00DC84E044E03623189A9B1A47E7C0
:10E1E000099B5D1E049BAB4208DB5D1B099B002B5A
:10E1F0000CDA0A9B099A9C1A00233BE7049B0495BE
:10E20000EA1A119B00259B181193EFE70A9C099BC2
:10E2100030E7049D0A9C0D9E37E7049A64E70025C9
:10E22000049B049A1B69109303339B00D31858680E
:10E23000FDF7B2FA2023181A85E7042B95D00A9A25
:10E240001C33D2180A920B9AE418D3188CE70300F7
:10E25000F5E7099B002B3DDC209B022B3ADD099B57
:10E260000C930C9B002B0CD1049905220298FDF70E
:10E2700017FA049001000398FDF714FC002800DD54
:10E28000AFE5219B089DDF43002309930499029881
:10E29000FDF7EDF9002E00D19BE6099B002B05D080
:10E2A000B34203D019000298FDF7E1F9310002985A
:10E2B000FDF7DDF98DE6109B04931E00E1E70023D6
:10E2C000FAE7109B370004931E008AE50000244003
:10E2D000330400000D9B002B00D1B2E0099B0C938E
:10E2E000002C05DD310022000298FDF789FB0600B5
:10E2F0003000002D11D071680298FDF780F93100CF
:10E30000040033690C319A1C92000C30F9F7CAF9F9
:10E31000012221000298FDF773FB09960600089B75
:10E320000A9304990398FFF77DFA09990D90040068
:10E330000398FDF7B7FB3200109004990298FDF79F
:10E34000CBFB01230B93C36830340500002B04D1B1
:10E3500001000398FDF7A6FB0B9029000298FDF73A
:10E3600086F90B9B209A13430ED1069A0133134270
:10E370000AD1392C26D0109B002B01DD0D9C3134A5
:10E380000A9B5D1C1C7081E7109B002B07DB1D00A6
:10E39000209B1D4322D10123069A13421ED10B9BC1
:10E3A000002BEDDD039901220298FDF729FB04996A
:10E3B0000390FDF777FB002802DCE1D1E307DFD50E
:10E3C000392CDBD10A9B0A9A5D1C392313706B1E12
:10E3D0001A78392A67D001321A7057E70A9B5D1CF8
:10E3E0000B9B002B04DD392CECD001340A9BC9E7D0
:10E3F0000A9B0C9A1C70089BEB1A93423ED0002398
:10E400000A2203990298FDF74BF9099B0390B34246
:10E4100009D100230A2209990298FDF741F90990D0
:10E4200006000A957DE7099900230A220298FDF764
:10E4300037F9002309900A2231000298FDF730F9DC
:10E44000EEE7099B0C93089B069304990398FFF74A
:10E45000E9F9069B30305D1C18700C9A089B04008B
:10E46000EB1A9A4208DD00230A2203990298FDF76D
:10E4700017F906950390E8E7002309930399012211
:10E480000298FDF7BDFA04990390FDF70BFB0028F5
:10E490009DDC01D1E3079AD46B1E1A78302A00D094
:10E4A000F4E61D00F8E7089A9A4203D131230137B8
:10E4B0001370EBE61D008AE70B4B249A08930B4B75
:10E4C000002A01D0FFF777FAFFF777FA209B012B9C
:10E4D00000DC21E6119D012035E60C9B002BB2DC0F
:10E4E000209B022BAFDDBCE63C7C0408447C040886
:10E4F000F8B5C046F8BC08BC9E467047F8B5C046A3
:08E50000F8BC08BC9E46704700
:10E50800520A00088E090008B209000850090008DC
:10E51800B20900082E0A0008B209000850090008CC
:10E528008E0900088E0900082E0A00085009000804
:10E53800840A0008840A0008840A00083A0A0008C5
:10E548008E0900088E090008B20900084E09000863
:10E55800B20900082E0A0008B20900084E0900088E
:10E568008E0900088E0900082E0A00084E090008C6
:10E57800840A0008840A0008840A0008380A000887
:10E588007C0D0008260D0008260D0008540E000812
:10E59800220D0008220D00084A0E0008540E00083B
:10E5A800220D00084A0E0008220D0008540E00082B
:10E5B800580E0008580E0008580E0008600E000893
:10E5C800A01C0008121B0008561B0008BA1A0008F5
:10E5D800561B0008461C0008561B0008BA1A0008FB
:10E5E800121B0008121B0008461C0008BA1A000873
:10E5F800B21A0008B21A0008B21A0008541C00081F
:10E60800C8230008CA220008CA220008E825000812
:10E61800C4220008C4220008D0250008E825000804
:10E62800C4220008D0250008C4220008E8250008F4
:10E63800DE250008DE250008DE250008EC25000898
:10E64800867A04087BEB0308897A04084C6F7720E4
:10E65800537570706C7920566F6C74616765000033
:10E6680085E703080000000000000000000000002B
:10E6780000000000A00F00001800000000000000CB
:10E68800000000009EE703080000000000000000F2
:10E698000000000000000000000800002800000042
:10E6A80000000000000000007FE7030800000000F1
:10E6B800000000000000000000000000C05D000035
:10E6C800100000000000000000000000A9E7030897
:10E6D8000000000000000000000000000000000032
:10E6E800A00F000030000000000000000000000043
:10E6F80091E703080000000000000000000000008F
:10E7080000000000204E0000200000000000000073
:10E718000000000064E7030800000000000000009B
:10E7280000000000000000000008000019000000C0
:10E73800000000000000000070E70308000000006F
:10E7480000000000000000000000000000080000B9
:10E75800080000000000000000000000666C617303
:10E768006865725461736B006C6F7765737450726F
:10E77800696F726974790044776D4F530042617410
:10E78800746572795461736B005465726D696E615A
:10E798006C5461736B00427574746F6E5461736B63
:10E7A8000053616D706C6550726F636573736F723F
:10E7B800004572726F72204F6363757272656421CF
:10E7C8000A0D0048617264204661756C74204F63BD
:10E7D800637572726564210A0D0000000000000074
:10E7E8000000000000000000000000000000000021
:10E7F8000000000000000000000000000100000010
:10E8080002000000030000000400000006000000F1
:10E8180007000000080000000900000000000000D8
:10E8280000000000000000000000000001000000DF
:10E8380002000000030000000400000049444C45A9
:10E8480000546D725100546D722053766300434436
:10E858004320436F6E6669670043444320496E74E2
:10E868006572666163650053544D6963726F656CC8
:10E87800656374726F6E6963730044574D20563236
:10E8880020436F6D506F72740000030103436F6E75
:10E898006669673A205573696E672000646566612A
:10E8A800756C7420636F6E66696775726174696FE1
:10E8B8006E00454550524F4D3A20436F6D6D2065AF
:10E8C80072726F7220312E20005573696E67206452
:10E8D800656661756C7420636F6E6669670045458F
:10E8E80050524F4D3A20436F6D6D206572726F72B2
:10E8F80020322E2000454550524F4D3A20436F722A
:10E908007275707465642E2000454550524F4D3A1B
:10E918002043616E6E6F742053617665004D656D9E
:10E928006F727920556E7772697461626C65004503
:10E938004550524F4D3A206572726F72200045451E
:10E9480050524F4D3A205265616420636F6D6D20BF
:10E958006572726F7200454550524F4D3A20436FB1
:10E9680072727570746564005265636F766572655E
:10E978006420656C656D656E7473004D41494E2069
:10E988004D454E5500456C656D656E74004D65616D
:10E998007375726500446973706C617900537570A2
:10E9A800706C7900496E7465726C6F636B00436FAD
:10E9B8006E666967757265004D6F726500313A0061
:10E9C800323A00333A00343A00353A00363A0037E2
:10E9D8003A00383A0055736500526174696E6700F1
:10E9E800754120547970650044652D456D626564F4
:10E9F80000436F707920546F004964656E746966CE
:10EA08007900556E69742054797065005265666C9A
:10EA1800205479706500417665726167696E670098
:10EA280052616E6765004C696E656172004C6F6774
:10EA380000535752006442003A31004261636B6CE4
:10EA48006967687400436F6E747261737400496E0D
:10EA58007620436F6C6F720056696577204D6F643E
:10EA68006500446973702052617465005665727957
:10EA780020536C6F77004D656469756D004661734E
:10EA880074004C75646963726F75730044696769D3
:10EA980074616C00416E616C6F67004E4F005945A0
:10EAA800530044495341424C4500454E41424C4570
:10EAB80000327800347800446972656374004C69E8
:10EAC800746869756D00414100313256204C6561AA
:10EAD80064004F7468657200547970652F456E0044
:10EAE8005468726573686F6C64004C6F20506F7760
:10EAF800657200486920506F776572004C6F6767D0
:10EB0800696E67006D562052656164004D656E75CB
:10EB18002048656C7000496E7075742043616C0004
:10EB28004175746F20536176650052657365742072
:10EB3800416C6C00507265736572766500436C6554
:10EB4800617220416C6C004F6E6C79204E657700C5
:10EB58004E6577657374203130004F6C646573744B
:10EB68002031300033307541003130307541003389
:10EB78003000313030004175746F2043616C0045BE
:10EB88006469742043616C00526573657420436145
:10EB98006C005465726D2054797065004D656E7512
:10EBA800205574696C00494E530041564700504542
:10EBB80050004D4158004D494E00444556004564AB
:10EBC8006974003220506F696E74003320506F6989
:10EBD8006E74003520506F696E7400434F454620AF
:10EBE8003100434F4546203200434F45462033000D
:10EBF8004F5645522052414E4745004D41474E49D8
:10EC08005455444500494E4352454D454E54415490
:10EC1800494F4E0056657273696F6E004775696497
:10EC28006573005265626F6F74005357522F524CD0
:10EC380000517569636B20456C65004C696E6520F1
:10EC480054797065004657205570646174650044B6
:10EC5800574D205632203230323600437265617487
:10EC6800696F6E206F663A00537465616D696E67EF
:10EC7800436F617800434F41584F4E205379737466
:10EC8800656D7320496E632E0046573A20322E3543
:10EC98002E30202D20442D57696E004D656E75204D
:10ECA80048656C7065720050726573732026206821
:10ECB8006F6C6420454E544552006F6E20616C6D38
:10ECC8006F737420616E79206D656E750069746567
:10ECD8006D20746F207669657700696E666F726D56
:10ECE8006174696F6E2061626F75742069742E009B
:10ECF8004C697665204C6173742035204C6F6773BE
:10ED080000416C6C204C6F677300506F7765722000
:10ED180053637265656E004D6972726F7220446943
:10ED280073706C61792028536574207465726D69FD
:10ED38006E616C2077696E646F772073697A6520DD
:10ED4800746F3A20313238772058203634682900D9
:10ED5800496E7374616E74616E656F757300417688
:10ED68006572616765005065616B004D6178696D1A
:10ED7800756D004D696E696D756D004D6178204443
:10ED88006576696174696F6E0052657475726E009C
:10ED98002D256C642E25302A6C64002D256C6400AA
:10EDA800203E203130004F46465345542043414CC5
:10EDB800003C005245463A0048562100555342004F
:10EDC8004C5621004F4C0043555252454E544C5915
:10EDD8003A004449524543542053414D504C494E02
:10EDE800470043414C4942524154494F4E3A204F03
:10EDF8004E0043414C4942524154494F4E3A204FEC
:10EE0800464600456C656D656E743A2000506F7714
:10EE1800657220526174696E673A2000754120540A
:10EE28007970653A202000434F454620006D570011
:10EE38006B57002F002575004E6F206C6F6773208D
:10EE4800746F20646973706C61792E002821290021
:10EE5800494E464F005741524E494E47004552527F
:10EE68004F5200435249544943414C00554E4B4E72
:10EE78004F574E002800732061676F2900642000F7
:10EE88006820006D2000732000202054696D653AC9
:10EE98002000766563746F723A3A5F4D5F72616EF7
:10EEA80067655F636865636B3A205F5F6E202877EC
:10EEB8006869636820697320257A7529203E3D209A
:10EEC800746869732D3E73697A65282920287768E4
:10EED80069636820697320257A752900256C750097
:10EEE8004144433A204661696C656420746F20731D
:10EEF80074617274004144433A20436F6E666967D7
:10EF0800204572726F72004144433A20436F6D6D21
:10EF1800206572726F72005341564520434F4E462A
:10EF280049473F00534156494E472E2E2E00434F26
:10EF38004E46494720534156454400506C6561731D
:10EF4800652074727920616761696E2E0057726955
:10EF5800746520436F6D6D2E204572726F72005379
:10EF6800415645204641494C005265616420436F33
:10EF78006D6D2E204572726F72004C6F616465640E
:10EF880020436F6E66696720436F7272757074658F
:10EF98006400536176656420436F6E666967204339
:10EFA8006F7272757074656400506C65617365206A
:10EFB8007265706F7274206275672E0043686563AE
:10EFC8006B696E67204572726F7200434F5059200B
:10EFD80046524F4D3A00434F505920544F3A002261
:10EFE8004261636B6C69676874222048656C7000C5
:10EFF8004368616E6765732074686500627269674B
:10F0080068746E657373206F662074686500546851
:10F0180069732073657474696E67206772656174BB
:10F028006C790065666665637473206261747465E3
:10F038007279206C6966652E0022436F6E74726166
:10F048007374222048656C7000636F6E747261730C
:10F0580074206F66207468650048656C707320774B
:10F0680069746820646966666572656E740076699D
:10F078006577696E6720616E676C65732E0022493B
:10F088006E7620436F6C6F72222048656C70004961
:10F098006E76657274732074686520636F6C6F7226
:10F0A800206F6600646973706C61796564207069AB
:10F0B80078656C732E006C69676874696E67206385
:10F0C8006F6E646974696F6E732026007065727361
:10F0D8006F6E616C20707265666572656E63652E11
:10F0E800002256696577204D6F6465222048656C5B
:10F0F8007000706F77657220726561646F75742037
:10F108006265747765656E006E756D6572696361B9
:10F118006C202620616E616C6F670028636C6173D8
:10F12800736963206E6565646C65290044495350B2
:10F138004C415900494E5645525420434F4C4F526A
:10F148000056494557494E47204D4F4445004449CC
:10F1580053504C415920524154450053454C454366
:10F168005420454C454D454E54005445524D494E4A
:10F17800414C2054595045005343414C45002254BA
:10F188007970652F456E222048656C70004469735C
:10F1980061626C653A206E6F207472696767657288
:10F1A800004C6F20506F7765723A207472696767F8
:10F1B80065720072656C61792062656C6F77207486
:10F1C80068726573686F6C6400486920506F776572
:10F1D800723A20747269676765720072656C61794A
:10F1E8002061626F7665207468726573686F6C64FD
:10F1F80000224C6576656C222048656C700053656A
:10F2080074732074686520706F776572206C6576FA
:10F21800656C00617420776869636820746865208C
:10F2280072656C61790077696C6C207472696767C4
:10F238006572207768656E00726561636865642E23
:10F2480000494E5445524C4F434B00696E707574DB
:10F258002E20507265737320454E54455200506CF1
:10F268006561736520706F77657220646F776E00D3
:10F2780043616C6962726174696F6E3A00436F6EC4
:10F2880074696E75653F00446F206E6F7420746FEB
:10F2980075636820696E707574210043616C6962DA
:10F2A800726174696E672E2E2E00446973636F6EE7
:10F2B8006E65637420696E7075742E004578636599
:10F2C800737320566F6C746167652E004572726F98
:10F2D800723A0043616C20436F6D706C65746521F0
:10F2E8000022557365222048656C70005072657362
:10F2F80073696E6720746869730073656C656374FD
:10F3080073207468697320656C656D656E7400742C
:10F318006F2062652070757400696E746F206F705D
:10F3280065726174696F6E2E0022526174696E672E
:10F33800222048656C7000536574207363616C65A6
:10F3480020616E64006D61676E6974756465206F15
:10F358006620656C656D656E74004578616D706CCE
:10F36800653A2032353057203D005363616C653A69
:10F3780020322E35004D61676E69747564653A20D8
:10F388003235305700227541205479706522204863
:10F39800656C70005365747320696E7075742074A1
:10F3A80079706520666F72006569746865722033CC
:10F3B800307541206F722031303075412E00416C1C
:10F3C800736F2072657365747320656C656D656E07
:10F3D800740064652D656D62656464696E67206696
:10F3E8006F720074686520676976656E20656C6564
:10F3F8006D656E742E002244652D456D626564222C
:10F408002048656C70005365742074686520636FCC
:10F41800656666696369656E747300746F206465F8
:10F428002D656D62656420616E0020656C656D6593
:10F438006E742E20557365732033726400206F72CA
:10F4480064657220706F6C796E6F6D69616C0063B2
:10F458006F65666669656369656E74732E0022431D
:10F468006F707920546F222048656C7000436F706C
:10F4780079207468652073656C65637465640065DC
:10F488006C656D656E74277320636F6E666967209F
:10F49800746F00616E6F7468657220656C656D6568
:10F4A8006E742E0055736566756C20666F722073D6
:10F4B800696D696C617200224964656E7469667968
:10F4C800222048656C700053686F777320656C65FF
:10F4D8006D656E7420696E666F00746F2068656C68
:10F4E80070206964656E746966792C00616E2065A8
:10F4F8006C656D656E7420696E206100636F6C6C5D
:10F50800656374696F6E207769746820706F7765BA
:10F518007200616E6420636F656666696369656E13
:10F5280074732E00454C454D454E5420434F4E466E
:10F538004947004E6F7720496E205573653A004C55
:10F548004F4720505245534552564154494F4E005B
:10F5580022556E69742054797065222048656C7054
:10F56800004368616E6765732074686520756E690D
:10F578007473006F66206D6561737572656D656E75
:10F58800742E004C696E656172203D206D572F57AF
:10F598002F6B572F4D57004C6F67203D2064426DED
:10F5A80000225265666C2054797065222048656C8B
:10F5B80070004368616E67657320746865207479AC
:10F5C8007065006F66207265666C656374696F6E3E
:10F5D800005374616E64696E6720576176652052C6
:10F5E8006174696F0052657475726E204C6F737325
:10F5F8000022417665726167696E67222048656CF2
:10F6080070004368616E676573206F766572206865
:10F618006F77206C6F6E6700617665726167696EDF
:10F6280067206973206D6561737572656400696E22
:10F63800207365636F6E64732E004166666563743C
:10F648007320415647207374617469737469630049
:10F658002252616E6765222048656C70005365749C
:10F668007320746865206D756C7469706C69657257
:10F6780000666F7220746865206D6178207265611C
:10F688006461626C6500706F776572206F662061D7
:10F698006E20656C656D656E742E0045673A203284
:10F6A800782026203130305720656C656D656E7482
:10F6B8000032303057206D6178696D756D20726544
:10F6C8006164696E67004D4541535552454D454E3D
:10F6D8005400554E495453005245464C45435449ED
:10F6E8004F4E205459504500224469726563742274
:10F6F8002048656C700053696D706C792072656183
:10F708006473206F75742074686500696E70757411
:10F7180020737570706C7920766F6C746167652ED4
:10F7280000224C69746869756D222048656C700008
:10F738005365747320746865206F706572617469AD
:10F748006E670072616E676520666F722061206C5B
:10F7580069746869756D0062617474657279207086
:10F7680061636B2E00466F722070726F7065726CE9
:10F7780079207363616C696E670062617474657285
:10F78800792073796D626F6C2E00224141222048E6
:10F79800656C700072616E676520666F7220616CBF
:10F7A8006B616C696E65006261747465726965731A
:10F7B8002E0022313256204C656164222048656C47
:10F7C800700072616E676520666F72206120313249
:10F7D80056006C65616420616369642062617474B9
:10F7E8006572792E0022437573746F6D2220486507
:10F7F8006C70005573657220646566696E65642077
:10F8080067656E65726963006261747465727920F8
:10F8180072616E67652E00535550504C59205459EB
:10F82800504500454C454D454E542075412054598E
:10F83800504500224175746F2043616C2220486551
:10F848006C70004175746F6D61746963616C6C797B
:10F858002066696E6473006F6666736574207661EE
:10F868006C756520666F722041444300616E6420A8
:10F87800696E707574206275666665722E00224521
:10F888006469742043616C222048656C7000466985
:10F898006E652074756E652074686520696E707574
:10F8A80074006F66667365742E204C6F77657220DE
:10F8B80063616C00756E74696C20626567696E734C
:10F8C80020746F2073686F770065786163746C7952
:10F8D80020302E3030306D562E00446F6E27742045
:10F8E8006B65657020676F696E67210022526573CA
:10F8F80065742043616C222048656C700052657302
:10F90800657473207468652063757272656E74001F
:10F918006D6574657220747970652773206F6666EB
:10F92800736574002833307541206F722031303090
:10F9380075412900746F207A65726F2E004D455409
:10F9480045522043414C0052657365742043616CF5
:10F958003F00224C6F6767696E67222048656C70AC
:10F9680000436F6E66696775726520686F77206CF3
:10F978006F677300617265206B65707420616E64D7
:10F9880020636C65617265642E00546F207669652A
:10F9980077206C6F67732C20676F20746F3A004D67
:10F9A80061696E204D656E752C20496E666F2C005E
:10F9B8004C6F67732E00226D5620526561642220B9
:10F9C80048656C70005573656420666F72206465C5
:10F9D8002D656D62656464696E6700616E6420748C
:10F9E800726F75626C6573686F6F74696E670033E8
:10F9F80030754120313030254653203D2034316D5B
:10FA08005600313030754120313030254653203D85
:10FA1800203330306D5600224D656E752048656C78
:10FA280070222048656C7000456E61626C65732FAA
:10FA380044697361626C65730068656C7066756CA7
:10FA4800206D656E75732E0022555342222048653D
:10FA58006C70004368616E67657320746865207414
:10FA6800797065206F66007573657220696E7465BC
:10FA78007266616365207768656E006163636573AC
:10FA880073696E67206D65746572207669610074AC
:10FA980065726D696E616C2E004D6F7265206665CA
:10FAA80061747572657320636F6D696E672E0022CD
:10FAB800496E7075742043616C222048656C700033
:10FAC800576865726520696E7465726E616C006353
:10FAD800616C6962726174696F6E2076616C7565BC
:10FAE800730063616E2062652065646974656420D3
:10FAF800746F00696E637265617365206163637515
:10FB0800726163792E002255706461746522204801
:10FB1800656C700044574D2077696C6C2073746174
:10FB280072742044465520260073637265656E2002
:10FB380077696C6C20676F20626C616E6B2E005564
:10FB4800706C6F6164206669726D776172652E00F2
:10FB58004D616E75616C6C7920706F7765722043AA
:10FB680079636C650044574D206166746572207531
:10FB780070646174696E672100224175746F205347
:10FB8800617665222048656C7000456E61626C651F
:10FB9800206F722044697361626C65006175746FCF
:10FBA8006D6174696320736176696E672077686533
:10FBB8006E0065786974696E6720746865204D61A8
:10FBC800696E204D656E752E004F6E206279206437
:10FBD800656661756C742E002252657365742041E8
:10FBE8006C6C222048656C700052657365747320D4
:10FBF800616C6C2073657474696E677300746F2030
:10FC0800666163746F72792064656661756C74737C
:10FC18002E00434F4E46494755524154494F4E00D6
:10FC280048656C70696E67204D656E75733F004658
:10FC38006163746F72792052657365743F00454C37
:10FC4800454D454E542044452D454D4245440054AC
:10FC58005249474745522054595045005452494744
:10FC68004745522056414C5545005245534554206E
:10FC780044452D454D4245443F00454449542044A0
:10FC8800452D454D4245440055534220434F4E466D
:10FC980049470041434B4E4F574C454447453F0069
:10FCA800224C6F6773222048656C7000416C6C2091
:10FCB8006C6F67732061726520657261736564009B
:10FCC80075706F6E20706F776572207265736574DA
:10FCD800206F7200627920676F696E6720746F3ACF
:10FCE800004D61696E204D656E752C20436F6E6600
:10FCF80069677572652C004C6F6767696E672C20A1
:10FD0800436C65617220416C6C2E002256657273DB
:10FD1800696F6E222048656C700048617264776173
:10FD2800726520262076657273696F6E00696E664B
:10FD38006F726D6174696F6E2E0022477569646514
:10FD480073222048656C700048656C7066756C207D
:10FD580067756964657320666F72006465766963A8
:10FD680065206F7065726174696F6E2E002252652E
:10FD7800626F6F74222048656C70005265737461FD
:10FD8800727473207468652044574D2E004D6F734C
:10FD9800742075736566756C207768656E0072658A
:10FDA8006D6F74656C7920636F6E74726F6C6C69BB
:10FDB8006E6700746865206465766963652E004D1A
:10FDC8004F5245004D656173757265205357522037
:10FDD8006F7220524C3A005475726E20656C656DD6
:10FDE800656E74206172726F7720746F0067657436
:10FDF80020666F727761726420706F7765722E006B
:10FE08005072657373202620686F6C64005550200B
:10FE18002620444F574E20627574746F6E730075B8
:10FE28006E74696C206D6F6465206368616E6765C8
:10FE3800732E005475726E20656C656D656E742046
:10FE48006172726F770061726F756E6420746F20D3
:10FE5800676574005357522F524C2072656164696C
:10FE68006E672E00746F2072657475726E2E004670
:10FE780061737420456C656D656E74204368616EAE
:10FE880067653A00454E54455220627574746F6E2A
:10FE98002E205468656E2C0070726573732055505F
:10FEA800206F7220444F574E00746F20697465723A
:10FEB800617465207468726F7567680073746F7217
:10FEC800656420656C656D656E74732E004C696E93
:10FED800652D73656374696F6E73202600656C65A4
:10FEE8006D656E74732063616E2068617665207439
:10FEF800776F006F75747075742063757272656EB4
:10FF0800742074797065733A00333075413A204231
:10FF180069726420372F382200616C6C20436F614E
:10FF28007869616C2044796E616D6963732E003164
:10FF3800303075413A20416C6C206E6F6E2D372F32
:10FF480038220042697264206C696E652D7365639E
:10FF580074696F6E73202600656C656D656E7473C9
:10FF68002E20546F207377697463682C00676F20A4
:10FF7800746F204D61696E204D656E752C00436F5E
:10FF88006E6669677572652C204C696E65205479B8
:10FF980070652E0044652D456D62656420456C656D
:10FFA8006D656E743A005365742075702061207415
:10FFB80072757374656400706F776572206D656122
:10FFC800737572656D656E74006465766963652026
:10FFD800746F206265207573656420617300612009
:10FFE8007265666572656E63652E00476F20746F73
:08FFF8003A204D61696E204DB5
:020000040804EE
:10000000656E752C00456C656D656E742C204465BD
:100010002D456D6265642C006D5620526561642E1D
:1000200000557365207468697320746F206D656175
:100030007375726500656C656D656E74206F75749F
:1000400070757400766F6C7461676520666F7220DE
:1000500064652D656D6265642E0054616B65207664
:100060006F6C74616765202620706F77657200720F
:10007000656164696E6773207769746820626F7464
:100080006800646576696365732E0044574D3A20B5
:10009000766F6C7461676500547275737465642063
:1000A0006465766963653A20706F77657200617484
:1000B00020646966666572656E74206C6576656C31
:1000C000732E0046696C6C206461746120696E74E3
:1000D0006F0022456C656D656E742044652D456D1D
:1000E00062656464696E670043616C63756C61741A
:1000F0006F72005370726561647368656574222065
:10010000746F20676574007468652064652D656D83
:1001100062656464696E6700476F20746F204D618B
:10012000696E204D656E752C00456C656D656E744D
:100130002C203C656C656D656E7420233E2C00445C
:10014000652D456D6265642C20456469742E2045DB
:100150006E746572003173742C20326E642C2061D1
:100160006E6420337264006F7264657220636F6521
:100170006666696369656E74732E00446F6E2774DA
:1001800020666F7267657420746F207361766521D5
:1001900000496E2D646570746820677569646573C5
:1001A0002C006D616E75616C73202620656C656D29
:1001B000656E7400737072656164736865657473ED
:1001C0002063616E20626500666F756E64206174E5
:1001D0003A00737465616D696E67636F61782E6351
:1001E0006F6D00557064617465204669726D77614A
:1001F00072653A00446F776E6C6F6164206E65774C
:10020000206669726D77617265002E686578206F6F
:1002100072202E62696E2066696C652061743A00F6
:10022000737465616D696E67636F61782E636F6D5E
:100230002E00446F776E6C6F61643A0053544D33F7
:10024000324375626550726F6772616D6D657200E1
:10025000446F776E6C6F61642026204F70656E3A34
:100260000028796F75206D6179206E656564207452
:100270006F0063726561746520616E206163636FF6
:10028000756E742900436F6E6E656374205553421A
:10029000206361626C652E00476F20746F3A204DB9
:1002A00061696E204D656E75202D3E004D6F726543
:1002B000202D3E20557064617465202D3E00436FF3
:1002C0006E6669726D206A756D7020746F20444689
:1002D000552E00476F20746F207468652070726F10
:1002E0006772616D6D696E670074616220616E6432
:1002F0002073656C65637420746865006669726D4F
:10030000776172652066696C6520706174682E0083
:100310005069636B2055534220696E2074616220DE
:100320006E65787400746F2022436F6E6E6563741F
:10033000222E20436C69636B007265667265736878
:100340002C20636F6E6E6563742C002620737461BD
:1003500072742070726F6772616D6D696E672E00C6
:10036000475549444553002250726573657276655E
:10037000222048656C700053657473207768696348
:1003800068206C6F677320617265007072657365B9
:1003900072766564206966206D6F726500746861AD
:1003A0006E20313030206172652063726561746542
:1003B000642E0022436C65617220416C6C222048DF
:1003C000656C700045726173657320616C6C206CA4
:1003D0006F67730066726F6D206D656D6F72792E39
:1003E00000546F206572617365206F6E652D6279B0
:1003F0002D6F6E653A00476F20746F204C6F6773E6
:100400002C20707265737300454E544552206F6EF8
:10041000206C6F672E004C4F4747494E4700456E92
:1004200074657220444655204D6F64653F00434F0C
:100430004E5452415354005265626F6F743F0041F5
:100440005645524147494E47004252494748544E4B
:1004500045535300456C656D656E742048656C703E
:100460000053656C65637420656C656D656E742002
:100470006D656D6F727900736C6F7420746F20629C
:100480006520757365642C006D6F646966696564C9
:100490002C206F720064652D656D6265646465640F
:1004A0002E004D65737572656D656E742048656CC0
:1004B00070004368616E67652074686520666F72BE
:1004C0006D73006F66206461746120646973706C81
:1004D0006179656400616E6420686F772073746170
:1004E0007473206172650063616C63756C6174651F
:1004F000642E00446973706C61792048656C7000EB
:100500004368616E67652074686520646973706C08
:1005100061790073657474696E677320616E64201D
:10052000686F7700646174612069732073686F7706
:100530006E2E00537570706C792048656C700043A6
:1005400068616E67652074686520706F77657200FA
:10055000736F75726365206265696E672075736578
:10056000642E0043686F696365206F6E6C7920614B
:10057000666665637473007768617420757365726D
:1005800020736565732C006E6F74206D65746572E1
:100590002066756E6374696F6E2100496E746572B2
:1005A0006C6F636B2048656C7000557365642066E2
:1005B0006F722074726967676572696E6700726531
:1005C0006C6179206261736564206F6E207573655C
:1005D0007200646566696E656420706F776572206D
:1005E0006C6576656C732E004E4F5420464F52203A
:1005F0005341464554592100436F6E666967204850
:10060000656C700047656E6572616C206D65746520
:1006100072006265686176696F72207365747469CF
:100620006E677320616E640068656C7066756C201F
:10063000746F6F6C732E00536176652048656C7023
:100640000053617665732074686520637572726506
:100650006E7400636F6E66696775726174696F6E40
:1006600020746F006D656D6F72792028454550527A
:100670004F4D204943292E004D6F72652048656C0F
:10068000700053797374656D206C6F677320616EB1
:100690006400696E666F726D6174696F6E2C0068BC
:1006A000656C7066756C206775696465732C006194
:1006B0006E6420757064617465206669726D77611F
:1006C00072652E004D41582052414E4745005374EB
:1006D00061747320526573657400496E7465726C41
:1006E0006F636B20526573657400496E7465726C3C
:1006F0006F636B2054726967676572656400000000
:1007000000000042000080400000804100000040E6
:1007100010000900050003000100486967682056C1
:100720006F6C7420496E70757400436865636B204C
:100730004D6574657220496D700044574D204F53CC
:10074000204C61756E63686564001B5B34323B331B
:10075000306D001B5B34373B33306D002020202090
:100760002020202020202020202020202020202089
:100770002020202020202020202020202020202079
:100780002020202020202020202020202020202069
:100790002020202020202020202020202020202059
:1007A0002020202020202020202020202020202049
:1007B0002020202020202020202020202020202039
:1007C000202020200057617474733A20001B5B00C6
:1007D0003B0073686F77206C6F677300736C0073F6
:1007E000686F77206C6F67732100736C210054650C
:1007F000726D696E616C204D61696E204D656E751C
:1008000000506F7765722052656164696E67204D94
:10081000656E75000A0D496E76616C6964207365BA
:100820006C656374696F6E0A0D0043757272656E54
:100830007420456C656D656E7420005D3A20004142
:1008400044432056616C75653A20004578616374B5
:1008500020417665726167653A20001B5B324A1B56
:100860005B4800507265737320616E79206B657907
:1008700020746F2072657475726E20746F207468B6
:1008800065206D61696E206D656E750A0D0A0D003B
:100890001B5B313874005465726D696E616C206346
:1008A0006F6E6E656374696F6E3A20006573746174
:1008B000626C6973686564001B5B41001B5B4200EE
:1008C0001B5B44001B5B43005465726D696E616C79
:1008D0003A2044697265637420436F6D6D616E6484
:1008E000205574696C6974790A0D0A0D001B00E2C9
:1008F0009686001B5B306D000D0A55736520746889
:1009000065206172726F77206B65797320746F2038
:100910006E617669676174652E0D0A0D0A00557364
:10092000652022772220616E642022732220746F5A
:10093000206379636C65207468726F7567682065E1
:100940006C656D656E74732E0D0A0D0A005072652C
:1009500073732022722220746F206379636C652088
:100960006265747765656E204E6F726D616C2050A4
:100970006F776572204D6F646520616E64205265EB
:10098000666C656374696F6E204D6F64652E0D0A29
:100990000D0A0050726573732022692220746F2043
:1009A0006964656E746966792074686520656C6534
:1009B0006D656E7420616E64206974732064652DAA
:1009C000656D62656464696E672E0D0A0D0A0050DC
:1009D000726573732074686520737061636520624B
:1009E000617220746F207265736574207374617412
:1009F0006973746963732028697420616C736F2054
:100A0000776F726B7320617320454E544552292EC7
:100A10000D0A0D0A005072657373207468652065B5
:100A20007363617065206B6579206120636F7570F9
:100A30006C652074696D657320746F2072657475C0
:100A4000726E20746F20746865206D61696E206D10
:100A5000656E752E0D0A001B5B33376D001B5B3F07
:100A600032356C003E3E20000A0D496E76616C699D
:100A70006420496E7075740A0D005072657373209E
:100A8000456E74657220746F207265667265736856
:100A90000A0D00507265737320616E79206F74685F
:100AA0006572206B657920746F2072657475726E43
:100AB00020746F20746865206D61696E206D656EAD
:100AC000750A0D0A0D0055534220436F6E6E656323
:100AD0007465640055534220446973636F6E6E659C
:100AE0006374656400082008006164647265737350
:100AF000203C3D2068616E646C652D3E6D61785FC1
:100B000061646472657373007372632F65657072DC
:100B10006F6D2E6370700061646472657373202B57
:100B200020636F756E74203C3D2068616E646C6557
:100B30002D3E6D61785F6164647265737300626FEE
:100B40006F6C20656570726F6D5F726561645F6266
:100B50007974657328656570726F6D5F68616E6426
:100B60006C655F742A2C2075696E7431365F742C45
:100B70002075696E74385F742A2C2073697A655FFA
:100B8000742900626F6F6C20656570726F6D5F779E
:100B9000726974655F627974657328656570726FD8
:100BA0006D5F68616E646C655F742A2C2075696E78
:100BB0007431365F742C2075696E74385F742A2C1A
:100BC0002073697A655F742900BF0003030405047C
:100BD00006050A1400FC0DFC0D0001EC03BF0B918F
:100BE00020060010D6002108D218D4783011220B2C
:100BF0004634D5103149421100231AB932D4930832
:100C0000254289E8109208254289E8109208254279
:100C1000890C002417D812D4135A542832894C2234
:100C2000344A64129984A26294012514C912D41919
:100C30004974A14DC472B15C2C9951F43401261948
:100C4000D912D49A4A8412A14448164F254291845D
:100C50003691892624920027085218D53848002852
:100C60000DD516D413A989643ACA840A290ED5145D
:100C7000D410AA09653AC9446A002A0E7872D411C0
:100C800069231D42349116002B0C7872D413AB1DCE
:100C9000626235002C0834F6D39958002D0718D21B
:100CA000D438042E073318D438082F10C714D4555D
:100CB000940AA542A9502A944A013011D812D4931B
:100CC000D2445A843C4A44DAA83200310DD812D4B6
:100CD000930E6912B1FE76083212D812D4A289247A
:100CE00042A2585538942A8B0F013314D812D4A23B
:100CF000892442A2582A9CCB89448948460234144C
:100D0000D812D40E4B87348948452691490E51B1EB
:100D100016003512D812D4388C75198DE462315111
:100D2000229291003615D812D4A28924C28858651F
:100D3000349208394A443212003712D812D4388417
:100D400055C552B1542C154BC552003815D812D484
:100D5000A2892442468948461349848C12918C0406
:100D60003914D812D4A28924428E12D18A58252847
:100D700011C948003A088318D4B0430D3B0A94F6D1
:100D8000D359479B58003C0BD712D48E0AF5ACE7D9
:100D9000003D0A6872D438C4713C043E0BD714D4A9
:100DA00008EBA35EC3003F10D812D4A289244246A8
:100DB000A96675B858064016D812D4A28924429262
:100DC000E522A14828121691BA4C5401410FD812BD
:100DD000D493D2445A848C87228F024216D812D4DC
:100DE000A889D42432894C221299641221378909A6
:100DF000004310D812D4A2892442B27E948864247D
:100E000000440DD812D430C92442FE9BC404450DC1
:100E1000D812D4388C753689753E04460CD812D455
:100E2000388C753689F50C4711D812D4A289244222
:100E3000B226234789684409480CD812D410F2F12D
:100E400050E4A300490CD812D438C4C4FA6F870008
:100E50004A0FD912D4B3CAF5934C2453910E014BC7
:100E600014D812D410B249641291A69A4837894C0A
:100E700022240A4C0AD812D410EB7F3E044D14D819
:100E800012D410124BA6834542915024140991A309
:100E9000004E12D812D410D66A261345429190DC27
:100EA0001A89024F0FD812D4A2892442FE512292ED
:100EB0009100500FD812D430C92442DE2426B1CE7E
:100EC000005111E8F2D3A2892442FE22215144B2FA
:100ED000BA005212D812D430C92442DE24266D1230
:100EE000994448145313D812D4A2892442B25C4EB8
:100EF00057264A44321200540BD812D438C4C4FACC
:100F0000DF00550DD812D410F23F4A443212005679
:100F10000FD812D410729488F4466415AB0157129E
:100F2000D812D410F245429150241449C954240ACD
:100F30005813D812D4101225226D44AA944813696C
:100F4000111205590FD812D4101225226D44AA5837
:100F5000DF005A10D812D438845595A5CA5265F1CD
:100F600021005B0AD614D43804F51F0D5C10C71499
:100F7000D4908AA562A9582A968AA5025D0AD61439
:100F8000D430EA3F1E025E0B4832D593D24412A100
:100F9000005F0719F2D3380860073456D5902961ED
:100FA0000E8812D42AC9C49283905152096211D872
:100FB00012D410EB65349208399624921100630D17
:100FC0008812D42AC9C8DA65A20A00640ED812D4DD
:100FD000D6D344A9C851225A11650F8812D4A289C8
:100FE00024C243592E135500660DD812D4A3897418
:100FF000161AC5FA086714C892D3A9CC6A12994484
:10100000262AC92D4246890500680DD812D410EB56
:1010100065349208F928690CB812D413CBA1647D09
:101020003B046A0EF794D3558751F595C626A9005F
:101030006B12D812D410EB4D225291116B223589CC
:1010400050006C0AD812D421EB7F3B046D13881238
:10105000D488A81C26128A8422A14828128A026EEB
:101060000C8812D4908C4612211F056F0E8812D462
:10107000A28924428E12918C047011C892D3908C54
:10108000461221C7924432126B06710EC892D39A4F
:101090002815394A442B621D720C8812D490904650
:1010A00012B15E01730D8812D4B108E97631516234
:1010B00001740DB812D4122B1AC57A925100750B17
:1010C0008812D410F251225A11760E8812D41012BE
:1010D00025226D44AA580677108812D410729150B8
:1010E0002414C96122920078108812D4104A443224
:1010F000AA584A134984027911C892D310F2512296
:101100005A111325221909007A098714D4B80AF54F
:101110007A7B0CD812D4A48975A38B75277C07D24F
:1011200018D4F8507D0DD812D4A08B75A7897523DB
:10113000027E0B3852D5195124A40900A0060010D4
:10114000D600A109D218D4201D0E06A212C712D4AF
:10115000930A4922E25431221211A52200A314C994
:1011600012D4238A6422995C6A95AB1623114969CB
:1011700002A4139930D4884F2692934C2413C94467
:1011800017C97A00A510B812D4080F252219CD2846
:10119000348AB501A609D218D4388C0F03A718D801
:1011A00012D4A28924329198269289642219592452
:1011B0009388642400A8082674D5109104A919B84E
:1011C00012D4A28924C20945128A4882925044420C
:1011D000194A44321200AA119892D42A05C5928362
:1011E0009028A9C4218700AB19B910D40D05253268
:1011F000894C2293C82452895422954825D2500004
:10120000AC084892D478102BAD0616D4D430AE1961
:10121000B812D4A28924C20945128A4828922449C6
:1012200044329488642400AF0718B2D53804B00C57
:1012300066F4D492514424094D04B10D7852D4136C
:10124000CB0E31B11C7808B20A75D4D499A889B4F0
:1012500015B30D75D4D499A8898414C90400B408B1
:101260003456D5922801B50DA7B2D390F156394422
:10127000A6AA00B618D812D4391C2C2F128A4C22D8
:1012800093C82432894C2293C82402B70733B8D4B8
:101290003808B80A4594D31252241300B90974D4FB
:1012A000D4918C7421BA0E9792D49A49D4D8246AD6
:1012B00073D001BB1AB912D408452552895422951E
:1012C000482532894C2293C824C2501400BC15C84A
:1012D00032D409CBA3916064144E8A85442949F421
:1012E0001400BD15C832D409CBA3916064144E918B
:1012F000454291A8341C26BE16C832D49843A2C2D7
:101300005828320A27C542A294A4723C02BF10D8C2
:1013100012D413CBE162558D8C12918C04C011F85C
:1013200012D491ABC3A5349144C878287214C1116A
:10133000F812D4D50E97D2441221E3A1C85100C2AD
:1013400013F812D493D24472A894269208190F4528
:101350008E02C314F812D412854C2139584A13490D
:10136000848C87224701C412F812D41169874A6914
:10137000222D42C64391A300C5130813D4A289B4F9
:10138000D1C1529A4822643C14390AC611D812D4E9
:101390002BD124328948A7C348FF8900C71418936A
:1013A000D3A2892442B27E94886454B94C229C0111
:1013B000C810F812D491AB030F63CD26B1E64300F9
:1013C000C910F812D494AA430F63CD26B1E64300A6
:1013D000CA11F812D493D24472D061ACD924D67C0D
:1013E00008CB10F812D41169473B8C359BC49A0F77
:1013F00001CC0CF614D491AA9B84FA9301CD0CF67F
:1014000014D4D30E3209F52703CE0DF614D492511D
:10141000446293507F32CF0DF614D41091C426A1AC
:10142000FEC900D01AD910D4B12909254289502209
:101430003C498412A14428114A64221300D116F8B1
:1014400012D412854C21394C58339928128A84E4DD
:1014500056240AD212F812D492AB43692289901F03
:101460002522190900D312F812D494AAC36922893B
:10147000901F2522190900D413F812D493D2447274
:10148000204D2411F2A344242301D514F812D412C0
:10149000854C213994269208F95122929100D61256
:1014A000F812D4116907D24412217F948864240071
:1014B000D70E8712D488CE246AC399446D1AD81ADD
:1014C000F8F2D30F9554644D11528414A18428214D
:1014D0004AA82611894A7100D90FF812D492ABC3D9
:1014E00084FCA344242301DA0FF812D494AA438580
:1014F000FCA344242301DB11F812D493D24472904C
:10150000907F9488642400DC0FF812D411690709D5
:10151000F98F12918C04DD12F812D494AA438544F9
:1015200089481B912AD60D00DE0FD714D490AA5AF1
:1015300064BC1D22525500DF1BD812D41B4A443212
:10154000894C22924C641299484D2293C82422154A
:101550001100E011C812D492AB032D42B1E4206413
:10156000945402E111C812D494AA832D42B1E4200C
:1015700064945402E213C812D493D244729845285A
:10158000961C848C924A00E314C812D412854C2114
:1015900039D022144B0E4246492500E411B812D42A
:1015A000116987598462C941C828A904E513D81272
:1015B000D4A289B4D18116A1587210324A2A01E608
:1015C000148812D499484212994446A2496412518F
:1015D000443201E711C892D32AC9C8DA65A2A25CD5
:1015E0002611CE00E812C812D491AB83692289F08B
:1015F0005096CB441500E911C812D4D50EA6892403
:10160000C243592E135500EA13C812D493D2447220
:10161000204D24111ECA7299A802EB12B812D411DF
:101620006907D24412E1A12C97892A00EC0CC81258
:10163000D491AB43C9FA7608ED0CC812D494AA83AE
:10164000C9FA7608EE0EC812D493D244721859DF44
:101650000E01EF0CB812D411698791F5ED10F01658
:10166000D812D488C524C2E950228B094BA222A3E8
:1016700044242301F111C812D412854C21394C3273
:101680001A49847C14F211C812D491AB836922895F
:1016900090A344242301F310C812D4D50EA68924A4
:1016A000428E12918C04F413C812D493D244722047
:1016B0004D2411729488642400F514C812D4128544
:1016C0004C213994269208394A44321200F611B856
:1016D00012D4116907D24412214789484602F70EF5
:1016E000A832D413CB510F0739AA5806F814A8F220
:1016F000D30F95544411528412A284242251290EEE
:10170000F90EC812D492ABC3847C94885604FA0DA7
:10171000C812D4D50E14F251225A11FB10C812D49B
:1017200093D2447290908F12D18A00FC0EB812D4DA
:1017300011690709F92811AD08FD130893D394AA7C
:1017400043857C948856C44489484602FE10179508
:10175000D390EAB5A422E3242949B502FF13F892F5
:10176000D311690709F92811AD888912918C0400F9
:10177000000004FFFF00005F0203020304010204F3
:10178000060A00FE07FE0700017602F9046320073F
:10179000D6F8F92300210AD6F891B43B98530022D9
:1017A0000BD6F8932CC9929C37002310D6F8932CB3
:1017B000890629890629C9929C00240DD6F89170C2
:1017C0004AC23189C69C02250DD6F8A3A429092B4B
:1017D00051D29413260ED6F8C3244BC24A53A6E422
:1017E00030002709D6F891B4CE23002809D6F8A1F5
:1017F000B05AAE132909D6F8E36AB14E022A0ED6C2
:10180000F8D12C4AA2414AA22CA7022B0AD6F8F101
:10181000341BB434672C09D6F87913EB18002D0962
:10182000D6F8D9069D1B002E09D6F8790BC71C02E5
:101830002F0AD6F8B134EC9AD3003010D6F8913094
:1018400089B2244BB22809730A00310CD6F89150A2
:101850004BD2B6418701320CD6F8A72CCDB4301D3F
:101860007418330CD6B807350CE5248B7602340D8A
:10187000D6F8A1504BA2D220A63901350DD6B80713
:10188000254D24294DB26827360DD6F8112D4C135D
:10189000494AB26827370BD6B807354CC36A4E029F
:1018A000380DD6F8A72CC9A2294BB26827390DD616
:1018B000F8A72C892C6998E914003A0CD6F8F17035
:1018C000CCC170CC21003B0BD6F8F170CC41B18E6D
:1018D000013C09D6F8B1B0B91D063D0AD6F8898396
:1018E0003EE88C003E09D6F8E3C67612003F0BD6E0
:1018F000F8A72CACE6604E01400CD6F8A72C8994D2
:101900002E52BC134110D6F8913089B2244B0625D3
:101910004BB21C06420CD6B8872C6ADAA296212755
:10192000430BD6F8A72C49DBA29D00440BD6B88701
:101930002CEA5F869C00450DD6B807254D87284DBB
:10194000071D06460CD6B807254D8728ADD300479E
:101950000CD6F8A72C494B4A16ED044810D6B8B35C
:10196000244BB26450B2244BB21C064908D6F8C7C7
:10197000B4E34E4A0BD6F891316DAAE914004B0E30
:10198000D6B8B324AA64629245B51C064C09D6B8F1
:10199000D35E071D064D0ED6B8B3244B2CDD922C1A
:1019A000C972184E0FD6B8B3244BA4A493922559EC
:1019B0000E034F0ED6F8A72CC9922CC9922CDA0927
:1019C000500DD6B887284BB26488D23A0D510ED646
:1019D000F8A72CC9922CC992A639075210D6B887FD
:1019E000284BB26488922CAAE53000530CD6F8A795
:1019F0002C89E7248B76025409D6B8072DED9D0279
:101A0000550FD6B8B3244BB2244BB2248B76025672
:101A100010D6B8B3244BB228C9922C09730A0057C8
:101A20000ED6B8B3244BB2A42F962C8701580FD6EC
:101A3000B8B3248B92B012654996C300590CD6B83E
:101A4000B3248B92306DA7005A0BD6B80735EC3A09
:101A5000E830005B08D6F8B7B4EB4E5C09D6B8D3D3
:101A6000B86B0E035D08D6F8D7DE76025E0BD6F8AB
:101A7000913089B29C27005F08D6F8F93CE80060F5
:101A800008D6B8E29C5F00610DD6F8A973342459DA
:101A900034E43000620DD6B8D38A24255922258932
:101AA0004E630BD6F8A95396A459B413640ED6F816
:101AB000B134524A4A9644961C06650BD6F8A9538F
:101AC000960C4ABC13660CD6F8112D2A0E595A27CB
:101AD00001670FD6F8A94392255934A449164D0041
:101AE000680ED6B8D38A2425599225590E03690A5F
:101AF000D6F8911C531B77026A0BD6F8B11C539B86
:101B0000BA49006B0DD6B8D35A12455B54CB61006D
:101B10006C08D6F8D51E77026D0BD6F8894A94F476
:101B20006F390C6E0ED6F889892425599225590EE5
:101B3000036F0CD6F8A95396644916ED04700FD6BE
:101B4000F8898924255922258994A600710DD6F893
:101B5000A94A49C992C8925600720BD6F8898924BD
:101B600025699D06730AD6F8A9533C27434E740B8A
:101B7000D6F8D370C8D252A613750DD6F8895992EB
:101B8000255912597218760DD6F8895992454996F9
:101B9000843905770CD6F8895992257D4A720278E6
:101BA0000DD6F8895994849528CB6100790ED6F822
:101BB0008959922591254DB268027A0BD6F889830E
:101BC000D838E830007B0CD6F8212DCEE430D66131
:101BD000007C09D6F891B4EF14007D0BD6F8E530FF
:101BE000D6E24CA7007E0AD6F8A3A453CE1B000071
:101BF000000004FFFF00005F02030204040102056D
:101C0000080D00FE09FE090001D703DC058F20083E
:101C1000D8C1E7FF3300210BD8C1A7E67DA7E46454
:101C200000220CD8C1274661144639FF062312D87A
:101C3000C1678DC2281BB6281BB6288C725600249B
:101C400012D8C1A7C64396A4493C2769920D714E8C
:101C5000062512D8C12766511265519CC7A53029A7
:101C60006539112611D8C1E7AC466194AA511265B5
:101C7000E192D3002709D8C1A7E675FE15280FD831
:101C8000C1A7C7799CD7913C47722200290ED8C1C1
:101C900027E6489E2379398F73062A0ED8C1274636
:101CA000A9388C6A94F30B002B0BD8C1E75E1DD4C6
:101CB0003CE7052C09D8C1E73FAE6A4E2D0AD8C1D2
:101CC000E7FBA0F30B002E0AD8C1E7BFC6738E0254
:101CD0002F0BD8C167C9E3BEE74C003013D8C1A7AA
:101CE000AA51164661144661146651AA5301310D7A
:101CF000D8C1A7C66A92F73AE844003211D8C12782
:101D00000E591885799CAA713EEC34003310D8C165
:101D1000A70D7B5CDE913C0AB32127023410D8C1A9
:101D2000A7C76A124659B761CE7322003510D8C1D1
:101D3000A70D535ED9B4BC1466434E043611D8C106
:101D4000A78E715ED9B4288CC26CC88900370DD8B3
:101D5000C1A70D7B5C8FF338CF193814D8C1270E7B
:101D600059188551980D59188551980D3911391107
:101D7000D8C1270E59188551A62D7939DCA9003A0A
:101D80000DD8C1E71ECF39533CE728003B0CD8C122
:101D9000E71ECF39CBAAE6043C0FD8C16789BB2325
:101DA0003992233992D3003D0BD8C1E779D889C342
:101DB000CE153E0FD8C1A7E5488EE4488EC4DD5944
:101DC000003F0FD8C1270E591885795CCF293915E6
:101DD0004015D8C1270E5918855134255125912A0F
:101DE000518E0C39114114D8C1A7AA51164661145D
:101DF00046C314466114E634004213D8C1A70D61EE
:101E0000568CB26C08B3629465434E05430ED8C13C
:101E1000270E5918E53D66434E044414D8C1A70D5A
:101E200061568CC2288CC2288CB26CC8A900450FA0
:101E3000D8C1A70D535E1FC2BC3EEC3400460DD87E
:101E4000C1A70D535E1FC2BC9D054711D8C1270E07
:101E50005918E54D531865DA92D3004814D8C1A734
:101E60008551188551180D531885511885390D491C
:101E70000CD8C1A70D6ADED74127024A0CD8C1A7EA
:101E80000E6ADE5B71A7024B12D8C1A78551560AB4
:101E900093544ED228CC8A390D4C0BD8C1A7E5FDFE
:101EA0003EEC34004D14D8C127A5499A684A4F9595
:101EB000A892266992E634004E15D8C1A78551181C
:101EC000695112B5449914466114E634004F14D890
:101ED000C1270E59188551188551188551980D390B
:101EE000115010D8C1A70D5A188551180D5ADECEC1
:101EF000025116D8C1270E59188551188551182539
:101F0000514B36E4480E015214D8C1A70D5A18851A
:101F100051180D5A92466156CC69005313D8C12707
:101F20000E5918E53932E4481E85D9901301540B37
:101F3000D8C1270D4398F73B195514D8C1A785512F
:101F4000188551188551188551980D39115611D899
:101F5000C127A5491A653D26699226714E06571478
:101F6000D8C127A5499AA4499A4495A812553A651B
:101F700039115813D8C127A5491A65611257C22CC7
:101F80004A9334A701590FD8C127A5491A65611290
:101F9000E7DDC9005A0DD8C1A70D7BDC7B3EEC34D0
:101FA000005B0CD8C1270E61DEF72127025C12D836
:101FB000C127E5399223399223399223794E035D63
:101FC0000BD8C1A70D793F0E39155E0CD8C1A7C635
:101FD0004998E5FC1B005F0AD8C1E7FF380C3904BB
:101FE000600AD8C1077324E77F066110D8C1E77D76
:101FF000C8916C90C228D3969C066211D8C1A7E5FF
:102000002D9B168551186951B21301630ED8C1E793
:102010007DC8C2282F66434E046412D8C167C96BBD
:102020004B944961144699B6E434006510D8C1E771
:102030007DC8C26898F2301B722200660DD8C1A715
:102040008E593D1EC4BC9D016710D8C1E77D89B281
:10205000C63147862CCC86086811D8C1A7E52D9BD0
:1020600016855118855198D300690CD8C167CE7177
:10207000BDEBA013016A0CD8C1E792E37AB78E1BBF
:10208000006B0FD8C1A7E56DA5708DC2AC98D300C9
:102090006C0BD8C127EAFD3AE844006D10D8C1E7BF
:1020A00075915AA24A54892A694E036E10D8C1E725
:1020B00039D9B4288CC2288CC29C066F10D8C1E7CD
:1020C0007DC8C2288CC228CC869C087010D8C1E775
:1020D00039D9B4288CB428D9F23200710FD8C1E7AD
:1020E0007D8932298C326DC95B00720BD8C1E7390A
:1020F00019B37A3B037310D8C1E77DC8C24C47B40B
:10210000301B722200740DD8C167CDE341CCDBC215
:102110009D08750BD8C1E739EB1F979C06760DD843
:10212000C1E739EB3149933827037710D8C1E7B5B8
:1021300092265125AA74CA722200780FD8C1E739B5
:10214000CCA25456A32CCC69007912D8C1E7398CA3
:10215000C2288C326DC9A3301B22007A0BD8C1E78C
:1021600079983B0F3B0D7B10D8C1278F798EA43A0D
:1021700012E739B2D3007C09D8C1A7E6FD9D0C7DDA
:1021800010D8C1A7ED481EE7889A2379B893017E3D
:102190000CD8C1274659528B72FE1100000004FF73
:1021A000FF0000BF0003020304030505080D00FE45
:1021B00009FE0900017202EC092B2005006E0C21BA
:1021C00007C9438C431222071C5B8CC814230EBE24
:1021D000469CA86558A26458A21600240FCD42ACB4
:1021E0006C50A224DB922819B4082510CE429C4CD6
:1021F0008992284CC35225D11200260DBE421C2DB7
:102200006AD3A2448B96002706995B8C01280BCBDE
:1022100043AC244AA25A9405290C4B438C2CCAA2E5
:102220004A9444002A0CAE529C289386498B120093
:102230002B0AAD4AAC301AA430022C089C3E9C45B7
:10224000C9002D068D528C412E081B3F9C6449000D
:102250002F094F42EC6A9F6300300DCE422C2D4A6D
:10226000428F49944900310BCD42AC4C4AC29E0684
:1022700001320ECE429C2109C534CCB4301D063348
:102280000DCE428C6B589C53311912003410CE4243
:10229000CC504BA24A9664C930A60900350ECE42F6
:1022A0008C435A59B43415932101360ECE42AC29D1
:1022B0004C2B8B268AC99000370CCE428C6B580D64
:1022C000D3300D01380FCE429C21098DC99084C6B0
:1022D000644800390DCE429C21096DCA9216A309AB
:1022E0003A0B433F9C64C9916449003B0BC43EAC2C
:1022F00068CAB145C9003C084D43CCAC6B073D08EA
:10230000A64A8C3B3A0C3E09CD428CB45B47003F59
:102310000DCE429C2109C534ACE660044010CE428B
:102320009C21094D431229C994C84302410DCE4254
:102330002C2D4A42E33088C6004212CE428C21CA7C
:1023400092504B86284B422D192200430CCE429CC2
:102350002109D51E932101440DCE428C21CA92D071
:10236000B7648800450CCE428C435A1DA2B43A0C87
:10237000460BCE428C435A1DA2B415470DCE429C4B
:102380002109D5A621D49425480BCE428CD07118B2
:1023900044C700490ACD428C410AFB34084A0BCF9E
:1023A00042AC418C7BCAB20D4B10CE428C504BA23A
:1023B0004A262659544BC2004C09CE428CB45F8742
:1023C000014D0E4F428C54DD968A1449916A0D4E90
:1023D0000DCE428C50DC94484AB4D1184F0CCE42FA
:1023E0009C2109FD980C0900500CCE428C41098DAE
:1023F000C392B602510ED63E9C21097D89A42419B0
:10240000E200520ECE428C41098DC3528B6A4918AC
:10241000530FCE429C2109D57888533119120054AC
:102420000A4F428C4316F71B00550ACE428CD01F30
:1024300093210156114F428C544DB2288BB24A98C9
:1024400084499A01570E4F428CD453244552A474A8
:102450004B00580E4F428C544DB24A5AC92AA91A01
:10246000590C4F428C544DB24A1A77035A0ACE4245
:102470008C6BD86B3A0C5B094C438C41EBDB105CEA
:10248000094F428C38EF73005D09CC428C21EBDBA5
:10249000205E089D5AAC2CA9055F070F3E8C4300B7
:1024A000600692638C28610CB6429C214E86515383
:1024B0009600620DCE428CB465D144715316006310
:1024C0000CB6429C2109D562322400640BCE42DC5A
:1024D00096451B6DCA12650DB6429C210987410DB8
:1024E000932101660DCE42AC294BD27090D24600AA
:1024F000670FC63A9C454BB2688A87244C860468AD
:102500000BCE428CB465D144C700690AC542AC1CED
:10251000113B0D026A0CD53ACC1C111B352D59000C
:102520006B0ECE428CB42D89A22DAA2561006C09B8
:10253000CD421CB19F06016D0E37428C4589222980
:1025400092222952036E0AB6428C64D144C7006FAE
:102550000BB6429C21091D932101700DC63A8C6473
:10256000D1C44D59D22A00710BC63A9C451B356522
:10257000491B720AB6428C64CA92B411730DB642FA
:102580009C2109135909932101740CC6429C341CE7
:10259000A4B42D5A00750EB6428C2CC9922CC99247
:1025A0002C5A02760BB5428CCC9694922C02770C66
:1025B00037428CD4144991D22D01780CB6428C301C
:1025C0008932518B9230790DC63A8CD04D595231A7
:1025D0001912007A08B6428C63C7617B0C4D43AC7C
:1025E000254C23350BD3017C06C9438C077D0CCDCC
:1025F000428C35CC52290D93097E099D5A9C48493D
:10260000A404A005006E0CA108C9438C641802A2A2
:102610000EC546AC6CA928511225952D02A30D4F6D
:1026200042BCAD94AE71555B1600A40CB6468C301E
:1026300019A24E431206A5104F428C544DB24A3691
:1026400088E120C61900A608C9438C211902A70EEB
:1026500054431C251295484A44295100A807146385
:102660008C480AA9114F46ACAD12454A45C9948A17
:1026700054C9B209AA0CBD4A9C3519B46448070173
:10268000AB0C3F46BCA81FA3300AA300AC07A6466C
:102690008C6B03AD060C538C21AE104F46ACAD12C3
:1026A000454A45A998946ED904AF068E628C03B052
:1026B0000924571C25921205B10BBD46AC301AA453
:1026C000301F04B20BB4521C25CA12251B02B30AD8
:1026D000B4521C252A4A8902B40692631C05B50A25
:1026E000BE3E8CD0715AAC00B613CE429C61509263
:1026F000255922254BB2244BB22401B7068A530C2C
:1027000001B806923B9C01B908B3529C446A19BABD
:102710000AB44E1C2592127508BB0C3F468C288CBF
:10272000C2288CFA0DBC0F57429C546E1C2231C932
:10273000A24C4905BD0E57429C546E5286280EC5C8
:102740007808BE1157421C314AF32CAA48629245C0
:1027500099920ABF0DCE42AC1C4CC36A2826430294
:10276000C00FD642AC38C7B42809C56110C500C136
:102770000FD642BC3007B52809C56110C500C20F8D
:10278000D6422C2DCA212D4A4271184431C30FD68E
:10279000421CC90E6951128AC3208A01C40FD64255
:1027A0009CA81DD2A2241487411403C50FD6422C25
:1027B0002DCA442D4A4271184431C6134F421C653C
:1027C00088B2288BB26819B2288BB26808C70DDEB0
:1027D0003A9C2109D51E9321AC01C80FD642AC38D2
:1027E0004786214D87284D8701C90FD642BC3087C7
:1027F00086214D87284D8701CA0FD6422C2DCA87C6
:10280000214D87284D8701CB0ED6429CA87D18D23A
:102810007488D27418CC0BD5429C341FA4B0D3203A
:10282000CD0BD542BCFA20859D0601CE0BD5422C9E
:10283000A93A4861A741CF0CD5428C4C4B0729ECF3
:102840003408D0134F429C212B8549386449988421
:1028500049160D1100D11157421C298974281D9564
:102860004C8AB4445C03D20E5742AC3C070725F5B2
:102870009A0C0A00D30E5742CC34070725F59A0C60
:102880000A00D40E57423C31CAA14149BD268302F9
:10289000D50F57421C2989746C5052AFC9A000D67D
:1028A0000F57429C2CCA72685052AFC9A000D70C77
:1028B000B6468C308932518B9230D814DE3EDC64BF
:1028C00048B229911225522225DA92214901D90CC8
:1028D000D6429C3887421F932101DA0CD642BC3085
:1028E00087421F932101DB0CD6422C2DCA431F9334
:1028F0002101DC0CD6429CA83DF431191200DD0BFD
:10290000D542BC7AA625B5B009DE0DCE428C7450F6
:1029100042E3B0A45500DF10CE429C294BB224AA5A
:102920006491125A1600E00ECE42AC3887863819F0
:10293000464D5902E10DCE42CC3A34C4C9306ACA80
:1029400012E20FCE422C2DCA91214E865153960091
:10295000E30ECE421CC98E0C71328C9AB204E40E86
:10296000CE429CA81D19E26418356509E50FD642D0
:102970002C2DCA7468889361D49425E60E37421CC6
:1029800063940C4A9445150B00E70DC63A9C210947
:10299000D56232843500E80FCE42AC388786241CDD
:1029A00006354C8604E90FCE42BC30C786241C068F
:1029B000354C8604EA10CE422C2DCA91210987415C
:1029C0000D932101EB10CE429CA81D19927018D4D2
:1029D00030191200EC0BCD429C3447C44E8300EDFD
:1029E0000BCD42AC2C87C44E8300EE0ACD421CA90D
:1029F0002E761A04EF0BCD428C288972B1D320F0C9
:102A000010D6429C28D392381A92D031191200F174
:102A10000BCE421CC99E2C9AE818F20DCE429C386F
:102A2000C78624744C8604F30DCE42BC30C786247E
:102A3000744C8604F40ECE422C2DCA9121091D93AC
:102A40002101F50ECE421CC98E0C49E8980C0900F4
:102A5000F60ECE429CA81D1992D031191200F70A29
:102A6000BD46AC301FF43002F80FC63EDC6448B2FD
:102A70002951A22D199214F910CE429C3887B22404
:102A80004BB2244BB26809FA10CE42BC3087B22454
:102A90004BB2244BB26809FB10CE422C2DCAB32492
:102AA0004BB2244BB26809FC11CE429C5A92235976
:102AB000922559922559B404FD0FDE3ABC30874265
:102AC000376549C5644800FE0ED63A8CB4B268A298
:102AD000B8294B9A02FF0EDE3A9CA83D74539654D7
:102AE0004C860400000004FFFF00000800030304FC
:102AF0000501010508130000130013000000000089
:102B0000009C300B38CF221DC4FAFFF920310F385A
:102B1000CF221DC4FA7FA14828E28300321338CFA8
:102B2000221DC4FA2F1409452CA14828E283003342
:102B30001738CF221DC4FA8522A188251409452CF7
:102B4000A14828E28300341B38CF221DC4BA502488
:102B500014B18422A188251409452CA14828E283B8
:102B600000351F38CF221DC4128A842296502414A7
:102B7000B18422A188251409452CA14828E28300AC
:102B8000361738CF221DC4DA42B2905E28128A4826
:102B9000A7982826563E08370500CE0000000004FE
:102BA000FFFF00006000030304050406060F170082
:102BB000FC10FC1000020A040005FF20060010545F
:102BC000012108021534F1A144220934B655219996
:102BD0008802231E08135427114D449291642491B6
:102BE0001C0E928948E57090A8496412D144A4044F
:102BF000241448D3532796D22CA322799F89A589E0
:102C00008D2A9601251808135423B348282255B15C
:102C1000AA582A5615A94822129B04002617081301
:102C200054372CC9243289783A244A641209C9CD10
:102C3000343919270732B4355101281004175415B7
:102C400093885444FA26128D220029100417541335
:102C50009289D444FA22928C42002A127872552723
:102C60008C48228710E91089488232002B0C667448
:102C70005425141D4A4211002C0732F43341092D0A
:102C80000726B45471282E06221434412F14081339
:102C9000542D9D8AA553B154AC2A964EC5D2290015
:102CA000300F08135445B38C8AFCC7D2C446023196
:102CB0000B041754253A5044FA1F32140813544594
:102CC000B38C8A6C53E9702A9DAA4E0F0701331208
:102CD000081354F1209DAAAE92C79A4B131B09000A
:102CE000341208135427156B156B11E9743808C595
:102CF0004A003513081354F14056365D4645B1324B
:102D0000B134B19100361408135445B38C8A64B1C0
:102D1000E9322A722C4D6C24003713081354F14009
:102D2000A44DC5AA53B174552C9D0A01381508133A
:102D30005445B38C8A8CA589C9322A32962636121C
:102D400000391408135445B38C8A1C4B9393594C87
:102D50002C4D6C24003A089254344187113B09A24F
:102D60003434418751023C0D95765C19932C0567EC
:102D70004361003D0967545CF10E3F1C3E0E9576A1
:102D80005C1114CE86A1C95210003F12081354459D
:102D9000B38C8A62E970AAAC3B5C2C0340293E9359
:102DA00083693F4487B3B964542299484A242592E1
:102DB000124989A444522229910EA643680E9D43CC
:102DC0000FE2430800411308135427160F7994C8E3
:102DD00024229D4C17199128421408135451BBC842
:102DE00024426E12D34556E426B9D400431008138A
:102DF0005445B38C8A64FDB134B19100440F08137B
:102E00005461BAC88AFC6F87890900450F081354BA
:102E1000F140D6D96412EB7C3808460E081354F101
:102E200040D6D96412EB3300471108135445B38CD4
:102E30008A649D1C194B939301480D08135421E497
:102E4000C7C3C1C88F024908021534F103014A0DF6
:102E5000081354ADFF99589AD848004B1A081354D8
:102E600021AB494413918AAC469C4E8935894CA4C8
:102E700034914964034C0B08135421D6FFF3E1202D
:102E80004D13081354212C391D7E904828128A8432
:102E9000C8A3004E1308135421ACB5994C178A846B
:102EA00022A19CDC3A0A4F0F08135445B38C8AFCCC
:102EB000C7D2C44602501108135451BBC82442DE85
:102EC00024979A58CF00510E08135445B38C8AFCAE
:102ED000C7D2E464521508135451BBC82442DE24FF
:102EE0001793DE2432894C2214531108135445B32E
:102EF0008C8AE47D269626361200540C081354F171
:102F00002013EBFF0D00550D08135421E4FFB134DD
:102F1000B19100561708135421244A64129944A40D
:102F200037894C22AB11A95B6500571107155C214D
:102F3000E34B8412A14428875F5C0658150813549C
:102F40002194C824226D12598DC8B13411E98D28FD
:102F5000591708135421948826225D6644E2742C84
:102F6000154BA762E914005A15081354F120968AEC
:102F7000A562A9582A968AA5E2C341005B0B0517F2
:102F80005471A8E97F3B0C5C110715542155964AF2
:102F9000A7AA53D5A9EA54005D0B0515547198E909
:102FA0007F3B145E0936145625A388045F071AF088
:102FB000537118600833F8552111096115C9125C65
:102FC00037AD29C9E432D34528114A84A243882267
:102FD000621108135421D66CBA8C8A7C2C1D2626CB
:102FE000006310C8125445B38C8A641D4B131B092F
:102FF00000640F081354AD93E5302AF2B134391947
:103000006512C8125445B38C8AC4C3C12C1E4D6CC2
:103010002400660F08135447336956BCDCC4FA1108
:1030200000671608935365398C8AC4D2C454138B35
:103030002D8721F130B100680E08135421D66CBAE7
:103040008C8AFCA300690C03133421914BF42F13D9
:10305000016A0F469553A98E24D4FF483A442800AC
:103060006B1808135421D6AD26114D442A3289AC71
:103070006D229A4C6412D9006C0B04133421D2FFD8
:103080001365006D1BCE128461221D2C2352514802
:1030900014128544215148141285442151016E0CAB
:1030A000C8125461BA8C8AFCA3006F0FC812544531
:1030B000B38C8A7C2C4D6C2400701108935361BA38
:1030C0008C8A7C2C1D2626B16600710F08935365EF
:1030D000398C8A7C2C4D4E661D720BC61244F11041
:1030E00021EA8F007310C7124C35ABC89889641A57
:1030F0004D521B01740E05133C23D37498C8F41B66
:103100006900750CC8125421E41F4B939301761388
:10311000C8125421244A6412D144A43789AC4664AD
:10312000027720CE12842114126712D94C22A249B0
:1031300044242592524526D14692C84844129144CF
:10314000027814C81254219488262219912A9612C2
:1031500069222D4201791B0893532393C82432918D
:103160006424914964129944489C6E8B8C8A430074
:103170007A11C81254F1201D4EA5C3A974383D1C04
:10318000047B1026D553291B09751BCD8643BD0E24
:10319000057C0842D953F187027D1026D553215C66
:1031A000D4EB6C24D46D3413027E0929D2547108F7
:1031B0001D027F060010540100000004FFFF000004
:1031C0006000040405060406061B2900F91CF91B0F
:1031D00000036A06D60A39200600405006210D84F5
:1031E0005B50857FD078C41011002211A8E85B8E57
:1031F0004021861819214448181100233B8E535052
:103200002622848810224288082122A3888C1A4210
:1032100088082122241E7CB0660821228488107927
:10322000F0C10A22848810224288082122A38690B5
:103230001A428808210024286E544E2EA2B43CA5C0
:1032400086092112C430A59668A5262DAD942CD1EF
:1032500073C890912044848DB2834469050025355C
:103260008E53509651240A8D383362121247C61479
:10327000213486E850A26387121D4AE950A2638771
:10328000121D4A66109132434E101931CD894125E5
:10329000480D0126298E5350AE72A8142D21448466
:1032A000D410A2D412255AD01C32642486912081D5
:1032B000640412363B5A6382CD22550A270BA3D8E9
:1032C0005B8D1026448400281C676B50264164885F
:1032D00090214286CCA031F41F0D2243880C21326C
:1032E000848200291E68EB508E41A4488D22446AD6
:1032F000142152734568D48C281A440D2142C3040A
:10330000012A178BE179A68183840C7990E4D0118E
:10331000174986081A3808002B0F6BE1721E7234A9
:103320007AF0C00D398A002C09A3D84F0513422228
:103330002D088BE074860F1C2E0A64D8508511244A
:1033400044002F1E8E5350569244A9244A2551A260
:1033500043291D4AE9502A895249944AA254120528
:1033600030188E53502673A8D4B028940CFFFF5900
:10337000A2126C54A1330400310F886B50266AAA44
:1033800078B08210FDFF1F32238E5350AE72A8D446
:10339000B028448218CECE9108479228499225A998
:1033A0002C4929494A493EF86001331F8E53508603
:1033B0001FAC244A92529294963C87B22C51FA2424
:1033C0001C2A124D16A52B0500341D8E5350AEA19C
:1033D000341D4AD3A1341D4A09212284C6D09B073B
:1033E0001FAC234A3700351E8E5350863FA5A76B6E
:1033F00098B42844821832A2748A0C59A2126C54D0
:10340000A133040036208E53502673A8D4B02894DC
:103410000C539AAE61D2A2100962F8B34425D8A821
:1034200042670800371C8E5350863F434582145133
:103430002A89D292282D89525992289544690600EA
:1034400038238E53502673A8D4B0284482183E4B9C
:1034500044848D22354C08912086CF129560A30AB2
:103460009D210039218E53502673A8D4B028940C86
:103470007F46825089266C96D21419B24425D8A86A
:10348000426708003A0BE3D9520513E2019B103B57
:103490000D43DA500D14E1419B1012013C1609EA6C
:1034A000523E61A3C8942144D5B06194952A466CDC
:1034B0009C003D0D4D5972861F9C07FBE083033E27
:1034C0001509EA528680C3282B55D94465CA10A233
:1034D0006A5840003F1C8E53502673A8D4B02894DD
:1034E0000C19512A0B564953FA7B08C70E160600D1
:1034F000405139D4ACCFF36D5F3E1057B254D9323E
:10350000A58B90424264549A1184D4A05983861AA0
:1035100034D4A0A1060D3568A841430D1A6AD050D5
:1035200083861A34D4A0A106CD83430F828C7243C4
:103530008A4CA1F2C0CA032B0FEC81C807415F334C
:103540000241288E53502EA2B4346877C8301B3203
:103550006CC8B021A3881022428808A189D430E128
:1035600064D890612388614600422D8E5350865462
:103570006B983021458214096223888D203682148D
:1035800009522498AC59C3845009522488E1572425
:10359000983051840C00431A8E53502673A8D4B02F
:1035A00028940C53FAFF0C592A126C54A1330400CE
:1035B00044178E535006456B98B420950CFFFFAB13
:1035C000072398AC51040045138E5350863FA59FA6
:1035D0002A5AB30D51FAE9830F1646118E535086BD
:1035E0003FA59F2A5AB30D51FA9F02471B8E535095
:1035F0002673A8D4B028940C53FA66CFF059A212BF
:103600004DD82C32310048108E53500662F83F7B63
:10361000F00362F83F234909845B5085FFC1014AEA
:10362000138E535056FAFF3F45862C510936AAD0C7
:1036300019024B318E53500662A848102A4188085F
:10364000193A214482140952C8909D3368C373C843
:10365000909120458214114244CAD08808A112A436
:103660004810234C0E8E535006A2F4FFFFD3071FC1
:103670002C4D218E535006629825D26809270FFEE3
:10368000A004091424500C4122048910246190E103
:10369000CF084E1F8E5350066298A54AA548A33501
:1036A0006B98708282040A124878B391AE32C38C50
:1036B000004F188E53502673A8D4B028940CFFFFE7
:1036C00059A2126C54A1330400501E8E53508654DC
:1036D0008A9830215482140962F88A04A1124C9805
:1036E00028424694FE530051168E53502673A8D498
:1036F000B028940CFFFF59A2126C162D52522E8E38
:10370000535006648A983021458254327C368214A4
:1037100009264C14292233880C1D8D214484101154
:1037200052434891204582D8086204531C8E53505E
:103730002673A8D4B028940C53A2F59F1245862C6A
:10374000510936AAD01902540E8E5350861FAC224E
:103750004AFFFFBF0255138E53500662F8FFFF5910
:10376000A2126C54A133040056348E53500662C822
:10377000480C23316CC8B021A48610224288CC208A
:103780003283069119448410115243480D19466240
:10379000188961E8AE3368652D899202572B8E53E4
:1037A000500662F83312C3480C1B3226C824422646
:1037B000113205892123480C19416208FF0D11427D
:1037C0004408112134090058368E53500662C84807
:1037D0000C1B4288082132830611214484D4906155
:1037E00023886167D076C8909118366414114244DA
:1037F000084D4388082122C34610434600592C8EA9
:1038000053500662C8868C22428808A131148D214B
:10381000448214096223889D3B67B24AA25412A5D0
:103820009228D1A1940E250A005A228E5350861F49
:103830002C254994245192444912254994245192AB
:1038400044491225499424D1071F2C5B0F886B50E3
:10385000860F0CD1FFFFE8C103015C228D5B50860F
:10386000A124890E2549742849A2242925492949DA
:103870004A49121D4A92E850924487125D0F886BA4
:1038800050860F04D1FFFFE8C103035E0EAAE05E7D
:103890001E52665010193168005F0852404F860F63
:1038A0000C600CC7685D064284464D34006127B049
:1038B0005290AE92C9562D2245861419528429532E
:1038C000C4A60D0A22C4881023428C0831322F9ED0
:1038D00038322400621A8E535006A2F4A9A2354C45
:1038E0005A144A86FF59A2072398AC510400631961
:1038F000AE52502673A8D4B028940C53FA19B2448F
:1039000025D8A84267080064178E535056FA919A3A
:10391000252C1E0C4A86FF59A2124DD82C52651C2C
:10392000AE52502673A8D4B028940CB3073F204A57
:10393000B330854AB05185CE100066168E5350B60E
:1039400082C752291A4329DD31E11551FA7F070058
:1039500067248ED34C26354B583C18940C67894A03
:10396000B0518519514ACFA961F16018660F46B070
:103970005185060068138E535006A2F4A9A2354C57
:103980005A144A86FF3F236913865B700D311385F5
:10399000074784FEFFC4441132036A176BE44C46A8
:1039A00081538687981CFDFFBF433342499A538455
:1039B000006B2C8E535006A2F433542448912044BB
:1039C000840C9D1022428804A954C852A552A4A870
:1039D000089922640811214582140962046C0F873A
:1039E00053700532F4FFFF9B1346CA106D35B85271
:1039F0009007558596247980E2812353C8C81D23FA
:103A0000778CDC3172C7C81D23778CDC3172C7C854
:103A10001D23778CDC3172C7C81D23778CDC317293
:103A2000036E11AE525006456B98B428940CFF7F7C
:103A300046006F17AE52502673A8D4B028940CFFDE
:103A4000B34425D8A842670800701A8ED34C0645A7
:103A50006B98B428940CFFB3440F463059A38828C0
:103A60007D0A0071178ED34C26354B583C18940CA8
:103A7000FFB344259AB059A4947E720DAB52D08501
:103A80001F104147FFBF037323AD5210A66288D4B5
:103A9000AC204482D40852480BA64A8692E80852C9
:103AA000A8461022B24411BA42007414894B701512
:103AB00052F4CD83074648D1FFD51943A5087511A7
:103AC000AE52500662F8FFB344259AB059A400766E
:103AD00027AE525006629891183664D810424408B6
:103AE00011214466D08C881022428808A921C386FF
:103AF0000CC39D418B00774DB952900762E49091C1
:103B00001B41ACD89061A5880C2B45849029228458
:103B10004C8D217468A23384069D214484C41842CC
:103B200044488C194584049161438690203664088A
:103B30000962684610433362DCA183860E1A3A6834
:103B4000CA10007829AE5250066224860D214466C0
:103B5000D02022A4860C4367D024512A0D9A4336E4
:103B600064141142D31022326C04310279318ED3A5
:103B70004C0E52444611194584D0184263281A430A
:103B8000680C2122A3888C22416C04B111C4CE5D43
:103B90006861C94A290B330C552A8404017A17AE8F
:103BA0005250861FAC245992CA8225A92C496549D6
:103BB000920F3E587B1E0A644EBE51850C1522465C
:103BC0003F1B46A8143162E5C88D2346BF2B65AA6A
:103BD000DC007C09647C4E86FF07057D1F0A644E6D
:103BE0008671C44A1923378E187D37CE1845A586AD
:103BF000D1CF861132548AD838007E0EAF50548609
:103C000041659A78334A08007F060040500600005C
:103C10000004FFFF000000000DC1010895C101086C
:103C200015C101081815E215A215A115C0154015FA
:103C30002C152E152F151015A61581151E15AE194C
:103C4000FF1815A115C019FF1815A015C819FF18E0
:103C500015A415AF19FF1815AE15A519FF00000022
:103C6000000196320101327800093D00000428501D
:103C70001008040080004000000000009C3C040884
:103C800031C8010845C8010862617369635F696FE3
:103C9000733A3A636C65617200000000004E0408DC
:103CA000A83C0408CC3C040853743962617369630E
:103CB0005F696F73496353743131636861725F7414
:103CC000726169747349634545000000A04D0408A2
:103CD000D43C0408537438696F735F626173650084
:103CE00000000000CC3C0408F9C9010835CA0108ED
:103CF00053743974696D655F62617365000000001B
:103D0000A04D0408F03C0408537431306D6F6E65AB
:103D1000795F626173650000A04D0408083D0408E6
:103D2000537431336D657373616765735F6261737B
:103D300065000000A04D0408203D04085374313292
:103D4000636F64656376745F626173650000000091
:103D5000A04D04083C3D04085374313063747970FD
:103D6000655F626173650000A04D0408583D04085A
:103D700000000000444004083DCE010859CE01086F
:103D8000BFCE01083DCF01081DCB01080000000097
:103D90008840040831BB020855BB020803CB010868
:103DA0000BCB0108D5CD0108E7CD0108F9CD0108FD
:103DB00000000000504004082DCC0108EBCC0108A5
:103DC0007B06020855060208A10B02082D0F020807
:103DD000B912020879170208A51B02085901020846
:103DE000D901020859020208DF120208000000008F
:103DF0005C40040841CC0108FDCC010885E80108BD
:103E000065E80108DBEA0108C9EC010829EE0108B0
:103E100091F00108FDF20108FDEA01080000000030
:103E20000040040855CC01080FCD01080000000037
:103E3000E83F04086DCE0108ADCE01080000000087
:103E4000C83F040835B8020859B80208A5CA0108D5
:103E5000ABCA01088DCD01089FCD0108B1CD010885
:103E6000C3CD0108B1CA0108B7CA0108DDCA0108FB
:103E700000000000A83F04086DB8020891B80208CD
:103E800047CA01084DCA010845CD010857CD0108B0
:103E900069CD01087BCD010853CA010859CA010840
:103EA0007FCA010800000000684004080DCE010828
:103EB00029CE010817CB0108B9B602081BCB0108AF
:103EC0000000000024400408000000000000000082
:103ED00001A0020801A0020801A0020801A0020836
:103EE00001A0020801A0020801A0020800000000D1
:103EF000C0400408C5CB0108B5CC010875260208EE
:103F0000FD26020800000000CC400408D9CB0108BF
:103F1000C7CC0108BDE50108DDE60108000000008E
:103F2000B440040869CC010821CD010825F301083B
:103F300000000000944004087DCC010833CD010846
:103F400013CB0108CB1B0208331C02089B1C020880
:103F5000371D0208D51D0208000000000C400408AF
:103F600035CB010891CC010800000000184004087E
:103F70007DCB0108A3CC010800000000F43F040839
:103F8000EDCB0108D9CC0108256D2F25642F2579AB
:103F90000025483A254D0025483A254D3A2553003D
:103FA000252E2A4C66000000784E0408D8400408EC
:103FB0000000000002000000804F04080200000022
:103FC000183D040802000000784E0408EE40040882
:103FD0000000000002000000804F04080200000002
:103FE000183D040802000000004E040804410408C3
:103FF000804F0408004E040817410408804F04084D
:10400000004E04082F410408804F0408004E0408A5
:1040100048410408804F0408004E04086641040823
:10402000804F0408784E0408844104080000000012
:1040300002000000804F040802000000503D040808
:1040400002000000004E0408B0410408804F04083C
:10405000004E0408BE410408804F0408004E0408C6
:10406000F8410408804F0408784E040832420408DE
:104070000000000002000000804F04080200000061
:10408000343D040802000000004E040841420408C8
:10409000804F0408784E04085042040800000000D5
:1040A00002000000804F040802000000003D0408E8
:1040B00002000000004E04088B420408804F0408F0
:1040C000004E0408C6420408804F0408004E04084D
:1040D00002430408804F0408537431306D6F6E65DD
:1040E0007970756E637449634C6230454500537452
:1040F00031306D6F6E657970756E637449634C62B3
:1041000031454500537431315F5F74696D65707579
:104110006E637449634500537431365F5F6E756D2D
:1041200070756E63745F63616368654963450053CE
:104130007431375F5F74696D6570756E63745F634A
:104140006163686549634500537431385F5F6D6F23
:104150006E657970756E63745F63616368654963EA
:104160004C6230454500537431385F5F6D6F6E654A
:104170007970756E63745F636163686549634C62EF
:1041800031454500537432335F5F636F6465637616
:10419000745F61627374726163745F6261736549B5
:1041A000636331305F6D6273746174655F74450081
:1041B000537437636F6C6C61746549634500537465
:1041C000376E756D5F676574496353743139697310
:1041D000747265616D6275665F6974657261746F32
:1041E00072496353743131636861725F74726169DB
:1041F00074734963454545005374376E756D5F7040
:1042000075744963537431396F73747265616D628B
:1042100075665F6974657261746F72496353743156
:1042200031636861725F7472616974734963454593
:1042300045005374386D65737361676573496345F1
:10424000005374386E756D70756E63744963450004
:1042500053743874696D655F67657449635374316D
:10426000396973747265616D6275665F69746572D0
:1042700061746F72496353743131636861725F7442
:1042800072616974734963454545005374387469B4
:104290006D655F7075744963537431396F737472EF
:1042A00065616D6275665F6974657261746F72498C
:1042B0006353743131636861725F747261697473DE
:1042C0004963454545005374396D6F6E65795F6785
:1042D00065744963537431396973747265616D62D1
:1042E00075665F6974657261746F72496353743186
:1042F00031636861725F74726169747349634545C3
:1043000045005374396D6F6E65795F7075744963DC
:10431000537431396F73747265616D6275665F696C
:1043200074657261746F724963537431316368618B
:10433000725F74726169747349634545450000009A
:10434000544304086843040804000000000000000F
:1043500070430408592802089D280208FCFFFFFF4B
:10436000FCFFFFFF7043040879280208AF28020809
:10437000784E040888430408000000000100000093
:104380009C3C040803F4FFFF536F006E6F742065BC
:104390006E6F75676820737061636520666F722049
:1043A000666F726D617420657870616E73696F6E8F
:1043B0002028506C65617365207375626D69742087
:1043C00066756C6C20627567207265706F72742000
:1043D00061742068747470733A2F2F6763632E675B
:1043E0006E752E6F72672F627567732F293A0A20D8
:1043F000202020000000000050450408392D02084C
:10440000552D0208953302086B310208B12E0208BF
:1044100019300208C5330208392E02087534020823
:10442000552E0208D3330208012D02082334020856
:1044300089310208400000000000000070430408B9
:104440000000000000000000C0FFFFFFC0FFFFFFF2
:104450007043040800000000000000004800000055
:10446000000000005C700408000000000000000074
:10447000B8FFFFFFB8FFFFFF5C70040800000000FA
:104480000000000048000000000000000870040860
:10449000000000000000000040000000F8FFFFFFE7
:1044A000087004080000000000000000B8FFFFFFD3
:1044B000B8FFFFFF087004080000000000000000C3
:1044C000F444040890440408684404087C44040844
:1044D0004044040854440408B8440408A4440408AC
:1044E0001C450408084504084800000000000000BE
:1044F0005C450408293302085533020840000000D7
:10450000F8FFFFFF5C4504083533020867330208F3
:10451000B8FFFFFFB8FFFFFF5C4504084533020802
:104520007933020862617369635F737472696E67DD
:104530003A3A5F4D5F636F6E737472756374206E89
:10454000756C6C206E6F742076616C69640000007D
:10455000004E0408684504081C460408004E040880
:10456000A0450408087004084E5374375F5F6378F1
:10457000783131313562617369635F737472696E6A
:1045800067627566496353743131636861725F7441
:1045900072616974734963455361496345454500D8
:1045A0004E5374375F5F63787831313138626173AD
:1045B00069635F737472696E6773747265616D4964
:1045C0006353743131636861725F747261697473CB
:1045D00049634553614963454545000000000000BB
:1045E0001C460408F9330208113402089533020806
:1045F0009733020899330208AB330208C533020827
:10460000C933020875340208CD330208D3330208D7
:10461000EB33020823340208F1330208A04D0408EA
:10462000244604085374313562617369635F73749F
:104630007265616D62756649635374313163686197
:10464000725F747261697473496345450062617396
:1046500069635F737472696E673A3A636F70790069
:1046600025733A205F5F706F7320287768696368ED
:1046700020697320257A7529203E20746869732D7E
:104680003E73697A652829202877686963682069FC
:104690007320257A75290062617369635F73747290
:1046A000696E673A3A5F4D5F7265706C6163650071
:1046B00062617369635F737472696E673A3A5F4DE2
:1046C0005F7265706C6163655F61757800626173CC
:1046D00069635F737472696E673A3A657261736594
:1046E0000062617369635F737472696E673A3A61FD
:1046F0007070656E640062617369635F7374726980
:104700006E673A3A696E73657274006261736963C9
:104710005F737472696E673A3A7265706C61636553
:104720000062617369635F737472696E673A3A5FBE
:104730004D5F637265617465000000000000000059
:10474000504A04082542020841420208A7420208D2
:104750002D430208093F020800000000104A040827
:10476000000000000000000001A0020801A00208F3
:1047700001A0020801A0020801A0020801A002088D
:1047800001A0020801A0020801A0020801A002087D
:1047900001A0020801A0020800000000944A0408D9
:1047A00005BC020829BC0208F33E0208F93E0208D3
:1047B00051410208CF410208E14102080000000017
:1047C0005C4A040815400208D340020863770208D7
:1047D0003D770208417C0208817F0208C1820208FD
:1047E0002D870208098B02088D7202080D730208DA
:1047F0008D730208E782020800000000684A04087E
:1048000029400208E54002089D5A02087F5A020822
:10481000C55C0208975E0208E55F02082D62020887
:1048200079640208E55C020800000000EC49040815
:104830003D400208F740020800000000D449040887
:10484000554202089542020800000000B4490408DD
:1048500015BA020839BA0208953E02089B3E0208C2
:104860003F41020899410208AB410208BD410208DC
:10487000A13E0208A73E0208CD3E0208000000004B
:10488000944904084DBA020871BA0208373E02087A
:104890003D3E02082D4102086341020875410208AD
:1048A00087410208433E0208493E02086F3E020863
:1048B00000000000744A0408F54102081142020891
:1048C000033F0208C7B60208073F020800000000C5
:1048D000304A0408000000000000000001A00208A7
:1048E00001A0020801A0020801A0020801A002081C
:1048F00001A0020801A0020800000000CC4A040840
:10490000AD3F02089D400208C19502084996020881
:1049100000000000D84A0408C13F0208AF40020866
:10492000095702082158020800000000C04A040884
:104930005140020809410208A16402080000000079
:10494000A04A0408654002081B410208FF3E020815
:104950002F8B0208978B0208FF8B02089B8C0208A2
:10496000398D020800000000F84904081D3F0208C4
:104970007940020800000000044A0408653F02086C
:104980008B40020800000000E0490408D53F0208FF
:10499000C1400208784E0408E44A04080000000000
:1049A00002000000804F040802000000183D0408C7
:1049B00002000000784E0408FA4A040800000000D3
:1049C00002000000804F040802000000183D0408A7
:1049D00002000000004E0408104B0408804F040839
:1049E000004E0408234B0408804F0408004E0408BE
:1049F0003B4B0408804F0408004E0408544B040845
:104A0000804F0408004E0408724B0408804F0408CD
:104A1000784E0408904B04080000000002000000DB
:104A2000804F040802000000683D040802000000F6
:104A3000784E0408AD4B040800000000020000009E
:104A4000804F040802000000503D040802000000EE
:104A5000004E0408D94B0408804F0408004E040897
:104A6000E74B0408804F0408004E0408214C04085A
:104A7000804F0408784E04085B4C040800000000D6
:104A800002000000804F040802000000343D0408CA
:104A900002000000004E04086A4C0408804F04081D
:104AA000784E0408794C0408000000000200000061
:104AB000804F040802000000003D040802000000CE
:104AC000004E0408B44C0408804F0408004E04084B
:104AD000EF4C0408804F0408004E04082B4D0408D6
:104AE000804F0408537431306D6F6E657970756E48
:104AF000637449774C6230454500537431306D6FB3
:104B00006E657970756E637449774C623145450006
:104B1000537431315F5F74696D6570756E6374498C
:104B2000774500537431365F5F6E756D70756E63D7
:104B3000745F636163686549774500537431375F1B
:104B40005F74696D6570756E63745F6361636865DA
:104B500049774500537431385F5F6D6F6E657970CA
:104B6000756E63745F636163686549774C62304555
:104B70004500537431385F5F6D6F6E657970756E87
:104B800063745F636163686549774C6231454500D2
:104B9000537432315F5F63747970655F61627374FF
:104BA000726163745F626173654977450053743263
:104BB000335F5F636F64656376745F6162737472A1
:104BC0006163745F6261736549776331305F6D6201
:104BD00073746174655F744500537437636F6C6CF4
:104BE000617465497745005374376E756D5F67650D
:104BF000744977537431396973747265616D627584
:104C0000665F6974657261746F724977537431318C
:104C1000636861725F747261697473497745454571
:104C2000005374376E756D5F7075744977537431C6
:104C3000396F73747265616D6275665F69746572F0
:104C400061746F72497753743131636861725F7454
:104C500072616974734977454545005374386D65D1
:104C6000737361676573497745005374386E756D6A
:104C700070756E63744977450053743874696D6557
:104C80005F6765744977537431396973747265610C
:104C90006D6275665F6974657261746F724977538E
:104CA000743131636861725F7472616974734977DA
:104CB0004545450053743874696D655F7075744976
:104CC00077537431396F73747265616D6275665FA5
:104CD0006974657261746F724977537431316368B6
:104CE00061725F7472616974734977454545005319
:104CF00074396D6F6E65795F676574497753743188
:104D0000396973747265616D6275665F6974657225
:104D100061746F72497753743131636861725F7483
:104D200072616974734977454545005374396D6FF5
:104D30006E65795F7075744977537431396F737428
:104D40007265616D6275665F6974657261746F72B8
:104D5000497753743131636861725F747261697449
:104D60007349774545450000004E0408744D04081A
:104D7000244E04084E31305F5F6378786162697653
:104D80003131375F5F636C6173735F747970655F36
:104D9000696E666F4500000000000000684D040861
:104DA000659E02087D9E02080FA102080FA102085D
:104DB000E59E0208259E0208CB9E0208919E0208ED
:104DC000599E0208004E0408D04D0408684D04089E
:104DD0004E31305F5F637878616269763132305F7F
:104DE0005F73695F636C6173735F747970655F692A
:104DF0006E666F450000000000000000C44D04080E
:104E000009A0020821A002080FA102080FA10208B0
:104E1000E59E0208259E0208EBA0020867A0020892
:104E200035A00208A04D04082C4E040853743974B0
:104E30007970655F696E666F00000000004E0408BF
:104E4000484E0408684D04084E31305F5F6378783F
:104E5000616269763132315F5F766D695F636C6183
:104E600073735F747970655F696E666F45000000EB
:104E7000000000003C4E040841A1020859A10208AC
:104E80000FA102080FA10208E59E0208259E020854
:104E9000B7A4020811A202086DA102086C6F636139
:104EA0006C653A3A66616365743A3A5F535F637260
:104EB000656174655F635F6C6F63616C65206E61D3
:104EC0006D65206E6F742076616C696400254C6698
:104ED00000000000004E0408EC4E040824400408C2
:104EE000004E0408074F0408304A0408537437631F
:104EF0006F646563767449636331305F6D627374A8
:104F00006174655F744500537437636F64656376DD
:104F10007449776331305F6D6273746174655F7477
:104F20004500000000000000D44E040841A802081B
:104F300069A8020813A8020821A8020813A80208F9
:104F400029A802082DA8020831A8020829A80208E9
:104F500000000000E04E04087DA80208A5A8020891
:104F6000F9A8020821A8020895A90208F7A90208D1
:104F70003DA802080DAA020805AA02084300000085
:104F8000A04D0408884F04084E5374366C6F63615B
:104F90006C653566616365744500020300042D2B62
:104FA000785830313233343536373839616263649A
:104FB000656630313233343536373839414243440F
:104FC0004546002D2B78583031323334353637385A
:104FD00039616263646566414243444546002D3051
:104FE00031323334353637383900474D5400485361
:104FF0005400414B535400505354004D53540043FC
:10500000535400455354004E5354004345540049F3
:10501000535400454554004A5354000047000000D3
:105020004D00000054000000000000004800000097
:105030005300000054000000000000004100000088
:105040004B0000005300000054000000000000006E
:105050005000000053000000540000000000000059
:105060004D0000005300000054000000000000004C
:105070004300000053000000540000000000000046
:105080004500000053000000540000000000000034
:105090004100000053000000540000000000000028
:1050A0004E0000005300000054000000000000000B
:1050B0004300000045000000540000000000000014
:1050C00049000000530000005400000000000000F0
:1050D00045000000450000005400000000000000F2
:1050E0004A000000530000005400000000000000CF
:1050F000947801209C8801207878012090880120F4
:1051000080780120988801209C780120A4880120C3
:1051100098780120A0880120A4780120AC88012083
:10512000A0780120A88801207C78012094880120A3
:10513000F4780120DC880120D8780120D088012073
:10514000E0780120D8880120FC780120E488012043
:10515000F8780120E088012004790120EC88012002
:1051600000790120E8880120DC780120D488012022
:105170000000000000000000747275650066616C3C
:1051800073650000740000007200000075000000EC
:1051900065000000000000006600000061000000E3
:1051A0006C000000730000006500000000000000BB
:1051B000414D00504D0053756E646179004D6F6E26
:1051C0006461790054756573646179005765646E34
:1051D000657364617900546875727364617900461F
:1051E0007269646179005361747572646179005306
:1051F000756E004D6F6E0054756500576564005400
:1052000068750046726900536174004A616E756189
:105210007279004665627275617279004D617263E0
:105220006800417072696C004D6179004A756E6565
:10523000004A756C79004175677573740053657029
:1052400074656D626572004F63746F626572004EC3
:105250006F76656D62657200446563656D62657247
:10526000004A616E00466562004D617200417072D5
:10527000004A756E004A756C004175670053657091
:10528000004F6374004E6F760044656300000000B9
:10529000250000006D0000002F0000002500000028
:1052A000640000002F0000002500000079000000CD
:1052B0000000000025000000480000003A00000047
:1052C000250000004D0000003A000000250000000D
:1052D0005300000000000000410000004D000000ED
:1052E00000000000500000004D0000000000000021
:1052F00053000000750000006E0000006400000014
:105300006100000079000000000000004D00000076
:105310006F0000006E0000006400000061000000EB
:10532000790000000000000054000000750000003B
:1053300065000000730000006400000061000000D0
:105340007900000000000000570000006500000028
:10535000640000006E0000006500000073000000A3
:1053600064000000610000007900000000000000FF
:10537000540000006800000075000000720000008A
:10538000730000006400000061000000790000006C
:1053900000000000460000007200000069000000EC
:1053A00064000000610000007900000000000000BF
:1053B0005300000061000000740000007500000050
:1053C000720000006400000061000000790000002D
:1053D0000000000053000000750000006E00000097
:1053E000000000004D0000006F0000006E00000093
:1053F000000000005400000075000000650000007F
:10540000000000005700000065000000640000007C
:10541000000000005400000068000000750000005B
:10542000000000004600000072000000690000005B
:105430000000000053000000610000007400000044
:10544000000000004A000000610000006E00000043
:10545000750000006100000072000000790000008B
:10546000000000004600000065000000620000002F
:105470007200000075000000610000007200000072
:1054800079000000000000004D00000061000000F5
:1054900072000000630000006800000000000000CF
:1054A0004100000070000000720000006900000070
:1054B0006C000000000000004D00000061000000D2
:1054C00079000000000000004A00000075000000A4
:1054D0006E00000065000000000000004A000000AF
:1054E000750000006C000000790000000000000062
:1054F000410000007500000067000000750000001A
:105500007300000074000000000000005300000061
:1055100065000000700000007400000065000000DD
:105520006D000000620000006500000072000000D5
:10553000000000004F000000630000007400000045
:105540006F000000620000006500000072000000B3
:10555000000000004E0000006F0000007600000018
:10556000650000006D0000006200000065000000A2
:105570007200000000000000440000006500000010
:1055800063000000650000006D0000006200000084
:105590006500000072000000000000004A000000EA
:1055A000610000006E0000000000000046000000E6
:1055B0006500000062000000000000004D000000D7
:1055C00061000000720000000000000041000000C7
:1055D0007000000072000000000000004A0000009F
:1055E000750000006E000000000000004A0000008E
:1055F000750000006C000000000000004100000089
:10560000750000006700000000000000530000006B
:105610006500000070000000000000004F00000066
:105620006300000074000000000000004E00000055
:105630006F00000076000000000000004400000041
:105640006500000063000000000000000000000092
:10565000C8560408000000000000000001A0020875
:1056600001A0020801A0020801A0020801A002088E
:1056700001A0020801A0020800000000A8560408CA
:10568000000000000000000001A0020801A00208C4
:1056900001A0020801A0020801A0020801A002085E
:1056A00001A00208EFBBBF00784E040800570408B1
:1056B0000000000002000000804F0408020000000B
:1056C000503D040802000000784E04082D570408DD
:1056D0000000000002000000804F040802000000EB
:1056E000503D040802000000004E04085A57040808
:1056F000A8560408004E040876570408C856040843
:10570000537432335F5F636F64656376745F6162A5
:105710007374726163745F62617365494469633174
:10572000305F6D6273746174655F744500537432E9
:10573000335F5F636F64656376745F616273747215
:105740006163745F626173654944736331305F6D97
:105750006273746174655F744500537437636F647A
:10576000656376744944696331305F6D6273746157
:1057700074655F744500537437636F646563767452
:105780004944736331305F6D6273746174655F7433
:105790004500000000000000E856040881C502082A
:1057A00095C5020871C60208BDC102089DC3020862
:1057B000C5C10208C9C10208FDC30208CDC1020863
:1057C00000000000F4560408A9C50208BDC502087F
:1057D000D1C50208BDC10208D9C40208C5C102086A
:1057E000C9C1020865C50208CDC102084E5374360E
:1057F0006C6F63616C65356661636574365F5F739A
:1058000068696D4500000000A04D0408EC570408CD
:10581000756E696E697469616C697A6564205F5F31
:10582000616E795F737472696E670063616E6E6F2B
:105830007420637265617465207368696D20666F9A
:105840007220756E6B6E6F776E206C6F63616C6526
:105850003A3A666163657400784E0408585A040841
:1058600000000000020000004440040802000000A4
:1058700008580408020C0000784E04088C5A0408EA
:105880000000000002000000504A0408020000006E
:1058900008580408020C0000784E0408C05A040896
:1058A0000000000002000000684004080200000040
:1058B0000858040802100000784E0408F55A04083D
:1058C0000000000002000000744A0408020000000A
:1058D0000858040802100000784E04082A5B0408E7
:1058E00000000000020000008840040802000000E0
:1058F00008580408020C0000784E04085F5B040896
:105900000000000002000000944A040802000000A9
:1059100008580408020C0000784E0408945B040840
:105920000000000002000000944004080200000093
:105930000858040802080000784E0408C95B0408EF
:105940000000000002000000A04A0408020000005D
:105950000858040802080000784E0408FE5B04089A
:105960000000000002000000C04004080200000027
:105970000858040802080000784E0408345C040843
:105980000000000002000000CC4A040802000000F1
:105990000858040802080000784E04086A5C0408ED
:1059A0000000000002000000CC40040802000000DB
:1059B0000858040802080000784E0408A05C040897
:1059C0000000000002000000D84A040802000000A5
:1059D0000858040802080000784E0408D65C040841
:1059E0000000000002000000A83F040802000000C0
:1059F00008580408020C0000784E0408115D0408E1
:105A00000000000002000000C83F0408020000007F
:105A100008580408020C0000784E04084C5D040885
:105A20000000000002000000944904080200000089
:105A300008580408020C0000784E0408875D04082A
:105A40000000000002000000B44904080200000049
:105A500008580408020C00002A4E537431335F5F6B
:105A600066616365745F7368696D7331325F474C5B
:105A70004F42414C5F5F4E5F313132636F6C6C61FE
:105A800074655F7368696D49634545002A4E5374B8
:105A900031335F5F66616365745F7368696D73312D
:105AA000325F474C4F42414C5F5F4E5F3131326352
:105AB0006F6C6C6174655F7368696D49774545000B
:105AC0002A4E537431335F5F66616365745F736838
:105AD000696D7331325F474C4F42414C5F5F4E5F9F
:105AE0003131336D657373616765735F7368696DB9
:105AF00049634545002A4E537431335F5F666163E5
:105B000065745F7368696D7331325F474C4F424112
:105B10004C5F5F4E5F3131336D65737361676573E1
:105B20005F7368696D49774545002A4E5374313378
:105B30005F5F66616365745F7368696D7331325F5F
:105B4000474C4F42414C5F5F4E5F3131336E756D54
:105B500070756E63745F7368696D49634545002AAB
:105B60004E537431335F5F66616365745F73686958
:105B70006D7331325F474C4F42414C5F5F4E5F3136
:105B800031336E756D70756E63745F7368696D49DE
:105B9000774545002A4E537431335F5F6661636514
:105BA000745F7368696D7331325F474C4F42414C8B
:105BB0005F5F4E5F31313374696D655F6765745F38
:105BC0007368696D49634545002A4E537431335FEC
:105BD0005F66616365745F7368696D7331325F47D7
:105BE0004C4F42414C5F5F4E5F31313374696D659C
:105BF0005F6765745F7368696D49774545002A4E34
:105C0000537431335F5F66616365745F7368696D98
:105C10007331325F474C4F42414C5F5F4E5F3131D1
:105C2000346D6F6E65795F6765745F7368696D4920
:105C3000634545002A4E537431335F5F6661636587
:105C4000745F7368696D7331325F474C4F42414CEA
:105C50005F5F4E5F3131346D6F6E65795F6765747C
:105C60005F7368696D49774545002A4E5374313337
:105C70005F5F66616365745F7368696D7331325F1E
:105C8000474C4F42414C5F5F4E5F3131346D6F6E18
:105C900065795F7075745F7368696D496345450028
:105CA0002A4E537431335F5F66616365745F736856
:105CB000696D7331325F474C4F42414C5F5F4E5FBD
:105CC0003131346D6F6E65795F7075745F736869BB
:105CD0006D49774545002A4E537431335F5F6661E5
:105CE0006365745F7368696D7331325F474C4F420F
:105CF000414C5F5F4E5F3131356D6F6E6579707508
:105D00006E63745F7368696D49634C6230454545E5
:105D1000002A4E537431335F5F66616365745F734D
:105D200068696D7331325F474C4F42414C5F5F4E43
:105D30005F3131356D6F6E657970756E63745F7349
:105D400068696D49634C6231454545002A4E53747C
:105D500031335F5F66616365745F7368696D73316A
:105D6000325F474C4F42414C5F5F4E5F3131356D82
:105D70006F6E657970756E63745F7368696D49776E
:105D80004C6230454545002A4E537431335F5F669F
:105D9000616365745F7368696D7331325F474C4F3F
:105DA00042414C5F5F4E5F3131356D6F6E6579708A
:105DB000756E63745F7368696D49774C62314545F0
:105DC000450000000000000058580408F5CD020806
:105DD00015CE0208D9C902084DDB02081DCB010807
:105DE0000000000078580408B9CF0208D9CF020893
:105DF000BFCB02083DDE0208093F02080000000098
:105E0000985804084DCF02086DCF0208A7CB0208AE
:105E100077DB020899CB020800000000B85804089C
:105E200011D1020831D102088BCD020867DE0208C9
:105E30007DCD020800000000D8580408BDCD02083E
:105E4000E1CD020803CB01080BCB0108D5CD010839
:105E5000E7CD0108F9CD010800000000F85804085A
:105E600081CF0208A5CF0208F33E0208F93E0208DE
:105E700051410208CF410208E14102080000000040
:105E80001859040829CE020849CE0208E9CA0208B6
:105E9000B7CA020885CA020853CA020821CA020802
:105EA000EFC902080000000038590408EDCF0208CD
:105EB0000DD00208CFCC02089DCC02086BCC0208A2
:105EC00039CC020807CC0208D5CB0208000000003C
:105ED000585904085DCE02087DCE0208F5CA0208B2
:105EE00023DC0208000000007859040821D00208D1
:105EF00041D00208DBCC02080DDF020800000000E0
:105F00009859040891CE0208B1CE020863CB02086A
:105F1000D1DC020800000000B859040855D002087E
:105F200075D0020849CD0208BDDF0208000000005C
:105F3000D859040809CF020839CF020847CA010816
:105F40004DCA010845CD010857CD010869CD0108AA
:105F50007BCD010853CA010859CA01087FCA01084C
:105F600000000000F8590408C5CE0208F5CE02086A
:105F7000A5CA0108ABCA01088DCD01089FCD010853
:105F8000B1CD0108C3CD0108B1CA0108B7CA0108E3
:105F9000DDCA010800000000185A0408CDD002082C
:105FA000FDD00208373E02083D3E02082D4102089E
:105FB000634102087541020887410208433E020816
:105FC000493E02086F3E020800000000385A0408EB
:105FD00089D00208B9D00208953E02089B3E02080B
:105FE0003F41020899410208AB410208BD41020845
:105FF000A13E0208A73E0208CD3E02086261736915
:10600000635F737472696E673A3A5F535F636F6E72
:10601000737472756374206E756C6C206E6F74206F
:1060200076616C69640062617369635F737472693D
:106030006E673A3A5F535F637265617465006261CF
:106040007369635F737472696E673A3A61737369F7
:10605000676E0062617369635F737472696E673A39
:106060003A726573697A6500784E04089460040892
:106070000000000002000000804F04080200000041
:10608000683D040802000000004E0408A0600408F7
:10609000104A040853743563747970654963450088
:1060A00053743563747970654977450000000000CA
:1060B00068600408A9EF0208D9EF020811F102088C
:1060C00021F1020841F1020851F10208A1EF020892
:1060D000FBEF0208A5EF0208EBEF0208000000004A
:1060E000886004080DF0020835F0020851F2020839
:1060F0008FF20208D7F20208FDF202080DF2020840
:1061000017F202082FF2020839F2020823F30208FC
:106110002BF3020843F3020869F30208737061630A
:1061200065007072696E7400636E74726C007570D5
:10613000706572006C6F77657200616C70686100E9
:1061400070756E63740078646967697400616C6E61
:10615000756D00677261706800000000000000004B
:10616000BC620408B9F50208D5F5020801F7020877
:106170007BF70208FBF4020800000000E862040854
:10618000A15E0308C55E0308E1F40208E9F4020811
:10619000BFF80208CFF80208DFF80208000000008C
:1061A0009C620408A55B0308C95B030883F402082A
:1061B00089F402087FF802088FF802089FF80208A5
:1061C000AFF802088FF4020895F40208BBF4020845
:1061D000000000007C620408DD5B0308015C03082A
:1061E00025F402082BF402083FF802084FF80208D1
:1061F0005FF802086FF8020831F4020837F4020869
:106200005DF4020800000000C862040889F5020875
:10621000A5F50208F5F402081D5A0308F9F402086E
:10622000000000001463040811F5020825F50208B7
:1062300035180308B718030800000000206304089D
:1062400039F502084DF50208C1010308D902030817
:1062500000000000F462040861F5020875F5020808
:10626000F1F40208E50C0308490D0308AD0D03081D
:10627000730E0308110F0308A90F0308784E0408D2
:106280002C6304080000000002000000804F040896
:1062900002000000183D040802000000784E0408C7
:1062A0004C6304080000000002000000804F040856
:1062B00002000000183D040802000000004E04081F
:1062C0006C630408804F0408784E04088463040853
:1062D0000000000002000000804F040802000000DF
:1062E000343D040802000000004E04089D630408C9
:1062F000804F0408784E0408B663040800000000CC
:1063000002000000804F040802000000003D040865
:1063100002000000004E0408FB630408804F0408DC
:10632000004E040841640408804F04084E5374373B
:106330005F5F637878313131306D6F6E657970757C
:106340006E637449634C6230454545004E53743763
:106350005F5F637878313131306D6F6E657970755C
:106360006E637449634C6231454545004E53743742
:106370005F5F637878313137636F6C6C6174654946
:10638000634545004E5374375F5F63787831313829
:106390006D6573736167657349634545004E53745A
:1063A000375F5F6378783131386E756D70756E6305
:1063B0007449634545004E5374375F5F63787831A5
:1063C000313874696D655F67657449635374313939
:1063D0006973747265616D6275665F697465726117
:1063E000746F72496353743131636861725F7472A0
:1063F00061697473496345454545004E5374375F81
:106400005F6378783131396D6F6E65795F67657478
:106410004963537431396973747265616D6275666D
:106420005F6974657261746F72496353743131636B
:106430006861725F7472616974734963454545456B
:10644000004E5374375F5F6378783131396D6F6E0A
:1064500065795F7075744963537431396F73747201
:1064600065616D6275665F6974657261746F7249AA
:106470006353743131636861725F747261697473FC
:106480004963454545450000784E04088866040880
:106490000000000002000000BC62040802000000CE
:1064A00008580408020C0000784E0408BC66040872
:1064B0000000000002000000946D040802000000CB
:1064C00008580408020C0000784E0408F06604081E
:1064D0000000000002000000C86204080200000082
:1064E0000858040802100000784E040825670408C4
:1064F0000000000002000000A06D0408020000007F
:106500000858040802100000784E04085A6704086E
:106510000000000002000000E86204080200000021
:1065200008580408020C0000784E04088F6704081D
:106530000000000002000000C06D0408020000001E
:1065400008580408020C0000784E0408C4670408C8
:106550000000000002000000F462040802000000D5
:106560000858040802080000784E0408F967040877
:106570000000000002000000CC6D040802000000D2
:106580000858040802080000784E04082E68040821
:106590000000000002000000146304080200000074
:1065A0000858040802080000784E040864680408CB
:1065B0000000000002000000EC6D04080200000072
:1065C0000858040802080000784E04089A68040875
:1065D0000000000002000000206304080200000028
:1065E0000858040802080000784E0408D06804081F
:1065F0000000000002000000F86D04080200000026
:106600000858040802080000784E040806690408C7
:1066100000000000020000007C620408020000008C
:1066200008580408020C0000784E04084169040868
:1066300000000000020000009C620408020000004C
:1066400008580408020C0000784E04087C6904080D
:106650000000000002000000546D04080200000069
:1066600008580408020C0000784E0408B7690408B2
:106670000000000002000000746D04080200000029
:1066800008580408020C00002A4E537431335F5F2F
:1066900066616365745F7368696D7331325F474C1F
:1066A0004F42414C5F5F4E5F313132636F6C6C61C2
:1066B00074655F7368696D49634545002A4E53747C
:1066C00031335F5F66616365745F7368696D7331F1
:1066D000325F474C4F42414C5F5F4E5F3131326316
:1066E0006F6C6C6174655F7368696D4977454500CF
:1066F0002A4E537431335F5F66616365745F7368FC
:10670000696D7331325F474C4F42414C5F5F4E5F62
:106710003131336D657373616765735F7368696D7C
:1067200049634545002A4E537431335F5F666163A8
:1067300065745F7368696D7331325F474C4F4241D6
:106740004C5F5F4E5F3131336D65737361676573A5
:106750005F7368696D49774545002A4E537431333C
:106760005F5F66616365745F7368696D7331325F23
:10677000474C4F42414C5F5F4E5F3131336E756D18
:1067800070756E63745F7368696D49634545002A6F
:106790004E537431335F5F66616365745F7368691C
:1067A0006D7331325F474C4F42414C5F5F4E5F31FA
:1067B00031336E756D70756E63745F7368696D49A2
:1067C000774545002A4E537431335F5F66616365D8
:1067D000745F7368696D7331325F474C4F42414C4F
:1067E0005F5F4E5F31313374696D655F6765745FFC
:1067F0007368696D49634545002A4E537431335FB0
:106800005F66616365745F7368696D7331325F479A
:106810004C4F42414C5F5F4E5F31313374696D655F
:106820005F6765745F7368696D49774545002A4EF7
:10683000537431335F5F66616365745F7368696D5C
:106840007331325F474C4F42414C5F5F4E5F313195
:10685000346D6F6E65795F6765745F7368696D49E4
:10686000634545002A4E537431335F5F666163654B
:10687000745F7368696D7331325F474C4F42414CAE
:106880005F5F4E5F3131346D6F6E65795F67657440
:106890005F7368696D49774545002A4E53743133FB
:1068A0005F5F66616365745F7368696D7331325FE2
:1068B000474C4F42414C5F5F4E5F3131346D6F6EDC
:1068C00065795F7075745F7368696D4963454500EC
:1068D0002A4E537431335F5F66616365745F73681A
:1068E000696D7331325F474C4F42414C5F5F4E5F81
:1068F0003131346D6F6E65795F7075745F7368697F
:106900006D49774545002A4E537431335F5F6661A8
:106910006365745F7368696D7331325F474C4F42D2
:10692000414C5F5F4E5F3131356D6F6E65797075CB
:106930006E63745F7368696D49634C6230454545A9
:10694000002A4E537431335F5F66616365745F7311
:1069500068696D7331325F474C4F42414C5F5F4E07
:106960005F3131356D6F6E657970756E63745F730D
:1069700068696D49634C6231454545002A4E537440
:1069800031335F5F66616365745F7368696D73312E
:10699000325F474C4F42414C5F5F4E5F3131356D46
:1069A0006F6E657970756E63745F7368696D497732
:1069B0004C6230454545002A4E537431335F5F6663
:1069C000616365745F7368696D7331325F474C4F03
:1069D00042414C5F5F4E5F3131356D6F6E6579704E
:1069E000756E63745F7368696D49774C62314545B4
:1069F000450000000000000088640408C51E03086C
:106A0000E51E0308411A0308A32C0308FBF402083F
:106A100000000000A864040889200308A9200308D6
:106A20001F1C0308912F0308BB320308000000005D
:106A3000C86404081D2003083D2003080F1C030838
:106A40004F2D0308011C030800000000E86404083F
:106A5000E121030801220308EB1D03083D30030870
:106A6000DD1D030800000000086504088D1E0308F2
:106A7000B11E0308E1F40208E9F40208BFF80208B5
:106A8000CFF80208DFF802080000000028650408BB
:106A90005120030875200308A5320308AB32030810
:106AA000E93403080737030817370308000000001C
:106AB00048650408F91E0308191F0308511B030841
:106AC0001F1B0308ED1A0308BB1A0308891A0308E1
:106AD000571A0308A90F030800000000686504089E
:106AE000BD200308DD2003082F1D0308FD1C03083B
:106AF000CB1C0308991C0308671C0308351C0308FA
:106B0000A14D030800000000886504082D1F03083C
:106B10004D1F03085D1B0308CD2C03080000000077
:106B2000A8650408F1200308112103083B1D030890
:106B3000BB2F030800000000C8650408611F03089C
:106B4000811F0308CB1B0308612E0308000000000F
:106B5000E86504082521030845210308A91D030849
:106B6000513103080000000008660408D91F03081B
:106B70000920030825F402082BF402083FF8020854
:106B80004FF802085FF802086FF8020831F40208B3
:106B900037F402085DF402080000000028660408CB
:106BA000951F0308C51F030883F4020889F402082F
:106BB0007FF802088FF802089FF80208AFF8020871
:106BC0008FF4020895F40208BBF4020800000000EC
:106BD000486604089D210308CD210308E931030814
:106BE000EF310308C9340308A7360308B736030892
:106BF000C7360308F5310308FB31030821320308C7
:106C00000000000068660408592103088921030870
:106C1000473203084D320308D9340308D736030836
:106C2000E7360308F73603085332030859320308DE
:106C30007F32030800000000946D040879330308D4
:106C40009533030841350308C5350308BB320308F3
:106C500000000000C06D0408755F0308995F030819
:106C6000A5320308AB320308E934030807370308E9
:106C70001737030800000000746D0408855D0308E1
:106C8000A95D0308473203084D320308D9340308CD
:106C9000D7360308E7360308F736030853320308EC
:106CA000593203087F32030800000000546D0408C5
:106CB000BD5D0308E15D0308E9310308EF31030816
:106CC000C9340308A7360308B7360308C7360308D4
:106CD000F5310308FB3103082132030800000000EE
:106CE000A06D04084933030865330308B53203086F
:106CF0002B5A0308B932030800000000EC6D0408A9
:106D0000D1320308E5320308E95503086B5603083E
:106D100000000000F86D0408F93203080D33030881
:106D2000C93F0308D940030800000000CC6D0408E7
:106D30002133030835330308B1320308DD4A030861
:106D4000414B0308A54B03086B4C0308094D03088E
:106D5000A14D0308784E0408046E040800000000EA
:106D600002000000804F040802000000183D0408E3
:106D700002000000784E0408246E040800000000A1
:106D800002000000804F040802000000183D0408C3
:106D900002000000004E0408446E0408804F0408FE
:106DA000784E04085C6E0408000000000200000039
:106DB000804F040802000000343D04080200000077
:106DC000004E0408756E0408804F0408784E0408CD
:106DD0008E6E04080000000002000000804F0408CE
:106DE00002000000003D040802000000004E0408FC
:106DF000D36E0408804F0408004E0408196F04087D
:106E0000804F04084E5374375F5F637878313131B7
:106E1000306D6F6E657970756E637449774C623052
:106E2000454545004E5374375F5F637878313131A3
:106E3000306D6F6E657970756E637449774C623131
:106E4000454545004E5374375F5F6378783131377D
:106E5000636F6C6C61746549774545004E537437B8
:106E60005F5F6378783131386D657373616765731F
:106E700049774545004E5374375F5F637878313109
:106E8000386E756D70756E637449774545004E5365
:106E900074375F5F63787831313874696D655F6727
:106EA00065744977537431396973747265616D62C1
:106EB00075665F6974657261746F72497753743176
:106EC00031636861725F74726169747349774545B3
:106ED0004545004E5374375F5F6378783131396DC3
:106EE0006F6E65795F67657449775374313969737B
:106EF000747265616D6275665F6974657261746FE5
:106F000072497753743131636861725F7472616979
:106F10007473497745454545004E5374375F5F6349
:106F200078783131396D6F6E65795F707574497736
:106F3000537431396F73747265616D6275665F6920
:106F400074657261746F724977537431316368612B
:106F5000725F7472616974734977454545450000F5
:106F6000040000000000000070430408000000005E
:106F700000000000FCFFFFFFFCFFFFFF7043040860
:106F800000000000000000000C00000000000000F5
:106F90005C7004080000000000000000F4FFFFFF28
:106FA000F4FFFFFF5C700408000000000000000018
:106FB000D86F0408946F0408A86F04086C6F040865
:106FC000806F040800700408EC6F04080C000000D7
:106FD0000000000008700408F55703082158030852
:106FE00004000000F8FFFFFF0870040801580308C0
:106FF00033580308F4FFFFFFF4FFFFFF0870040895
:107000001158030845580308784E040828700408EE
:1070100002000000020000005C7004080200000092
:107020007043040802080000536400004070040824
:107030005470040808000000000000005C700408A0
:10704000CD58030801590308F8FFFFFFF8FFFFFFC1
:107050005C700408F158030813590308784E0408BB
:107060007470040800000000010000009C3C04084B
:1070700003F4FFFF53690000BEF3F879EC61F63FBB
:107080001930965BC6FEDEBF3D88AF4AED71F53F15
:10709000A4FCD432680BDBBFB010F0F03995F43F9C
:1070A0007BB71F0A8B41D7BF8503B8B095C9F33FA3
:1070B0007BCF6D1AE99DD3BFA564880C190DF33FF2
:1070C00031B6F2F39B1DD0BFA08E0B7B225EF23F48
:1070D000F07A3B1B1D7CC9BF3F341A4A4ABBF13FC3
:1070E0009F3CAF93E3F9C2BFBAE58AF05823F13F62
:1070F0005C8D78BFCB60B9BFA70099413F95F03F49
:10710000CE5F47B69D6FAABF000000000000F03FB1
:107110000000000000000000AC479AFD8C60EE3FCC
:107120003DF5249FCA38B33FA06A021FB3A4EC3FC9
:10713000BA913854A976C43FE6FC6A573620EB3F33
:10714000D2E4C44A0B84CE3F2DAAA163D1C2E93F49
:107150001C65C6F04506D43FED417803E686E83F5E
:10716000F89F1B2C9C8ED83F624853F5DC67E73FA5
:10717000CC7BB14EA4E0DC3F0B6E49C91676D23F02
:107180007AC675A06919D7BFDDBAA76C0AC7DE3FFA
:10719000C8F6BE484715E7BF2BB82A654715F73F25
:1071A0006C6F673130000000000000006C6F6731C9
:1071B0003066000073717274660000000000000009
:1071C000000000000000F03F748515D3B0D9EF3FF8
:1071D0000F89F96C58B5EF3F515B12D00193EF3F27
:1071E0007B517D3CB872EF3FAAB968318754EF3FBD
:1071F0003862756E7A38EF3FE1DE1FF59D1EEF3F76
:1072000015B7310AFE06EF3FCBA93A37A7F1EE3F9B
:107210002234124CA6DEEE3F2D89616008CEEE3F8F
:10722000272A36D5DABFEE3F824F9D562BB4EE3F6C
:10723000295448DD07ABEE3F85553AB07EA4EE3FBA
:10724000CD3B7F669EA0EE3F745FECE8759FEE3FFE
:107250008701EB7314A1EE3F13CE4C9989A5EE3F45
:10726000DBA02A42E5ACEE3FE5C5CDB037B7EE3F37
:1072700090F0A38291C4EE3F5D253EB203D5EE3F70
:10728000ADD35A999FE8EE3F475EFBF276FFEE3FA3
:107290009C5285DD9B19EF3F6990EFDC2037EF3F73
:1072A00087A4FBDC1858EF3F5F9B7B33977CEF3F55
:1072B000DA90A4A2AFA4EF3F40456E5B76D0EF3FDB
:1072C000000000000000E8429423914BF86AAC3FB4
:1072D000F3C4FA50CEBFCE3FD6520CFF422EE63F4B
:1072E0000000000000003843FE822B654715474030
:1072F0009423914BF86ABC3EF3C4FA50CEBF2E3FA4
:10730000D6520CFF422E963FBEF3F879EC61F63F61
:10731000DEAA8C80F77BD5BF3D88AF4AED71F53F83
:10732000DB6DC0A7F0BED2BFB010F0F03995F43FCE
:10733000673A517FAE1ED0BF8503B8B095C9F33F01
:10734000E92482A6D831CBBFA564880C190DF33F80
:107350005877C00A4F57C6BFA08E0B7B225EF23F04
:1073600000819CC72BAAC1BF3F341A4A4ABBF13FD8
:107370005E0E8CCE764EBABFBAE58AF05823F13F46
:10738000CC1C615A3C97B1BFA70099413F95F03F93
:107390001E0CE138F452A2BF000000000000F03FD4
:1073A0000000000000000000AC479AFD8C60EE3F3A
:1073B0008459F25DAAA5AA3FA06A021FB3A4EC3FBC
:1073C000B42E36AA535EBC3FE6FC6A573620EB3F2C
:1073D00008DB2077E526C53F2DAAA163D1C2E93F8E
:1073E0007047220D86C2CB3FED417803E686E83F29
:1073F000E17EA0C88B05D13F624853F5DC67E73FCB
:1074000009EEB6573004D43FEF39FAFE422EE63F7C
:107410003483B848A30ED0BF6A0BE00B5B57D53F4F
:1074200023410AF2FEFFDFBF2C2066756E6374698C
:107430006F6E3A2000617373657274696F6E2022FB
:10744000257322206661696C65643A2066696C6503
:1074500020222573222C206C696E652025642573FB
:1074600025730A000020202020202020202028280A
:1074700028282820202020202020202020202020F4
:107480002020202020881010101010101010101034
:107490001010101010040404040404040404041064
:1074A00010101010101041414141414101010101F2
:1074B00001010101010101010101010101010101BC
:1074C00010101010101042424242424202020202C8
:1074D000020202020202020202020202020202028C
:1074E000101010102000000000000000000000003C
:1074F000000000000000000000000000000000008C
:10750000000000000000000000000000000000007B
:10751000000000000000000000000000000000006B
:10752000000000000000000000000000000000005B
:10753000000000000000000000000000000000004B
:10754000000000000000000000000000000000003B
:10755000000000000000000000000000000000002B
:10756000000000000000000000000000000000001B
:10757000000000000000000000000000000000000B
:1075800000000000000000000000000000000000FB
:1075900000000000000000000000000000000000EB
:1075A00000000000000000000000000000000000DB
:1075B00000000000000000000000000000000000CB
:1075C000000000000000000030020020504F53492E
:1075D0005800232D302B2000686C4C0065666745F1
:1075E00046470030313233343536373839616263DB
:1075F000646566002573252E2A6400257325302EC8
:107600002A64002B0025326400252E32642F252E9B
:1076100032642F252E326400592D256D2D256400EE
:107620002E2A7500252E336400256C6C6400252EEF
:1076300032643A252E32643A252E326400252B30EE
:10764000336C64252E326C64006E660035000000D9
:10765000CEFBFFFFCB030000010000000000000094
:1076600034000000CEFBFFFFCB0300000100000050
:107670000000000000000000BC89D897B2D29C3CFA
:1076800033A7A8D523F649393DA7F444FD0FA53209
:107690009D978CCF08BA5B25436FAC6428066811B0
:1076A0006152040865520408695204086D520408C6
:1076B00028520408715204087552040879520408CB
:1076C0007D52040881520408855204088952040836
:1076D0000B520408135204081C52040822520408D6
:1076E000285204082C520408315204083652040867
:1076F0003D520408475204084F52040858520408E7
:10770000EF510408F3510408F7510408FB51040831
:10771000FF5104080352040807520408B651040834
:10772000BD510408C4510408CC510408D6510408C2
:10773000DF510408E6510408973F0408883F040815
:107740009C770408B0510408B3510408B1770408C9
:107750000B520408135204081C5204082252040855
:10776000285204082C5204083152040836520408E6
:107770003D520408475204084F5204085852040866
:10778000C9770408CC770408E80A0408E80A040862
:10779000E80A0408E80A0408E80A04082561202524
:1077A000622025652025483A254D3A255320255944
:1077B0000025612025622025652025483A254D3A7F
:1077C000255320255A202559006D640025493A2566
:1077D0004D3A255320257000545A002531305B5E08
:1077E000302D392C2B2D5D256E004D256875256EAD
:1077F0002E256875256E2E256875256E002F256847
:1078000075256E3A256875256E3A256875256E00D2
:107810002500000073000000250000002E0000007D
:107820002A000000640000000000000025000000A5
:107830007300000025000000300000002E00000052
:107840002A00000064000000000000002500000085
:10785000320000006400000000000000250000006D
:107860002E00000032000000640000002F00000025
:10787000250000002E00000032000000640000001F
:107880002F000000250000002E0000003200000044
:107890006400000000000000250000006C000000F3
:1078A0007500000000000000590000002D000000DD
:1078B000250000006D0000002D00000025000000E4
:1078C00064000000000000002E0000002A000000FC
:1078D0007500000000000000250000002E000000E0
:1078E00033000000640000000000000025000000DC
:1078F0006C0000006C00000064000000000000004C
:10790000250000002E00000032000000640000008E
:107910003A000000250000002E00000032000000A8
:10792000640000003A000000250000002E00000066
:10793000320000006400000000000000250000008C
:107940002B00000030000000330000006C0000003D
:1079500064000000250000002E000000320000003E
:107960006C0000006400000000000000626C616EAA
:107970006B000000000000000080E03779C3414345
:10798000176E05B5B5B89346F5F93FE9034F384D85
:10799000321D30F94877825A3CBF737FDD4F157531
:1079A000000000000000F03F000000000000244044
:1079B00000000000000059400000000000408F401F
:1079C000000000000088C34000000000006AF8408A
:1079D0000000000080842E4100000000D0126341AE
:1079E0000000000084D797410000000065CDCD4124
:1079F000000000205FA00242000000E87648374205
:107A0000000000A2941A6D42000040E59C30A242A2
:107A10000000901EC4BCD64200003426F56B0C4317
:107A20000080E03779C3414300A0D88557347643BE
:107A300000C84E676DC1AB43003D9160E458E1431F
:107A4000408CB5781DAF154450EFE2D6E41A4B4494
:107A500092D54D06CFF08044F64AE1C7022DB544D9
:107A6000B49DD9794378EA4405000000190000006C
:107A70007D000000412D46612D66383930313233AA
:107A8000343536375D002B2D007858001F0000007C
:107A90001C0000001F0000001E0000001F0000006E
:107AA0001E0000001F0000001F0000001E0000005C
:107AB0001F0000001E0000001F0000001F0000004B
:107AC0001D0000001F0000001E0000001F0000003D
:107AD0001E0000001F0000001F0000001E0000002C
:107AE0001F0000001E0000001F00000049000000F1
:107AF0004E00000046000000000000006900000089
:107B00006E00000066000000000000004E00000053
:107B1000410000004E000000000000006E00000068
:107B2000610000006E000000000000003000000056
:107B3000310000003200000033000000340000007B
:107B4000350000003600000037000000380000005B
:107B50003900000041000000420000004300000026
:107B60004400000045000000460000000000000046
:107B7000300000003100000032000000330000003F
:107B8000340000003500000036000000370000001F
:107B900038000000390000006100000062000000B1
:107BA0006300000064000000650000006600000043
:107BB0000000000030000000000000002000000075
:107BC0002000000020000000200000002000000035
:107BD0002000000020000000200000002000000025
:107BE0002000000020000000200000002000000015
:107BF00020000000200000002000000030000000F5
:107C000030000000300000003000000030000000B4
:107C100030000000300000003000000030000000A4
:107C20003000000030000000300000003000000094
:107C3000300000003000000030000000496E66692E
:0C7C40006E697479004E614E0000000077
:087C4C00F8B4FB7F0100000009
:107C5400E9000008298B000821E50008DDF9000887
:107C6400AD360108B549010861630108898201083C
:107C740031960108A1270208ED960208511903085C
:047C84000557030895
:047C8800C10000082F
:107C8C000000000001000000040000000024F400CB
:107C9C00AAAAAAAA04FC00200DAF0008BDAE0008D9
:107CAC00C1AE0008C9AE0008C5AE000861AF00083F
:107CBC006DAF0008E9AF000805B00008A5AF0008DB
:107CCC0021B000083DB00008120100020202004081
:107CDC00830440570002010203010000040309045D
:107CEC001A0300000000000000000000000000006B
:107CFC00000000000000000000000A0B0C0D0E013B
:107D0C00000102030405060708090A0B0C0D0E0FEF
:107D1C00340000000B000000F3AF0108ADAF010808
:107D2C00D1AE010800000000C1AD01085DAE010834
:107D3C002DAE010800000000000000000000000053
:107D4C0009AE0108FDAD010815AE010821AE010810
:107D5C0009024300020100C03209040000010202C2
:107D6C000100052400100105240100010424020275
:107D7C000524060001070582030800100904010010
:107D8C00020A0000000705010240000007058102FD
:107D9C004000000009024300020100C03209040047
:107DAC00000102020100052400100105240100015C
:107DBC0004240202052406000107058203080010B2
:107DCC0009040100020A000000070501020002007C
:107DDC0007058102000200000A06000200000040B4
:107DEC000100000009074300020104C0320904002D
:107DFC00000102020100052400100105240100010C
:107E0C000424020205240600010705820308001061
:107E1C0009040100020A00000007050102400000ED
:107E2C000705810240000000C34F04089E4F040860
:107E3C00DE4F0408EA4F0408EE4F0408F24F040822
:107E4C00F74F0408FB4F0408FF4F040803500408C5
:107E5C0033040408075004080B5004080F5004089E
:107E6C0013500408FF4F0408175004081C50040852
:107E7C002C5004083C50040850500408605004086E
:107E8C00705004088050040890500408A050040856
:107E9C00B0500408C0500408D050040870500408B6
:107EAC00E0500408A96E0308010000003002002015
:107EBC000000000088750408A8750408687504089B
:107ECC0000000000000000000000000000000000A6
:107EDC000000000000000000000000000000000096
:107EEC000000000000000000000000000000000086
:107EFC000000000000000000000000000000000076
:107F0C000000000000000000000000000000000065
:107F1C004300000000000000000000000000000012
:107F2C000000000000000000000000000000000045
:107F3C0043000000000000000000000000000000F2
:107F4C000000000000000000000000000000000025
:107F5C0043000000000000000000000000000000D2
:107F6C000000000000000000000000000000000005
:107F7C0043000000000000000000000000000000B2
:107F8C0000000000000000000000000000000000E5
:107F9C004300000000000000000000000000000092
:107FAC0000000000000000000000000000000000C5
:107FBC004300000000000000000000000000000072
:107FCC0000000000000000000000000000000000A5
:107FDC004300000000000000000000000000000052
:107FEC000000000000000000000000000000000085
:107FFC0041AB03084D7603080000000064740408CC
:10800C0076060408E80A0408E80A0408E80A0408E2
:10801C00E80A0408E80A0408E80A0408E80A04085C
:10802C00E80A0408E80A0408FFFFFFFFFFFFFFFF50
:10803C00FFFFFFFFFFFF00000100415343494900D0
:10804C000000000000000000000000000000000024
:10805C0000000000000000000000415343494900AB
:10806C000000000000000000000000000000000004
:10807C00000000000000000000000000EA4F0408AF
:10808C00EA4F04080000000001000000000000009E
:10809C004A0000000000000000000000000000008A
:1080AC0000000000000000000000000000000000C4
:1080BC0000000000000000004A000000000000006A
:1080CC0000000000000000000000000000000000A4
:1080DC000000000000000000000000000000000094
:040000050800AE1130
:00000001FF
